Timestamp,Video Title,Views,View Gain
2026-05-29 13:33:34,[MV] ABM - 'ヤラララ' (YARARARA) feat. 重音テト,1287848,0
2026-05-29 14:31:23,[MV] ABM - 'ヤラララ' (YARARARA) feat. 重音テト,1301752,13904
2026-05-29 15:31:53,[MV] ABM - 'ヤラララ' (YARARARA) feat. 重音テト,1316297,14545
2026-05-29 16:36:07,[MV] ABM - 'ヤラララ' (YARARARA) feat. 重音テト,1336463,20166
2026-05-29 17:27:00,[MV] ABM - 'ヤラララ' (YARARARA) feat. 重音テト,1349463,13000
2026-05-29 18:38:15,[MV] ABM - 'ヤラララ' (YARARARA) feat. 重音テト,1368479,19016
2026-05-29 19:31:52,[MV] ABM - 'ヤラララ' (YARARARA) feat. 重音テト,1388494,20015
2026-05-29 20:35:15,[MV] ABM - 'ヤラララ' (YARARARA) feat. 重音テト,1407064,18570
2026-05-29 21:29:03,[MV] ABM - 'ヤラララ' (YARARARA) feat. 重音テト,1422253,15189
2026-05-29 22:37:54,[MV] ABM - 'ヤラララ' (YARARARA) feat. 重音テト,1444096,21843
2026-05-29 23:54:38,[MV] ABM - 'ヤラララ' (YARARARA) feat. 重音テト,1481110,37014
2026-05-30 02:41:42,[MV] ABM - 'ヤラララ' (YARARARA) feat. 重音テト,1534206,53096
2026-05-30 05:08:35,[MV] ABM - 'ヤラララ' (YARARARA) feat. 重音テト,1570294,36088
2026-05-30 06:09:52,[MV] ABM - 'ヤラララ' (YARARARA) feat. 重音テト,1583111,12817
2026-05-30 08:00:19,[MV] ABM - 'ヤラララ' (YARARARA) feat. 重音テト,1609039,25928
2026-05-30 09:00:20,[MV] ABM - 'ヤラララ' (YARARARA) feat. 重音テト,1624714,15675
2026-05-30 10:00:26,[MV] ABM - 'ヤラララ' (YARARARA) feat. 重音テト,1641273,16559
2026-05-30 11:00:20,[MV] ABM - 'ヤラララ' (YARARARA) feat. 重音テト,1658910,17637
2026-05-30 12:00:21,[MV] ABM - 'ヤラララ' (YARARARA) feat. 重音テト,1677094,18184
2026-05-30 13:00:19,[MV] ABM - 'ヤラララ' (YARARARA) feat. 重音テト,1694908,17814
2026-05-30 14:00:21,[MV] ABM - 'ヤラララ' (YARARARA) feat. 重音テト,1714326,19418
2026-05-30 15:00:28,[MV] ABM - 'ヤラララ' (YARARARA) feat. 重音テト,1732018,17692
2026-05-30 16:00:28,[MV] ABM - 'ヤラララ' (YARARARA) feat. 重音テト,1749763,17745
2026-05-30 17:00:28,[MV] ABM - 'ヤラララ' (YARARARA) feat. 重音テト,1769137,19374
2026-05-30 18:09:03,[MV] ABM - 'ヤラララ' (YARARARA) feat. 重音テト,1787863,18726
2026-05-30 18:30:23,[MV] ABM - 'ヤラララ' (YARARARA) feat. 重音テト,1795211,7348
2026-05-30 19:00:28,[MV] ABM - 'ヤラララ' (YARARARA) feat. 重音テト,1805250,10039
2026-05-30 19:30:29,[MV] ABM - 'ヤラララ' (YARARARA) feat. 重音テト,1814622,9372
2026-05-30 20:00:29,[MV] ABM - 'ヤラララ' (YARARARA) feat. 重音テト,1825852,11230
2026-05-30 20:30:26,[MV] ABM - 'ヤラララ' (YARARARA) feat. 重音テト,1834726,8874
2026-05-30 21:00:28,[MV] ABM - 'ヤラララ' (YARARARA) feat. 重音テト,1847408,12682
2026-05-30 21:30:24,[MV] ABM - 'ヤラララ' (YARARARA) feat. 重音テト,1857599,10191
2026-05-30 22:00:26,[MV] ABM - 'ヤラララ' (YARARARA) feat. 重音テト,1869026,11427
2026-05-30 22:30:24,[MV] ABM - 'ヤラララ' (YARARARA) feat. 重音テト,1880028,11002
2026-05-30 23:00:26,[MV] ABM - 'ヤラララ' (YARARARA) feat. 重音テト,1888837,8809
2026-05-30 23:30:25,[MV] ABM - 'ヤラララ' (YARARARA) feat. 重音テト,1900183,11346
2026-05-31 00:00:31,[MV] ABM - 'ヤラララ' (YARARARA) feat. 重音テト,1910999,10816
2026-05-31 00:30:25,[MV] ABM - 'ヤラララ' (YARARARA) feat. 重音テト,1923255,12256
2026-05-31 01:00:26,[MV] ABM - 'ヤラララ' (YARARARA) feat. 重音テト,1934457,11202
2026-05-31 01:30:23,[MV] ABM - 'ヤラララ' (YARARARA) feat. 重音テト,1940412,5955
2026-05-31 02:00:26,[MV] ABM - 'ヤラララ' (YARARARA) feat. 重音テト,1951179,10767
2026-05-31 02:30:21,[MV] ABM - 'ヤラララ' (YARARARA) feat. 重音テト,1960194,9015
2026-05-31 03:00:28,[MV] ABM - 'ヤラララ' (YARARARA) feat. 重音テト,1967908,7714
2026-05-31 03:30:23,[MV] ABM - 'ヤラララ' (YARARARA) feat. 重音テト,1975654,7746
2026-05-31 04:00:27,[MV] ABM - 'ヤラララ' (YARARARA) feat. 重音テト,1983491,7837
2026-05-31 04:30:26,[MV] ABM - 'ヤラララ' (YARARARA) feat. 重音テト,1990576,7085
2026-05-31 05:00:30,[MV] ABM - 'ヤラララ' (YARARARA) feat. 重音テト,1998382,7806
2026-05-31 05:30:25,[MV] ABM - 'ヤラララ' (YARARARA) feat. 重音テト,2004870,6488
2026-05-31 06:00:30,[MV] ABM - 'ヤラララ' (YARARARA) feat. 重音テト,2011818,6948
2026-05-31 06:30:24,[MV] ABM - 'ヤラララ' (YARARARA) feat. 重音テト,2017099,5281
2026-05-31 07:00:34,[MV] ABM - 'ヤラララ' (YARARARA) feat. 重音テト,2023493,6394
2026-05-31 08:00:25,[MV] ABM - 'ヤラララ' (YARARARA) feat. 重音テト,2036823,13330
2026-05-31 09:00:28,[MV] ABM - 'ヤラララ' (YARARARA) feat. 重音テト,2051775,14952
2026-05-31 10:00:31,[MV] ABM - 'ヤラララ' (YARARARA) feat. 重音テト,2069052,17277
2026-05-31 11:00:28,[MV] ABM - 'ヤラララ' (YARARARA) feat. 重音テト,2084715,15663
2026-05-31 12:00:24,[MV] ABM - 'ヤラララ' (YARARARA) feat. 重音テト,2103278,18563
2026-05-31 13:00:28,[MV] ABM - 'ヤラララ' (YARARARA) feat. 重音テト,2122021,18743
2026-05-31 14:00:30,[MV] ABM - 'ヤラララ' (YARARARA) feat. 重音テト,2140730,18709
2026-05-31 15:00:29,[MV] ABM - 'ヤラララ' (YARARARA) feat. 重音テト,2158932,18202
2026-05-31 16:00:26,[MV] ABM - 'ヤラララ' (YARARARA) feat. 重音テト,2178063,19131
2026-05-31 17:00:26,[MV] ABM - 'ヤラララ' (YARARARA) feat. 重音テト,2196799,18736
2026-05-31 18:00:26,[MV] ABM - 'ヤラララ' (YARARARA) feat. 重音テト,2216667,19868
2026-05-31 19:00:29,[MV] ABM - 'ヤラララ' (YARARARA) feat. 重音テト,2233547,16880
2026-05-31 20:00:28,[MV] ABM - 'ヤラララ' (YARARARA) feat. 重音テト,2254684,21137
2026-05-31 21:00:31,[MV] ABM - 'ヤラララ' (YARARARA) feat. 重音テト,2273782,19098
2026-05-31 22:00:28,[MV] ABM - 'ヤラララ' (YARARARA) feat. 重音テト,2298199,24417
2026-05-31 23:00:26,[MV] ABM - 'ヤラララ' (YARARARA) feat. 重音テト,2320947,22748
2026-06-01 00:00:28,[MV] ABM - 'ヤラララ' (YARARARA) feat. 重音テト,2340142,19195
2026-06-01 01:00:29,[MV] ABM - 'ヤラララ' (YARARARA) feat. 重音テト,2360484,20342
2026-06-01 02:00:27,[MV] ABM - 'ヤラララ' (YARARARA) feat. 重音テト,2378270,17786
2026-06-01 03:00:29,[MV] ABM - 'ヤラララ' (YARARARA) feat. 重音テト,2395573,17303
2026-06-01 04:00:30,[MV] ABM - 'ヤラララ' (YARARARA) feat. 重音テト,2413838,18265
2026-06-01 05:00:27,[MV] ABM - 'ヤラララ' (YARARARA) feat. 重音テト,2429813,15975
2026-06-01 06:00:26,[MV] ABM - 'ヤラララ' (YARARARA) feat. 重音テト,2443116,13303
2026-06-01 07:00:27,[MV] ABM - 'ヤラララ' (YARARARA) feat. 重音テト,2458062,14946
2026-06-01 08:00:28,[MV] ABM - 'ヤラララ' (YARARARA) feat. 重音テト,2474460,16398
2026-06-01 09:00:27,[MV] ABM - 'ヤラララ' (YARARARA) feat. 重音テト,2490996,16536
2026-06-01 10:00:26,[MV] ABM - 'ヤラララ' (YARARARA) feat. 重音テト,2507488,16492
2026-06-01 11:00:26,[MV] ABM - 'ヤラララ' (YARARARA) feat. 重音テト,2521790,14302
2026-06-01 12:00:28,[MV] ABM - 'ヤラララ' (YARARARA) feat. 重音テト,2538336,16546
2026-06-01 13:00:30,[MV] ABM - 'ヤラララ' (YARARARA) feat. 重音テト,2554730,16394
2026-06-01 14:00:31,[MV] ABM - 'ヤラララ' (YARARARA) feat. 重音テト,2571444,16714
2026-06-01 15:00:33,[MV] ABM - 'ヤラララ' (YARARARA) feat. 重音テト,2587155,15711
2026-06-01 16:12:00,[MV] ABM - 'ヤラララ' (YARARARA) feat. 重音テト,2611148,23993
2026-06-01 17:00:33,[MV] ABM - 'ヤラララ' (YARARARA) feat. 重音テト,2627639,16491
2026-06-01 18:00:35,[MV] ABM - 'ヤラララ' (YARARARA) feat. 重音テト,2646029,18390
2026-06-01 19:00:34,[MV] ABM - 'ヤラララ' (YARARARA) feat. 重音テト,2666586,20557
2026-06-01 20:00:36,[MV] ABM - 'ヤラララ' (YARARARA) feat. 重音テト,2689580,22994
2026-06-01 21:00:42,[MV] ABM - 'ヤラララ' (YARARARA) feat. 重音テト,2711997,22417
2026-06-01 22:00:36,[MV] ABM - 'ヤラララ' (YARARARA) feat. 重音テト,2734812,22815
2026-06-01 23:00:37,[MV] ABM - 'ヤラララ' (YARARARA) feat. 重音テト,2755718,20906
2026-06-02 00:00:43,[MV] ABM - 'ヤラララ' (YARARARA) feat. 重音テト,2779171,23453
2026-06-02 01:00:32,[MV] ABM - 'ヤラララ' (YARARARA) feat. 重音テト,2799921,20750
2026-06-02 02:00:30,[MV] ABM - 'ヤラララ' (YARARARA) feat. 重音テト,2820230,20309
2026-06-02 03:00:31,[MV] ABM - 'ヤラララ' (YARARARA) feat. 重音テト,2840090,19860
2026-06-02 04:00:37,[MV] ABM - 'ヤラララ' (YARARARA) feat. 重音テト,2856352,16262
2026-06-02 05:00:30,[MV] ABM - 'ヤラララ' (YARARARA) feat. 重音テト,2871062,14710
2026-06-02 06:00:29,[MV] ABM - 'ヤラララ' (YARARARA) feat. 重音テト,2886735,15673
2026-06-02 07:00:28,[MV] ABM - 'ヤラララ' (YARARARA) feat. 重音テト,2902780,16045
2026-06-02 08:00:29,[MV] ABM - 'ヤラララ' (YARARARA) feat. 重音テト,2921594,18814
2026-06-02 09:00:33,[MV] ABM - 'ヤラララ' (YARARARA) feat. 重音テト,2939556,17962
2026-06-02 10:00:30,[MV] ABM - 'ヤラララ' (YARARARA) feat. 重音テト,2954914,15358
2026-06-02 11:00:32,[MV] ABM - 'ヤラララ' (YARARARA) feat. 重音テト,2970845,15931
2026-06-02 12:00:31,[MV] ABM - 'ヤラララ' (YARARARA) feat. 重音テト,2986578,15733
2026-06-02 13:00:35,[MV] ABM - 'ヤラララ' (YARARARA) feat. 重音テト,3001329,14751
2026-06-02 14:00:32,[MV] ABM - 'ヤラララ' (YARARARA) feat. 重音テト,3018976,17647
2026-06-02 15:00:38,[MV] ABM - 'ヤラララ' (YARARARA) feat. 重音テト,3036329,17353
2026-06-02 16:00:32,[MV] ABM - 'ヤラララ' (YARARARA) feat. 重音テト,3055488,19159
2026-06-02 17:00:34,[MV] ABM - 'ヤラララ' (YARARARA) feat. 重音テト,3076905,21417
2026-06-02 18:00:38,[MV] ABM - 'ヤラララ' (YARARARA) feat. 重音テト,3096274,19369
2026-06-02 19:00:39,[MV] ABM - 'ヤラララ' (YARARARA) feat. 重音テト,3116529,20255
2026-06-02 20:00:40,[MV] ABM - 'ヤラララ' (YARARARA) feat. 重音テト,3140282,23753
2026-06-02 21:00:43,[MV] ABM - 'ヤラララ' (YARARARA) feat. 重音テト,3163723,23441
2026-06-02 22:00:42,[MV] ABM - 'ヤラララ' (YARARARA) feat. 重音テト,3191740,28017
2026-06-02 23:00:38,[MV] ABM - 'ヤラララ' (YARARARA) feat. 重音テト,3216630,24890
2026-06-03 00:00:31,[MV] ABM - 'ヤラララ' (YARARARA) feat. 重音テト,3240164,23534
2026-06-03 01:00:37,[MV] ABM - 'ヤラララ' (YARARARA) feat. 重音テト,3262183,22019
2026-06-03 02:00:36,[MV] ABM - 'ヤラララ' (YARARARA) feat. 重音テト,3283012,20829
2026-06-03 03:00:36,[MV] ABM - 'ヤラララ' (YARARARA) feat. 重音テト,3300378,17366
2026-06-03 04:00:35,[MV] ABM - 'ヤラララ' (YARARARA) feat. 重音テト,3319655,19277
2026-06-03 05:00:30,[MV] ABM - 'ヤラララ' (YARARARA) feat. 重音テト,3335832,16177
2026-06-03 06:00:31,[MV] ABM - 'ヤラララ' (YARARARA) feat. 重音テト,3353379,17547
2026-06-03 07:00:33,[MV] ABM - 'ヤラララ' (YARARARA) feat. 重音テト,3369353,15974
2026-06-03 08:00:30,[MV] ABM - 'ヤラララ' (YARARARA) feat. 重音テト,3385672,16319
2026-06-03 09:00:27,[MV] ABM - 'ヤラララ' (YARARARA) feat. 重音テト,3403946,18274
2026-06-03 10:00:32,[MV] ABM - 'ヤラララ' (YARARARA) feat. 重音テト,3424802,20856
2026-06-03 11:00:31,[MV] ABM - 'ヤラララ' (YARARARA) feat. 重音テト,3444275,19473
2026-06-03 12:00:26,[MV] ABM - 'ヤラララ' (YARARARA) feat. 重音テト,3465378,21103
2026-06-03 13:00:28,[MV] ABM - 'ヤラララ' (YARARARA) feat. 重音テト,3484975,19597
2026-06-03 14:00:29,[MV] ABM - 'ヤラララ' (YARARARA) feat. 重音テト,3507087,22112
2026-06-03 15:00:28,[MV] ABM - 'ヤラララ' (YARARARA) feat. 重音テト,3530677,23590
2026-06-03 16:00:31,[MV] ABM - 'ヤラララ' (YARARARA) feat. 重音テト,3553345,22668
2026-06-03 17:00:32,[MV] ABM - 'ヤラララ' (YARARARA) feat. 重音テト,3574458,21113
2026-06-03 18:00:32,[MV] ABM - 'ヤラララ' (YARARARA) feat. 重音テト,3595958,21500
2026-06-03 19:00:33,[MV] ABM - 'ヤラララ' (YARARARA) feat. 重音テト,3618496,22538
2026-06-03 20:00:38,[MV] ABM - 'ヤラララ' (YARARARA) feat. 重音テト,3642565,24069
2026-06-03 21:00:36,[MV] ABM - 'ヤラララ' (YARARARA) feat. 重音テト,3667767,25202
2026-06-03 22:00:37,[MV] ABM - 'ヤラララ' (YARARARA) feat. 重音テト,3694375,26608
2026-06-03 23:00:36,[MV] ABM - 'ヤラララ' (YARARARA) feat. 重音テト,3722184,27809
2026-06-04 00:00:31,[MV] ABM - 'ヤラララ' (YARARARA) feat. 重音テト,3742975,20791
2026-06-04 01:00:38,[MV] ABM - 'ヤラララ' (YARARARA) feat. 重音テト,3767288,24313
2026-06-04 02:00:36,[MV] ABM - 'ヤラララ' (YARARARA) feat. 重音テト,3788334,21046
2026-06-04 03:00:29,[MV] ABM - 'ヤラララ' (YARARARA) feat. 重音テト,3808472,20138
2026-06-04 04:00:36,[MV] ABM - 'ヤラララ' (YARARARA) feat. 重音テト,3827994,19522
2026-06-04 05:00:26,[MV] ABM - 'ヤラララ' (YARARARA) feat. 重音テト,3846869,18875
2026-06-04 06:00:26,[MV] ABM - 'ヤラララ' (YARARARA) feat. 重音テト,3866543,19674
2026-06-04 07:00:31,[MV] ABM - 'ヤラララ' (YARARARA) feat. 重音テト,3883194,16651
2026-06-04 08:00:29,[MV] ABM - 'ヤラララ' (YARARARA) feat. 重音テト,3904875,21681
2026-06-04 09:00:31,[MV] ABM - 'ヤラララ' (YARARARA) feat. 重音テト,3924243,19368
2026-06-04 10:00:30,[MV] ABM - 'ヤラララ' (YARARARA) feat. 重音テト,3941035,16792
2026-06-04 11:00:35,[MV] ABM - 'ヤラララ' (YARARARA) feat. 重音テト,3959837,18802
2026-06-04 12:00:33,[MV] ABM - 'ヤラララ' (YARARARA) feat. 重音テト,3974920,15083
2026-06-04 13:00:32,[MV] ABM - 'ヤラララ' (YARARARA) feat. 重音テト,3992494,17574
2026-06-04 14:00:32,[MV] ABM - 'ヤラララ' (YARARARA) feat. 重音テト,4006693,14199
2026-06-04 15:00:32,[MV] ABM - 'ヤラララ' (YARARARA) feat. 重音テト,4021989,15296
2026-06-04 16:00:32,[MV] ABM - 'ヤラララ' (YARARARA) feat. 重音テト,4037989,16000
2026-06-04 17:00:34,[MV] ABM - 'ヤラララ' (YARARARA) feat. 重音テト,4066315,28326
2026-06-04 18:00:30,[MV] ABM - 'ヤラララ' (YARARARA) feat. 重音テト,4082039,15724
2026-06-04 19:00:30,[MV] ABM - 'ヤラララ' (YARARARA) feat. 重音テト,4104068,22029
2026-06-04 20:00:31,[MV] ABM - 'ヤラララ' (YARARARA) feat. 重音テト,4138207,34139
2026-06-04 21:00:35,[MV] ABM - 'ヤラララ' (YARARARA) feat. 重音テト,4166449,28242
2026-06-04 22:00:33,[MV] ABM - 'ヤラララ' (YARARARA) feat. 重音テト,4198046,31597
2026-06-04 23:00:35,[MV] ABM - 'ヤラララ' (YARARARA) feat. 重音テト,4221245,23199
2026-06-05 00:00:35,[MV] ABM - 'ヤラララ' (YARARARA) feat. 重音テト,4248373,27128
2026-06-05 01:00:26,[MV] ABM - 'ヤラララ' (YARARARA) feat. 重音テト,4265391,17018
2026-06-05 02:00:28,[MV] ABM - 'ヤラララ' (YARARARA) feat. 重音テト,4292883,27492
2026-06-05 03:00:28,[MV] ABM - 'ヤラララ' (YARARARA) feat. 重音テト,4312363,19480
2026-06-05 04:00:28,[MV] ABM - 'ヤラララ' (YARARARA) feat. 重音テト,4335919,23556
2026-06-05 05:00:33,[MV] ABM - 'ヤラララ' (YARARARA) feat. 重音テト,4362401,26482
2026-06-05 06:00:29,[MV] ABM - 'ヤラララ' (YARARARA) feat. 重音テト,4386730,24329
2026-06-05 07:00:26,[MV] ABM - 'ヤラララ' (YARARARA) feat. 重音テト,4405726,18996
2026-06-05 08:00:26,[MV] ABM - 'ヤラララ' (YARARARA) feat. 重音テト,4428469,22743
2026-06-05 09:00:29,[MV] ABM - 'ヤラララ' (YARARARA) feat. 重音テト,4448452,19983
2026-06-05 10:00:31,[MV] ABM - 'ヤラララ' (YARARARA) feat. 重音テト,4467712,19260
2026-06-05 11:00:30,[MV] ABM - 'ヤラララ' (YARARARA) feat. 重音テト,4487366,19654
2026-06-05 12:00:32,[MV] ABM - 'ヤラララ' (YARARARA) feat. 重音テト,4505520,18154
2026-06-05 13:00:28,[MV] ABM - 'ヤラララ' (YARARARA) feat. 重音テト,4525692,20172
2026-06-05 14:00:29,[MV] ABM - 'ヤラララ' (YARARARA) feat. 重音テト,4545569,19877
2026-06-05 15:00:36,[MV] ABM - 'ヤラララ' (YARARARA) feat. 重音テト,4567982,22413
2026-06-05 16:00:37,[MV] ABM - 'ヤラララ' (YARARARA) feat. 重音テト,4587857,19875
2026-06-05 17:00:35,[MV] ABM - 'ヤラララ' (YARARARA) feat. 重音テト,4617395,29538
2026-06-05 18:00:36,[MV] ABM - 'ヤラララ' (YARARARA) feat. 重音テト,4640809,23414
2026-06-05 19:00:36,[MV] ABM - 'ヤラララ' (YARARARA) feat. 重音テト,4667448,26639
2026-06-05 20:00:38,[MV] ABM - 'ヤラララ' (YARARARA) feat. 重音テト,4696338,28890
2026-06-05 21:00:38,[MV] ABM - 'ヤラララ' (YARARARA) feat. 重音テト,4724576,28238
2026-06-05 22:00:35,[MV] ABM - 'ヤラララ' (YARARARA) feat. 重音テト,4760681,36105
2026-06-05 23:00:31,[MV] ABM - 'ヤラララ' (YARARARA) feat. 重音テト,4789670,28989
2026-06-06 00:00:31,[MV] ABM - 'ヤラララ' (YARARARA) feat. 重音テト,4821064,31394
2026-06-06 01:00:28,[MV] ABM - 'ヤラララ' (YARARARA) feat. 重音テト,4841918,20854
2026-06-06 02:00:30,[MV] ABM - 'ヤラララ' (YARARARA) feat. 重音テト,4872790,30872
2026-06-06 03:00:33,[MV] ABM - 'ヤラララ' (YARARARA) feat. 重音テト,4896327,23537
2026-06-06 04:00:29,[MV] ABM - 'ヤラララ' (YARARARA) feat. 重音テト,4918932,22605
2026-06-06 05:00:28,[MV] ABM - 'ヤラララ' (YARARARA) feat. 重音テト,4940254,21322
2026-06-06 06:00:27,[MV] ABM - 'ヤラララ' (YARARARA) feat. 重音テト,4961594,21340
2026-06-06 07:00:33,[MV] ABM - 'ヤラララ' (YARARARA) feat. 重音テト,4981948,20354
2026-06-06 08:00:26,[MV] ABM - 'ヤラララ' (YARARARA) feat. 重音テト,5002439,20491
2026-06-06 09:00:30,[MV] ABM - 'ヤラララ' (YARARARA) feat. 重音テト,5023928,21489
2026-06-06 10:00:32,[MV] ABM - 'ヤラララ' (YARARARA) feat. 重音テト,5049706,25778
2026-06-06 11:00:26,[MV] ABM - 'ヤラララ' (YARARARA) feat. 重音テト,5074111,24405
2026-06-06 12:00:28,[MV] ABM - 'ヤラララ' (YARARARA) feat. 重音テト,5101062,26951
2026-06-06 13:00:30,[MV] ABM - 'ヤラララ' (YARARARA) feat. 重音テト,5129492,28430
2026-06-06 14:00:30,[MV] ABM - 'ヤラララ' (YARARARA) feat. 重音テト,5155594,26102
2026-06-06 15:00:29,[MV] ABM - 'ヤラララ' (YARARARA) feat. 重音テト,5181346,25752
2026-06-06 16:00:28,[MV] ABM - 'ヤラララ' (YARARARA) feat. 重音テト,5207726,26380
2026-06-06 17:00:26,[MV] ABM - 'ヤラララ' (YARARARA) feat. 重音テト,5233172,25446
2026-06-06 18:00:30,[MV] ABM - 'ヤラララ' (YARARARA) feat. 重音テト,5259720,26548
2026-06-06 19:00:27,[MV] ABM - 'ヤラララ' (YARARARA) feat. 重音テト,5282172,22452
2026-06-06 20:00:32,[MV] ABM - 'ヤラララ' (YARARARA) feat. 重音テト,5311294,29122
2026-06-06 21:00:29,[MV] ABM - 'ヤラララ' (YARARARA) feat. 重音テト,5340130,28836
2026-06-06 22:00:29,[MV] ABM - 'ヤラララ' (YARARARA) feat. 重音テト,5371700,31570
2026-06-06 23:00:31,[MV] ABM - 'ヤラララ' (YARARARA) feat. 重音テト,5404274,32574
2026-06-07 00:00:28,[MV] ABM - 'ヤラララ' (YARARARA) feat. 重音テト,5437599,33325
2026-06-07 01:00:33,[MV] ABM - 'ヤラララ' (YARARARA) feat. 重音テト,5464958,27359
2026-06-07 02:00:27,[MV] ABM - 'ヤラララ' (YARARARA) feat. 重音テト,5493543,28585
2026-06-07 03:00:28,[MV] ABM - 'ヤラララ' (YARARARA) feat. 重音テト,5518151,24608
2026-06-07 04:00:29,[MV] ABM - 'ヤラララ' (YARARARA) feat. 重音テト,5545858,27707
2026-06-07 05:00:28,[MV] ABM - 'ヤラララ' (YARARARA) feat. 重音テト,5570070,24212
2026-06-07 06:00:28,[MV] ABM - 'ヤラララ' (YARARARA) feat. 重音テト,5589019,18949
2026-06-07 07:00:28,[MV] ABM - 'ヤラララ' (YARARARA) feat. 重音テト,5608898,19879
2026-06-07 08:00:29,[MV] ABM - 'ヤラララ' (YARARARA) feat. 重音テト,5629341,20443
2026-06-07 09:00:29,[MV] ABM - 'ヤラララ' (YARARARA) feat. 重音テト,5649999,20658
2026-06-07 10:00:28,[MV] ABM - 'ヤラララ' (YARARARA) feat. 重音テト,5675652,25653
2026-06-07 11:00:27,[MV] ABM - 'ヤラララ' (YARARARA) feat. 重音テト,5701335,25683
2026-06-07 12:00:30,[MV] ABM - 'ヤラララ' (YARARARA) feat. 重音テト,5730013,28678
2026-06-07 13:00:32,[MV] ABM - 'ヤラララ' (YARARARA) feat. 重音テト,5758470,28457
2026-06-07 14:00:29,[MV] ABM - 'ヤラララ' (YARARARA) feat. 重音テト,5785744,27274
2026-06-07 15:00:26,[MV] ABM - 'ヤラララ' (YARARARA) feat. 重音テト,5811359,25615
2026-06-07 16:00:30,[MV] ABM - 'ヤラララ' (YARARARA) feat. 重音テト,5839794,28435
2026-06-07 17:00:27,[MV] ABM - 'ヤラララ' (YARARARA) feat. 重音テト,5868763,28969
2026-06-07 18:00:26,[MV] ABM - 'ヤラララ' (YARARARA) feat. 重音テト,5897106,28343
2026-06-07 19:00:30,[MV] ABM - 'ヤラララ' (YARARARA) feat. 重音テト,5923049,25943
2026-06-07 20:00:29,[MV] ABM - 'ヤラララ' (YARARARA) feat. 重音テト,5949423,26374
2026-06-07 21:00:25,[MV] ABM - 'ヤラララ' (YARARARA) feat. 重音テト,5980460,31037
2026-06-07 22:00:30,[MV] ABM - 'ヤラララ' (YARARARA) feat. 重音テト,6011038,30578
2026-06-07 23:00:33,[MV] ABM - 'ヤラララ' (YARARARA) feat. 重音テト,6038097,27059
2026-06-08 00:00:25,[MV] ABM - 'ヤラララ' (YARARARA) feat. 重音テト,6069478,31381
2026-06-08 01:00:26,[MV] ABM - 'ヤラララ' (YARARARA) feat. 重音テト,6096585,27107
2026-06-08 02:00:28,[MV] ABM - 'ヤラララ' (YARARARA) feat. 重音テト,6120625,24040
2026-06-08 03:00:30,[MV] ABM - 'ヤラララ' (YARARARA) feat. 重音テト,6144942,24317
2026-06-08 04:00:30,[MV] ABM - 'ヤラララ' (YARARARA) feat. 重音テト,6169801,24859
2026-06-08 05:00:28,[MV] ABM - 'ヤラララ' (YARARARA) feat. 重音テト,6190357,20556
2026-06-08 06:00:28,[MV] ABM - 'ヤラララ' (YARARARA) feat. 重音テト,6210149,19792
2026-06-08 07:00:30,[MV] ABM - 'ヤラララ' (YARARARA) feat. 重音テト,6229082,18933
2026-06-08 08:00:29,[MV] ABM - 'ヤラララ' (YARARARA) feat. 重音テト,6251227,22145
2026-06-08 09:00:30,[MV] ABM - 'ヤラララ' (YARARARA) feat. 重音テト,6271052,19825
2026-06-08 10:00:27,[MV] ABM - 'ヤラララ' (YARARARA) feat. 重音テト,6291146,20094
2026-06-08 11:00:31,[MV] ABM - 'ヤラララ' (YARARARA) feat. 重音テト,6309887,18741
2026-06-08 12:00:28,[MV] ABM - 'ヤラララ' (YARARARA) feat. 重音テト,6329261,19374
2026-06-08 13:00:37,[MV] ABM - 'ヤラララ' (YARARARA) feat. 重音テト,6350203,20942
2026-06-08 14:00:34,[MV] ABM - 'ヤラララ' (YARARARA) feat. 重音テト,6369527,19324
2026-06-08 15:00:35,[MV] ABM - 'ヤラララ' (YARARARA) feat. 重音テト,6388655,19128
2026-06-08 16:00:34,[MV] ABM - 'ヤラララ' (YARARARA) feat. 重音テト,6413131,24476
2026-06-08 17:00:35,[MV] ABM - 'ヤラララ' (YARARARA) feat. 重音テト,6437603,24472
2026-06-08 18:00:30,[MV] ABM - 'ヤラララ' (YARARARA) feat. 重音テト,6459495,21892
2026-06-08 19:00:31,[MV] ABM - 'ヤラララ' (YARARARA) feat. 重音テト,6485907,26412
2026-06-08 20:00:34,[MV] ABM - 'ヤラララ' (YARARARA) feat. 重音テト,6513193,27286
2026-06-08 21:00:39,[MV] ABM - 'ヤラララ' (YARARARA) feat. 重音テト,6544657,31464
2026-06-08 22:00:38,[MV] ABM - 'ヤラララ' (YARARARA) feat. 重音テト,6579024,34367
2026-06-08 23:00:37,[MV] ABM - 'ヤラララ' (YARARARA) feat. 重音テト,6607364,28340
2026-06-09 00:00:36,[MV] ABM - 'ヤラララ' (YARARARA) feat. 重音テト,6632921,25557
2026-06-09 01:00:34,[MV] ABM - 'ヤラララ' (YARARARA) feat. 重音テト,6656968,24047
2026-06-09 02:00:33,[MV] ABM - 'ヤラララ' (YARARARA) feat. 重音テト,6681317,24349
2026-06-09 03:00:30,[MV] ABM - 'ヤラララ' (YARARARA) feat. 重音テト,6703703,22386
2026-06-09 04:00:32,[MV] ABM - 'ヤラララ' (YARARARA) feat. 重音テト,6727444,23741
2026-06-09 05:00:28,[MV] ABM - 'ヤラララ' (YARARARA) feat. 重音テト,6747298,19854
2026-06-09 06:00:33,[MV] ABM - 'ヤラララ' (YARARARA) feat. 重音テト,6766774,19476
2026-06-09 07:00:32,[MV] ABM - 'ヤラララ' (YARARARA) feat. 重音テト,6788155,21381
2026-06-09 08:00:30,[MV] ABM - 'ヤラララ' (YARARARA) feat. 重音テト,6810130,21975
2026-06-09 09:00:28,[MV] ABM - 'ヤラララ' (YARARARA) feat. 重音テト,6832736,22606
2026-06-09 10:00:36,[MV] ABM - 'ヤラララ' (YARARARA) feat. 重音テト,6853833,21097
2026-06-09 11:00:43,[MV] ABM - 'ヤラララ' (YARARARA) feat. 重音テト,6873258,19425
2026-06-09 12:00:34,[MV] ABM - 'ヤラララ' (YARARARA) feat. 重音テト,6895381,22123
2026-06-09 13:00:34,[MV] ABM - 'ヤラララ' (YARARARA) feat. 重音テト,6914485,19104
2026-06-09 14:00:38,[MV] ABM - 'ヤラララ' (YARARARA) feat. 重音テト,6936697,22212
2026-06-09 15:00:27,[MV] ABM - 'ヤラララ' (YARARARA) feat. 重音テト,6958018,21321
2026-06-09 16:00:28,[MV] ABM - 'ヤラララ' (YARARARA) feat. 重音テト,6981420,23402
2026-06-09 17:00:34,[MV] ABM - 'ヤラララ' (YARARARA) feat. 重音テト,7007028,25608
2026-06-09 18:00:35,[MV] ABM - 'ヤラララ' (YARARARA) feat. 重音テト,7031612,24584
2026-06-09 19:00:33,[MV] ABM - 'ヤラララ' (YARARARA) feat. 重音テト,7059213,27601
2026-06-09 20:00:32,[MV] ABM - 'ヤラララ' (YARARARA) feat. 重音テト,7089387,30174
2026-06-09 21:00:32,[MV] ABM - 'ヤラララ' (YARARARA) feat. 重音テト,7118487,29100
2026-06-09 22:00:55,[MV] ABM - 'ヤラララ' (YARARARA) feat. 重音テト,7157211,38724
2026-06-09 23:00:33,[MV] ABM - 'ヤラララ' (YARARARA) feat. 重音テト,7189354,32143
2026-06-10 00:00:35,[MV] ABM - 'ヤラララ' (YARARARA) feat. 重音テト,7218803,29449
2026-06-10 01:00:34,[MV] ABM - 'ヤラララ' (YARARARA) feat. 重音テト,7248481,29678
2026-06-10 02:00:40,[MV] ABM - 'ヤラララ' (YARARARA) feat. 重音テト,7270128,21647
2026-06-10 03:00:35,[MV] ABM - 'ヤラララ' (YARARARA) feat. 重音テト,7294771,24643
2026-06-10 04:00:28,[MV] ABM - 'ヤラララ' (YARARARA) feat. 重音テト,7316190,21419
2026-06-10 05:00:30,[MV] ABM - 'ヤラララ' (YARARARA) feat. 重音テト,7338014,21824
2026-06-10 06:00:27,[MV] ABM - 'ヤラララ' (YARARARA) feat. 重音テト,7358233,20219
2026-06-10 07:00:29,[MV] ABM - 'ヤラララ' (YARARARA) feat. 重音テト,7379177,20944
2026-06-10 08:00:30,[MV] ABM - 'ヤラララ' (YARARARA) feat. 重音テト,7404192,25015
2026-06-10 09:00:29,[MV] ABM - 'ヤラララ' (YARARARA) feat. 重音テト,7424625,20433
2026-06-10 10:00:29,[MV] ABM - 'ヤラララ' (YARARARA) feat. 重音テト,7447185,22560
2026-06-10 11:00:36,[MV] ABM - 'ヤラララ' (YARARARA) feat. 重音テト,7466864,19679
2026-06-10 12:00:28,[MV] ABM - 'ヤラララ' (YARARARA) feat. 重音テト,7489733,22869
2026-06-10 13:00:35,[MV] ABM - 'ヤラララ' (YARARARA) feat. 重音テト,7509164,19431
2026-06-10 14:00:32,[MV] ABM - 'ヤラララ' (YARARARA) feat. 重音テト,7534282,25118
2026-06-10 15:00:37,[MV] ABM - 'ヤラララ' (YARARARA) feat. 重音テト,7558981,24699
2026-06-10 16:00:35,[MV] ABM - 'ヤラララ' (YARARARA) feat. 重音テト,7584599,25618
2026-06-10 17:00:32,[MV] ABM - 'ヤラララ' (YARARARA) feat. 重音テト,7609953,25354
2026-06-10 18:00:34,[MV] ABM - 'ヤラララ' (YARARARA) feat. 重音テト,7639115,29162
2026-06-10 19:00:34,[MV] ABM - 'ヤラララ' (YARARARA) feat. 重音テト,7666657,27542
2026-06-10 20:00:32,[MV] ABM - 'ヤラララ' (YARARARA) feat. 重音テト,7696133,29476
2026-06-10 21:00:37,[MV] ABM - 'ヤラララ' (YARARARA) feat. 重音テト,7731078,34945
2026-06-10 22:00:34,[MV] ABM - 'ヤラララ' (YARARARA) feat. 重音テト,7766347,35269
2026-06-10 23:00:35,[MV] ABM - 'ヤラララ' (YARARARA) feat. 重音テト,7798653,32306
2026-06-11 00:00:43,[MV] ABM - 'ヤラララ' (YARARARA) feat. 重音テト,7832912,34259
2026-06-11 01:00:35,[MV] ABM - 'ヤラララ' (YARARARA) feat. 重音テト,7856680,23768
2026-06-11 02:00:31,[MV] ABM - 'ヤラララ' (YARARARA) feat. 重音テト,7884472,27792
2026-06-11 03:00:36,[MV] ABM - 'ヤラララ' (YARARARA) feat. 重音テト,7906467,21995
2026-06-11 04:00:31,[MV] ABM - 'ヤラララ' (YARARARA) feat. 重音テト,7932894,26427
2026-06-11 05:00:30,[MV] ABM - 'ヤラララ' (YARARARA) feat. 重音テト,7954579,21685
2026-06-11 06:00:31,[MV] ABM - 'ヤラララ' (YARARARA) feat. 重音テト,7976786,22207
2026-06-11 07:00:29,[MV] ABM - 'ヤラララ' (YARARARA) feat. 重音テト,7999697,22911
2026-06-11 08:00:29,[MV] ABM - 'ヤラララ' (YARARARA) feat. 重音テト,8023957,24260
2026-06-11 09:00:30,[MV] ABM - 'ヤラララ' (YARARARA) feat. 重音テト,8045640,21683
2026-06-11 10:00:35,[MV] ABM - 'ヤラララ' (YARARARA) feat. 重音テト,8070336,24696
2026-06-11 11:00:32,[MV] ABM - 'ヤラララ' (YARARARA) feat. 重音テト,8091698,21362
2026-06-11 12:00:30,[MV] ABM - 'ヤラララ' (YARARARA) feat. 重音テト,8112519,20821
2026-06-11 13:00:29,[MV] ABM - 'ヤラララ' (YARARARA) feat. 重音テト,8134020,21501
2026-06-11 14:00:33,[MV] ABM - 'ヤラララ' (YARARARA) feat. 重音テト,8159855,25835
2026-06-11 15:00:48,[MV] ABM - 'ヤラララ' (YARARARA) feat. 重音テト,8176144,16289
2026-06-11 16:00:33,[MV] ABM - 'ヤラララ' (YARARARA) feat. 重音テト,8207932,31788
2026-06-11 17:00:32,[MV] ABM - 'ヤラララ' (YARARARA) feat. 重音テト,8229088,21156
2026-06-11 18:00:32,[MV] ABM - 'ヤラララ' (YARARARA) feat. 重音テト,8270487,41399
2026-06-11 19:00:41,[MV] ABM - 'ヤラララ' (YARARARA) feat. 重音テト,8302620,32133
2026-06-11 20:00:31,[MV] ABM - 'ヤラララ' (YARARARA) feat. 重音テト,8344016,41396
2026-06-11 21:00:42,[MV] ABM - 'ヤラララ' (YARARARA) feat. 重音テト,8384680,40664
2026-06-11 22:00:38,[MV] ABM - 'ヤラララ' (YARARARA) feat. 重音テト,8425262,40582
2026-06-11 23:00:47,[MV] ABM - 'ヤラララ' (YARARARA) feat. 重音テト,8458193,32931
2026-06-12 00:00:40,[MV] ABM - 'ヤラララ' (YARARARA) feat. 重音テト,8495942,37749
2026-06-12 01:00:41,[MV] ABM - 'ヤラララ' (YARARARA) feat. 重音テト,8530934,34992
2026-06-12 02:00:33,[MV] ABM - 'ヤラララ' (YARARARA) feat. 重音テト,8559424,28490
2026-06-12 03:00:29,[MV] ABM - 'ヤラララ' (YARARARA) feat. 重音テト,8582317,22893
2026-06-12 04:00:41,[MV] ABM - 'ヤラララ' (YARARARA) feat. 重音テト,8610925,28608
2026-06-12 05:00:31,[MV] ABM - 'ヤラララ' (YARARARA) feat. 重音テト,8632472,21547
2026-06-12 06:00:40,[MV] ABM - 'ヤラララ' (YARARARA) feat. 重音テト,8660041,27569
2026-06-12 07:00:30,[MV] ABM - 'ヤラララ' (YARARARA) feat. 重音テト,8686501,26460
2026-06-12 08:00:31,[MV] ABM - 'ヤラララ' (YARARARA) feat. 重音テト,8716549,30048
2026-06-12 09:00:27,[MV] ABM - 'ヤラララ' (YARARARA) feat. 重音テト,8745480,28931
2026-06-12 10:00:33,[MV] ABM - 'ヤラララ' (YARARARA) feat. 重音テト,8773571,28091
2026-06-12 11:00:30,[MV] ABM - 'ヤラララ' (YARARARA) feat. 重音テト,8798534,24963
2026-06-12 12:00:28,[MV] ABM - 'ヤラララ' (YARARARA) feat. 重音テト,8826625,28091
2026-06-12 13:00:32,[MV] ABM - 'ヤラララ' (YARARARA) feat. 重音テト,8852886,26261
2026-06-12 14:00:31,[MV] ABM - 'ヤラララ' (YARARARA) feat. 重音テト,8877711,24825
2026-06-12 15:00:34,[MV] ABM - 'ヤラララ' (YARARARA) feat. 重音テト,8908560,30849
2026-06-12 16:00:30,[MV] ABM - 'ヤラララ' (YARARARA) feat. 重音テト,8940470,31910
2026-06-12 17:00:36,[MV] ABM - 'ヤラララ' (YARARARA) feat. 重音テト,8972673,32203
2026-06-12 18:00:31,[MV] ABM - 'ヤラララ' (YARARARA) feat. 重音テト,9005115,32442
2026-06-12 19:00:34,[MV] ABM - 'ヤラララ' (YARARARA) feat. 重音テト,9039043,33928
2026-06-12 20:00:36,[MV] ABM - 'ヤラララ' (YARARARA) feat. 重音テト,9075377,36334
2026-06-12 21:00:30,[MV] ABM - 'ヤラララ' (YARARARA) feat. 重音テト,9118529,43152
2026-06-12 22:00:36,[MV] ABM - 'ヤラララ' (YARARARA) feat. 重音テト,9162520,43991
2026-06-12 23:00:32,[MV] ABM - 'ヤラララ' (YARARARA) feat. 重音テト,9202078,39558
2026-06-13 00:00:33,[MV] ABM - 'ヤラララ' (YARARARA) feat. 重音テト,9239144,37066
2026-06-13 01:00:30,[MV] ABM - 'ヤラララ' (YARARARA) feat. 重音テト,9272517,33373
2026-06-13 02:00:28,[MV] ABM - 'ヤラララ' (YARARARA) feat. 重音テト,9301463,28946
2026-06-13 03:01:02,[MV] ABM - 'ヤラララ' (YARARARA) feat. 重音テト,9331476,30013
2026-06-13 04:00:29,[MV] ABM - 'ヤラララ' (YARARARA) feat. 重音テト,9359035,27559
2026-06-13 05:00:29,[MV] ABM - 'ヤラララ' (YARARARA) feat. 重音テト,9386206,27171
2026-06-13 06:00:31,[MV] ABM - 'ヤラララ' (YARARARA) feat. 重音テト,9410721,24515
2026-06-13 07:00:28,[MV] ABM - 'ヤラララ' (YARARARA) feat. 重音テト,9437732,27011
2026-06-13 08:00:36,[MV] ABM - 'ヤラララ' (YARARARA) feat. 重音テト,9469382,31650
2026-06-13 09:00:29,[MV] ABM - 'ヤラララ' (YARARARA) feat. 重音テト,9499909,30527
2026-06-13 10:00:27,[MV] ABM - 'ヤラララ' (YARARARA) feat. 重音テト,9538631,38722
2026-06-13 11:00:34,[MV] ABM - 'ヤラララ' (YARARARA) feat. 重音テト,9578045,39414
2026-06-13 12:00:28,[MV] ABM - 'ヤラララ' (YARARARA) feat. 重音テト,9615311,37266
2026-06-13 13:00:31,[MV] ABM - 'ヤラララ' (YARARARA) feat. 重音テト,9658645,43334
2026-06-13 14:00:27,[MV] ABM - 'ヤラララ' (YARARARA) feat. 重音テト,9695623,36978
2026-06-13 15:00:27,[MV] ABM - 'ヤラララ' (YARARARA) feat. 重音テト,9735586,39963
2026-06-13 16:00:27,[MV] ABM - 'ヤラララ' (YARARARA) feat. 重音テト,9769821,34235
2026-06-13 17:00:31,[MV] ABM - 'ヤラララ' (YARARARA) feat. 重音テト,9806759,36938
2026-06-13 18:00:27,[MV] ABM - 'ヤラララ' (YARARARA) feat. 重音テト,9839781,33022
2026-06-13 19:00:28,[MV] ABM - 'ヤラララ' (YARARARA) feat. 重音テト,9885173,45392
2026-06-13 20:00:29,[MV] ABM - 'ヤラララ' (YARARARA) feat. 重音テト,9921121,35948
2026-06-13 21:00:31,[MV] ABM - 'ヤラララ' (YARARARA) feat. 重音テト,9964839,43718
2026-06-13 22:00:32,[MV] ABM - 'ヤラララ' (YARARARA) feat. 重音テト,10011562,46723
2026-06-13 23:00:28,[MV] ABM - 'ヤラララ' (YARARARA) feat. 重音テト,10049981,38419
2026-06-14 00:00:26,[MV] ABM - 'ヤラララ' (YARARARA) feat. 重音テト,10088225,38244
2026-06-14 01:00:26,[MV] ABM - 'ヤラララ' (YARARARA) feat. 重音テト,10126121,37896
2026-06-14 02:00:40,[MV] ABM - 'ヤラララ' (YARARARA) feat. 重音テト,10171461,45340
2026-06-14 03:00:28,[MV] ABM - 'ヤラララ' (YARARARA) feat. 重音テト,10212292,40831
2026-06-14 04:00:28,[MV] ABM - 'ヤラララ' (YARARARA) feat. 重音テト,10245754,33462
2026-06-14 05:00:33,[MV] ABM - 'ヤラララ' (YARARARA) feat. 重音テト,10277321,31567
2026-06-14 06:00:40,[MV] ABM - 'ヤラララ' (YARARARA) feat. 重音テト,10305085,27764
2026-06-14 07:00:31,[MV] ABM - 'ヤラララ' (YARARARA) feat. 重音テト,10329319,24234
2026-06-14 08:00:35,[MV] ABM - 'ヤラララ' (YARARARA) feat. 重音テト,10356945,27626
2026-06-14 09:00:29,[MV] ABM - 'ヤラララ' (YARARARA) feat. 重音テト,10389863,32918
2026-06-14 10:00:35,[MV] ABM - 'ヤラララ' (YARARARA) feat. 重音テト,10423773,33910
2026-06-14 11:00:27,[MV] ABM - 'ヤラララ' (YARARARA) feat. 重音テト,10462154,38381
2026-06-14 12:00:36,[MV] ABM - 'ヤラララ' (YARARARA) feat. 重音テト,10501620,39466
2026-06-14 13:00:31,[MV] ABM - 'ヤラララ' (YARARARA) feat. 重音テト,10544009,42389
2026-06-14 14:00:45,[MV] ABM - 'ヤラララ' (YARARARA) feat. 重音テト,10581341,37332
2026-06-14 15:00:33,[MV] ABM - 'ヤラララ' (YARARARA) feat. 重音テト,10617120,35779
2026-06-14 16:00:27,[MV] ABM - 'ヤラララ' (YARARARA) feat. 重音テト,10655138,38018
2026-06-14 17:00:34,[MV] ABM - 'ヤラララ' (YARARARA) feat. 重音テト,10693435,38297
2026-06-14 18:00:27,[MV] ABM - 'ヤラララ' (YARARARA) feat. 重音テト,10728288,34853
2026-06-14 19:00:32,[MV] ABM - 'ヤラララ' (YARARARA) feat. 重音テト,10765401,37113
2026-06-14 20:00:27,[MV] ABM - 'ヤラララ' (YARARARA) feat. 重音テト,10804904,39503
2026-06-14 21:00:30,[MV] ABM - 'ヤラララ' (YARARARA) feat. 重音テト,10844505,39601
2026-06-14 22:00:31,[MV] ABM - 'ヤラララ' (YARARARA) feat. 重音テト,10890459,45954
2026-06-14 23:00:39,[MV] ABM - 'ヤラララ' (YARARARA) feat. 重音テト,10920615,30156
2026-06-15 00:00:38,[MV] ABM - 'ヤラララ' (YARARARA) feat. 重音テト,10964611,43996
2026-06-15 01:00:37,[MV] ABM - 'ヤラララ' (YARARARA) feat. 重音テト,10998137,33526
2026-06-15 02:00:32,[MV] ABM - 'ヤラララ' (YARARARA) feat. 重音テト,11031419,33282
2026-06-15 03:00:32,[MV] ABM - 'ヤラララ' (YARARARA) feat. 重音テト,11060297,28878
2026-06-15 04:00:34,[MV] ABM - 'ヤラララ' (YARARARA) feat. 重音テト,11088339,28042
2026-06-15 05:00:27,[MV] ABM - 'ヤラララ' (YARARARA) feat. 重音テト,11115887,27548
2026-06-15 06:00:29,[MV] ABM - 'ヤラララ' (YARARARA) feat. 重音テト,11139500,23613
2026-06-15 07:00:31,[MV] ABM - 'ヤラララ' (YARARARA) feat. 重音テト,11168227,28727
2026-06-15 08:00:33,[MV] ABM - 'ヤラララ' (YARARARA) feat. 重音テト,11195025,26798
2026-06-15 09:00:38,[MV] ABM - 'ヤラララ' (YARARARA) feat. 重音テト,11220777,25752
2026-06-15 10:00:31,[MV] ABM - 'ヤラララ' (YARARARA) feat. 重音テト,11247915,27138
2026-06-15 11:00:26,[MV] ABM - 'ヤラララ' (YARARARA) feat. 重音テト,11276404,28489
2026-06-15 12:00:29,[MV] ABM - 'ヤラララ' (YARARARA) feat. 重音テト,11301806,25402
2026-06-15 13:00:32,[MV] ABM - 'ヤラララ' (YARARARA) feat. 重音テト,11327013,25207
2026-06-15 14:00:34,[MV] ABM - 'ヤラララ' (YARARARA) feat. 重音テト,11355724,28711
2026-06-15 15:00:39,[MV] ABM - 'ヤラララ' (YARARARA) feat. 重音テト,11384913,29189
2026-06-15 16:00:33,[MV] ABM - 'ヤラララ' (YARARARA) feat. 重音テト,11415561,30648
2026-06-15 17:00:41,[MV] ABM - 'ヤラララ' (YARARARA) feat. 重音テト,11450287,34726
2026-06-15 18:00:41,[MV] ABM - 'ヤラララ' (YARARARA) feat. 重音テト,11483518,33231
2026-06-15 19:00:35,[MV] ABM - 'ヤラララ' (YARARARA) feat. 重音テト,11516555,33037
2026-06-15 20:00:34,[MV] ABM - 'ヤラララ' (YARARARA) feat. 重音テト,11555968,39413
2026-06-15 21:00:35,[MV] ABM - 'ヤラララ' (YARARARA) feat. 重音テト,11595534,39566
2026-06-15 22:00:38,[MV] ABM - 'ヤラララ' (YARARARA) feat. 重音テト,11640296,44762
2026-06-15 23:00:41,[MV] ABM - 'ヤラララ' (YARARARA) feat. 重音テト,11682876,42580
2026-06-16 00:00:39,[MV] ABM - 'ヤラララ' (YARARARA) feat. 重音テト,11722018,39142
2026-06-16 01:00:43,[MV] ABM - 'ヤラララ' (YARARARA) feat. 重音テト,11748994,26976
2026-06-16 02:00:49,[MV] ABM - 'ヤラララ' (YARARARA) feat. 重音テト,11779489,30495
2026-06-16 03:00:41,[MV] ABM - 'ヤラララ' (YARARARA) feat. 重音テト,11805616,26127
2026-06-16 04:00:42,[MV] ABM - 'ヤラララ' (YARARARA) feat. 重音テト,11833625,28009
2026-06-16 05:00:37,[MV] ABM - 'ヤラララ' (YARARARA) feat. 重音テト,11860405,26780
2026-06-16 06:00:39,[MV] ABM - 'ヤラララ' (YARARARA) feat. 重音テト,11885837,25432
2026-06-16 07:00:37,[MV] ABM - 'ヤラララ' (YARARARA) feat. 重音テト,11910945,25108
2026-06-16 08:00:31,[MV] ABM - 'ヤラララ' (YARARARA) feat. 重音テト,11941947,31002
2026-06-16 09:00:28,[MV] ABM - 'ヤラララ' (YARARARA) feat. 重音テト,11969406,27459
2026-06-16 10:00:29,[MV] ABM - 'ヤラララ' (YARARARA) feat. 重音テト,11996895,27489
2026-06-16 11:00:28,[MV] ABM - 'ヤラララ' (YARARARA) feat. 重音テト,12022278,25383
2026-06-16 12:00:30,[MV] ABM - 'ヤラララ' (YARARARA) feat. 重音テト,12051314,29036
2026-06-16 13:00:30,[MV] ABM - 'ヤラララ' (YARARARA) feat. 重音テト,12076912,25598
2026-06-16 14:00:36,[MV] ABM - 'ヤラララ' (YARARARA) feat. 重音テト,12103141,26229
2026-06-16 15:00:33,[MV] ABM - 'ヤラララ' (YARARARA) feat. 重音テト,12129782,26641
2026-06-16 16:00:42,[MV] ABM - 'ヤラララ' (YARARARA) feat. 重音テト,12159563,29781
2026-06-16 17:00:42,[MV] ABM - 'ヤラララ' (YARARARA) feat. 重音テト,12192921,33358
2026-06-16 18:00:45,[MV] ABM - 'ヤラララ' (YARARARA) feat. 重音テト,12226279,33358
2026-06-16 19:00:42,[MV] ABM - 'ヤラララ' (YARARARA) feat. 重音テト,12261912,35633
2026-06-16 20:00:38,[MV] ABM - 'ヤラララ' (YARARARA) feat. 重音テト,12297555,35643
2026-06-16 21:00:39,[MV] ABM - 'ヤラララ' (YARARARA) feat. 重音テト,12342361,44806
2026-06-16 22:00:45,[MV] ABM - 'ヤラララ' (YARARARA) feat. 重音テト,12388459,46098
2026-06-16 23:00:37,[MV] ABM - 'ヤラララ' (YARARARA) feat. 重音テト,12425625,37166
2026-06-17 00:00:37,[MV] ABM - 'ヤラララ' (YARARARA) feat. 重音テト,12464443,38818
2026-06-17 01:00:38,[MV] ABM - 'ヤラララ' (YARARARA) feat. 重音テト,12495646,31203
2026-06-17 02:00:40,[MV] ABM - 'ヤラララ' (YARARARA) feat. 重音テト,12523002,27356
2026-06-17 03:00:42,[MV] ABM - 'ヤラララ' (YARARARA) feat. 重音テト,12547403,24401
2026-06-17 04:00:40,[MV] ABM - 'ヤラララ' (YARARARA) feat. 重音テト,12573347,25944
2026-06-17 05:00:34,[MV] ABM - 'ヤラララ' (YARARARA) feat. 重音テト,12599632,26285
2026-06-17 06:00:40,[MV] ABM - 'ヤラララ' (YARARARA) feat. 重音テト,12624097,24465
2026-06-17 07:00:33,[MV] ABM - 'ヤラララ' (YARARARA) feat. 重音テト,12651920,27823
2026-06-17 08:00:28,[MV] ABM - 'ヤラララ' (YARARARA) feat. 重音テト,12683687,31767
2026-06-17 09:00:28,[MV] ABM - 'ヤラララ' (YARARARA) feat. 重音テト,12712293,28606
2026-06-17 10:00:36,[MV] ABM - 'ヤラララ' (YARARARA) feat. 重音テト,12738996,26703
2026-06-17 11:00:30,[MV] ABM - 'ヤラララ' (YARARARA) feat. 重音テト,12766611,27615
2026-06-17 12:00:34,[MV] ABM - 'ヤラララ' (YARARARA) feat. 重音テト,12793038,26427
2026-06-17 13:00:30,[MV] ABM - 'ヤラララ' (YARARARA) feat. 重音テト,12819895,26857
2026-06-17 14:00:44,[MV] ABM - 'ヤラララ' (YARARARA) feat. 重音テト,12846522,26627
2026-06-17 15:00:32,[MV] ABM - 'ヤラララ' (YARARARA) feat. 重音テト,12875688,29166
2026-06-17 16:00:35,[MV] ABM - 'ヤラララ' (YARARARA) feat. 重音テト,12906747,31059
2026-06-17 17:00:34,[MV] ABM - 'ヤラララ' (YARARARA) feat. 重音テト,12940766,34019
2026-06-17 18:00:35,[MV] ABM - 'ヤラララ' (YARARARA) feat. 重音テト,12974656,33890
2026-06-17 19:00:33,[MV] ABM - 'ヤラララ' (YARARARA) feat. 重音テト,13009774,35118
2026-06-17 20:00:33,[MV] ABM - 'ヤラララ' (YARARARA) feat. 重音テト,13050989,41215
2026-06-17 21:00:43,[MV] ABM - 'ヤラララ' (YARARARA) feat. 重音テト,13093806,42817
2026-06-17 22:00:37,[MV] ABM - 'ヤラララ' (YARARARA) feat. 重音テト,13136153,42347
2026-06-17 23:00:50,[MV] ABM - 'ヤラララ' (YARARARA) feat. 重音テト,13175423,39270
2026-06-18 00:00:34,[MV] ABM - 'ヤラララ' (YARARARA) feat. 重音テト,13212211,36788
2026-06-18 01:00:34,[MV] ABM - 'ヤラララ' (YARARARA) feat. 重音テト,13243711,31500
2026-06-18 02:00:36,[MV] ABM - 'ヤラララ' (YARARARA) feat. 重音テト,13269958,26247
2026-06-18 03:00:48,[MV] ABM - 'ヤラララ' (YARARARA) feat. 重音テト,13295891,25933
2026-06-18 04:00:40,[MV] ABM - 'ヤラララ' (YARARARA) feat. 重音テト,13324146,28255
2026-06-18 05:00:32,[MV] ABM - 'ヤラララ' (YARARARA) feat. 重音テト,13350222,26076
2026-06-18 06:00:29,[MV] ABM - 'ヤラララ' (YARARARA) feat. 重音テト,13373259,23037
2026-06-18 07:00:34,[MV] ABM - 'ヤラララ' (YARARARA) feat. 重音テト,13400527,27268
2026-06-18 08:00:31,[MV] ABM - 'ヤラララ' (YARARARA) feat. 重音テト,13428593,28066
2026-06-18 09:00:33,[MV] ABM - 'ヤラララ' (YARARARA) feat. 重音テト,13457624,29031
2026-06-18 10:00:33,[MV] ABM - 'ヤラララ' (YARARARA) feat. 重音テト,13484276,26652
2026-06-18 11:00:33,[MV] ABM - 'ヤラララ' (YARARARA) feat. 重音テト,13510369,26093
2026-06-18 12:00:27,[MV] ABM - 'ヤラララ' (YARARARA) feat. 重音テト,13533051,22682
2026-06-18 13:00:29,[MV] ABM - 'ヤラララ' (YARARARA) feat. 重音テト,13558516,25465
2026-06-18 14:00:41,[MV] ABM - 'ヤラララ' (YARARARA) feat. 重音テト,13582325,23809
2026-06-18 15:00:36,[MV] ABM - 'ヤラララ' (YARARARA) feat. 重音テト,13608435,26110
2026-06-18 16:00:39,[MV] ABM - 'ヤラララ' (YARARARA) feat. 重音テト,13636774,28339
2026-06-18 17:00:35,[MV] ABM - 'ヤラララ' (YARARARA) feat. 重音テト,13669138,32364
2026-06-18 18:00:34,[MV] ABM - 'ヤラララ' (YARARARA) feat. 重音テト,13701199,32061
2026-06-18 19:01:01,[MV] ABM - 'ヤラララ' (YARARARA) feat. 重音テト,13735903,34704
2026-06-18 20:00:40,[MV] ABM - 'ヤラララ' (YARARARA) feat. 重音テト,13775659,39756
2026-06-18 21:00:41,[MV] ABM - 'ヤラララ' (YARARARA) feat. 重音テト,13812607,36948
2026-06-18 22:00:48,[MV] ABM - 'ヤラララ' (YARARARA) feat. 重音テト,13857375,44768
2026-06-18 23:00:40,[MV] ABM - 'ヤラララ' (YARARARA) feat. 重音テト,13897716,40341
2026-06-19 00:00:35,[MV] ABM - 'ヤラララ' (YARARARA) feat. 重音テト,13932809,35093
2026-06-19 01:00:35,[MV] ABM - 'ヤラララ' (YARARARA) feat. 重音テト,13966386,33577
2026-06-19 02:00:37,[MV] ABM - 'ヤラララ' (YARARARA) feat. 重音テト,13987278,20892
2026-06-19 03:00:31,[MV] ABM - 'ヤラララ' (YARARARA) feat. 重音テト,14018573,31295
2026-06-19 04:00:42,[MV] ABM - 'ヤラララ' (YARARARA) feat. 重音テト,14045012,26439
2026-06-19 05:00:31,[MV] ABM - 'ヤラララ' (YARARARA) feat. 重音テト,14072582,27570
2026-06-19 06:00:33,[MV] ABM - 'ヤラララ' (YARARARA) feat. 重音テト,14099129,26547
2026-06-19 07:00:37,[MV] ABM - 'ヤラララ' (YARARARA) feat. 重音テト,14124577,25448
2026-06-19 08:00:29,[MV] ABM - 'ヤラララ' (YARARARA) feat. 重音テト,14157176,32599
2026-06-19 09:00:30,[MV] ABM - 'ヤラララ' (YARARARA) feat. 重音テト,14185810,28634
2026-06-19 10:00:33,[MV] ABM - 'ヤラララ' (YARARARA) feat. 重音テト,14212488,26678
2026-06-19 11:00:33,[MV] ABM - 'ヤラララ' (YARARARA) feat. 重音テト,14240088,27600
2026-06-19 12:00:30,[MV] ABM - 'ヤラララ' (YARARARA) feat. 重音テト,14267970,27882
2026-06-19 13:00:28,[MV] ABM - 'ヤラララ' (YARARARA) feat. 重音テト,14293500,25530
2026-06-19 14:00:34,[MV] ABM - 'ヤラララ' (YARARARA) feat. 重音テト,14318290,24790
2026-06-19 15:00:29,[MV] ABM - 'ヤラララ' (YARARARA) feat. 重音テト,14343889,25599
2026-06-19 16:00:33,[MV] ABM - 'ヤラララ' (YARARARA) feat. 重音テト,14375427,31538
2026-06-19 17:00:33,[MV] ABM - 'ヤラララ' (YARARARA) feat. 重音テト,14405627,30200
2026-06-19 18:00:34,[MV] ABM - 'ヤラララ' (YARARARA) feat. 重音テト,14439860,34233
2026-06-19 19:00:37,[MV] ABM - 'ヤラララ' (YARARARA) feat. 重音テト,14473616,33756
2026-06-19 20:00:32,[MV] ABM - 'ヤラララ' (YARARARA) feat. 重音テト,14513657,40041
2026-06-19 21:00:36,[MV] ABM - 'ヤラララ' (YARARARA) feat. 重音テト,14558270,44613
2026-06-19 22:00:33,[MV] ABM - 'ヤラララ' (YARARARA) feat. 重音テト,14604422,46152
2026-06-19 23:00:31,[MV] ABM - 'ヤラララ' (YARARARA) feat. 重音テト,14647266,42844
2026-06-20 00:00:36,[MV] ABM - 'ヤラララ' (YARARARA) feat. 重音テト,14687070,39804
2026-06-20 01:00:38,[MV] ABM - 'ヤラララ' (YARARARA) feat. 重音テト,14730864,43794
2026-06-20 02:00:31,[MV] ABM - 'ヤラララ' (YARARARA) feat. 重音テト,14758274,27410
2026-06-20 03:00:30,[MV] ABM - 'ヤラララ' (YARARARA) feat. 重音テト,14788686,30412
2026-06-20 04:00:32,[MV] ABM - 'ヤラララ' (YARARARA) feat. 重音テト,14820749,32063
2026-06-20 05:00:29,[MV] ABM - 'ヤラララ' (YARARARA) feat. 重音テト,14849122,28373
2026-06-20 06:00:34,[MV] ABM - 'ヤラララ' (YARARARA) feat. 重音テト,14878908,29786
2026-06-20 07:00:30,[MV] ABM - 'ヤラララ' (YARARARA) feat. 重音テト,14908375,29467
2026-06-20 08:00:29,[MV] ABM - 'ヤラララ' (YARARARA) feat. 重音テト,14936693,28318
2026-06-20 09:00:30,[MV] ABM - 'ヤラララ' (YARARARA) feat. 重音テト,14969400,32707
2026-06-20 10:00:31,[MV] ABM - 'ヤラララ' (YARARARA) feat. 重音テト,15007352,37952
2026-06-20 11:00:30,[MV] ABM - 'ヤラララ' (YARARARA) feat. 重音テト,15048952,41600
2026-06-20 12:00:32,[MV] ABM - 'ヤラララ' (YARARARA) feat. 重音テト,15090610,41658
2026-06-20 13:00:28,[MV] ABM - 'ヤラララ' (YARARARA) feat. 重音テト,15134423,43813
2026-06-20 14:00:32,[MV] ABM - 'ヤラララ' (YARARARA) feat. 重音テト,15175349,40926
2026-06-20 15:00:30,[MV] ABM - 'ヤラララ' (YARARARA) feat. 重音テト,15209448,34099
2026-06-20 16:00:33,[MV] ABM - 'ヤラララ' (YARARARA) feat. 重音テト,15250475,41027
2026-06-20 17:00:32,[MV] ABM - 'ヤラララ' (YARARARA) feat. 重音テト,15286141,35666
2026-06-20 18:00:33,[MV] ABM - 'ヤラララ' (YARARARA) feat. 重音テト,15319861,33720
2026-06-20 19:00:33,[MV] ABM - 'ヤラララ' (YARARARA) feat. 重音テト,15361989,42128
2026-06-20 20:00:29,[MV] ABM - 'ヤラララ' (YARARARA) feat. 重音テト,15400389,38400
2026-06-20 21:00:35,[MV] ABM - 'ヤラララ' (YARARARA) feat. 重音テト,15440003,39614
2026-06-20 22:00:35,[MV] ABM - 'ヤラララ' (YARARARA) feat. 重音テト,15485218,45215
2026-06-20 23:00:34,[MV] ABM - 'ヤラララ' (YARARARA) feat. 重音テト,15531018,45800
2026-06-21 00:00:36,[MV] ABM - 'ヤラララ' (YARARARA) feat. 重音テト,15570796,39778
2026-06-21 01:00:28,[MV] ABM - 'ヤラララ' (YARARARA) feat. 重音テト,15606617,35821
2026-06-21 02:00:33,[MV] ABM - 'ヤラララ' (YARARARA) feat. 重音テト,15644340,37723
2026-06-21 03:00:37,[MV] ABM - 'ヤラララ' (YARARARA) feat. 重音テト,15680399,36059
2026-06-21 04:00:37,[MV] ABM - 'ヤラララ' (YARARARA) feat. 重音テト,15708946,28547
2026-06-21 05:00:34,[MV] ABM - 'ヤラララ' (YARARARA) feat. 重音テト,15735549,26603
2026-06-21 06:00:40,[MV] ABM - 'ヤラララ' (YARARARA) feat. 重音テト,15762366,26817
2026-06-21 07:00:34,[MV] ABM - 'ヤラララ' (YARARARA) feat. 重音テト,15788989,26623
2026-06-21 08:00:33,[MV] ABM - 'ヤラララ' (YARARARA) feat. 重音テト,15817043,28054
2026-06-21 09:00:31,[MV] ABM - 'ヤラララ' (YARARARA) feat. 重音テト,15847577,30534
2026-06-21 10:00:37,[MV] ABM - 'ヤラララ' (YARARARA) feat. 重音テト,15883963,36386
2026-06-21 11:00:33,[MV] ABM - 'ヤラララ' (YARARARA) feat. 重音テト,15924360,40397
2026-06-21 12:00:32,[MV] ABM - 'ヤラララ' (YARARARA) feat. 重音テト,15965301,40941
2026-06-21 13:00:31,[MV] ABM - 'ヤラララ' (YARARARA) feat. 重音テト,16003233,37932
2026-06-21 14:00:32,[MV] ABM - 'ヤラララ' (YARARARA) feat. 重音テト,16040947,37714
2026-06-21 15:00:31,[MV] ABM - 'ヤラララ' (YARARARA) feat. 重音テト,16077854,36907
2026-06-21 16:00:30,[MV] ABM - 'ヤラララ' (YARARARA) feat. 重音テト,16114316,36462
2026-06-21 17:00:34,[MV] ABM - 'ヤラララ' (YARARARA) feat. 重音テト,16148093,33777
2026-06-21 18:00:33,[MV] ABM - 'ヤラララ' (YARARARA) feat. 重音テト,16188598,40505
2026-06-21 19:00:34,[MV] ABM - 'ヤラララ' (YARARARA) feat. 重音テト,16221134,32536
2026-06-21 20:00:27,[MV] ABM - 'ヤラララ' (YARARARA) feat. 重音テト,16259599,38465
2026-06-21 21:00:34,[MV] ABM - 'ヤラララ' (YARARARA) feat. 重音テト,16298396,38797
2026-06-21 22:00:34,[MV] ABM - 'ヤラララ' (YARARARA) feat. 重音テト,16343801,45405
2026-06-21 23:00:37,[MV] ABM - 'ヤラララ' (YARARARA) feat. 重音テト,16380761,36960
2026-06-22 00:00:32,[MV] ABM - 'ヤラララ' (YARARARA) feat. 重音テト,16415023,34262
2026-06-22 01:00:32,[MV] ABM - 'ヤラララ' (YARARARA) feat. 重音テト,16447748,32725
2026-06-22 02:00:36,[MV] ABM - 'ヤラララ' (YARARARA) feat. 重音テト,16480191,32443
2026-06-22 03:00:32,[MV] ABM - 'ヤラララ' (YARARARA) feat. 重音テト,16506467,26276
2026-06-22 04:00:30,[MV] ABM - 'ヤラララ' (YARARARA) feat. 重音テト,16537327,30860
2026-06-22 05:00:35,[MV] ABM - 'ヤラララ' (YARARARA) feat. 重音テト,16560134,22807
2026-06-22 06:00:30,[MV] ABM - 'ヤラララ' (YARARARA) feat. 重音テト,16586707,26573
2026-06-22 07:00:29,[MV] ABM - 'ヤラララ' (YARARARA) feat. 重音テト,16612316,25609
2026-06-22 08:00:40,[MV] ABM - 'ヤラララ' (YARARARA) feat. 重音テト,16638785,26469
2026-06-22 09:00:33,[MV] ABM - 'ヤラララ' (YARARARA) feat. 重音テト,16666327,27542
2026-06-22 10:00:34,[MV] ABM - 'ヤラララ' (YARARARA) feat. 重音テト,16692990,26663
2026-06-22 11:00:32,[MV] ABM - 'ヤラララ' (YARARARA) feat. 重音テト,16720687,27697
2026-06-22 12:00:32,[MV] ABM - 'ヤラララ' (YARARARA) feat. 重音テト,16745954,25267
2026-06-22 13:00:35,[MV] ABM - 'ヤラララ' (YARARARA) feat. 重音テト,16772918,26964
2026-06-22 14:00:33,[MV] ABM - 'ヤラララ' (YARARARA) feat. 重音テト,16798124,25206
2026-06-22 15:00:38,[MV] ABM - 'ヤラララ' (YARARARA) feat. 重音テト,16824373,26249
2026-06-22 16:00:39,[MV] ABM - 'ヤラララ' (YARARARA) feat. 重音テト,16854269,29896
2026-06-22 17:00:33,[MV] ABM - 'ヤラララ' (YARARARA) feat. 重音テト,16886188,31919
2026-06-22 18:00:37,[MV] ABM - 'ヤラララ' (YARARARA) feat. 重音テト,16918730,32542
2026-06-22 19:00:36,[MV] ABM - 'ヤラララ' (YARARARA) feat. 重音テト,16952521,33791
2026-06-22 20:00:36,[MV] ABM - 'ヤラララ' (YARARARA) feat. 重音テト,16991773,39252
2026-06-22 21:00:38,[MV] ABM - 'ヤラララ' (YARARARA) feat. 重音テト,17030283,38510
2026-06-22 22:00:38,[MV] ABM - 'ヤラララ' (YARARARA) feat. 重音テト,17071343,41060
2026-06-22 23:00:41,[MV] ABM - 'ヤラララ' (YARARARA) feat. 重音テト,17108264,36921
2026-06-23 00:00:39,[MV] ABM - 'ヤラララ' (YARARARA) feat. 重音テト,17141754,33490
2026-06-23 01:00:37,[MV] ABM - 'ヤラララ' (YARARARA) feat. 重音テト,17173250,31496
2026-06-23 02:00:42,[MV] ABM - 'ヤラララ' (YARARARA) feat. 重音テト,17204326,31076
2026-06-23 03:00:34,[MV] ABM - 'ヤラララ' (YARARARA) feat. 重音テト,17228333,24007
2026-06-23 04:00:40,[MV] ABM - 'ヤラララ' (YARARARA) feat. 重音テト,17252938,24605
2026-06-23 05:00:34,[MV] ABM - 'ヤラララ' (YARARARA) feat. 重音テト,17282929,29991
2026-06-23 06:00:34,[MV] ABM - 'ヤラララ' (YARARARA) feat. 重音テト,17306691,23762
2026-06-23 07:00:31,[MV] ABM - 'ヤラララ' (YARARARA) feat. 重音テト,17333330,26639
2026-06-23 08:00:33,[MV] ABM - 'ヤラララ' (YARARARA) feat. 重音テト,17360110,26780
2026-06-23 09:00:41,[MV] ABM - 'ヤラララ' (YARARARA) feat. 重音テト,17390576,30466
2026-06-23 10:00:33,[MV] ABM - 'ヤラララ' (YARARARA) feat. 重音テト,17416896,26320
2026-06-23 11:00:35,[MV] ABM - 'ヤラララ' (YARARARA) feat. 重音テト,17443401,26505
2026-06-23 12:00:34,[MV] ABM - 'ヤラララ' (YARARARA) feat. 重音テト,17469405,26004
2026-06-23 13:00:32,[MV] ABM - 'ヤラララ' (YARARARA) feat. 重音テト,17491944,22539
2026-06-23 14:00:30,[MV] ABM - 'ヤラララ' (YARARARA) feat. 重音テト,17518078,26134
2026-06-23 15:00:34,[MV] ABM - 'ヤラララ' (YARARARA) feat. 重音テト,17540829,22751
2026-06-23 16:00:41,[MV] ABM - 'ヤラララ' (YARARARA) feat. 重音テト,17571578,30749
2026-06-23 17:00:36,[MV] ABM - 'ヤラララ' (YARARARA) feat. 重音テト,17600204,28626
2026-06-23 18:00:37,[MV] ABM - 'ヤラララ' (YARARARA) feat. 重音テト,17633007,32803
2026-06-23 19:00:36,[MV] ABM - 'ヤラララ' (YARARARA) feat. 重音テト,17666757,33750
2026-06-23 20:00:35,[MV] ABM - 'ヤラララ' (YARARARA) feat. 重音テト,17702818,36061
2026-06-23 21:00:37,[MV] ABM - 'ヤラララ' (YARARARA) feat. 重音テト,17744567,41749
2026-06-23 22:00:37,[MV] ABM - 'ヤラララ' (YARARARA) feat. 重音テト,17788108,43541
2026-06-23 23:00:41,[MV] ABM - 'ヤラララ' (YARARARA) feat. 重音テト,17824967,36859
2026-06-24 00:00:42,[MV] ABM - 'ヤラララ' (YARARARA) feat. 重音テト,17854441,29474
2026-06-24 01:00:41,[MV] ABM - 'ヤラララ' (YARARARA) feat. 重音テト,17886070,31629
2026-06-24 02:00:40,[MV] ABM - 'ヤラララ' (YARARARA) feat. 重音テト,17909891,23821
2026-06-24 03:00:37,[MV] ABM - 'ヤラララ' (YARARARA) feat. 重音テト,17933017,23126
2026-06-24 04:00:39,[MV] ABM - 'ヤラララ' (YARARARA) feat. 重音テト,17956216,23199
2026-06-24 05:00:35,[MV] ABM - 'ヤラララ' (YARARARA) feat. 重音テト,17982830,26614
2026-06-24 06:00:35,[MV] ABM - 'ヤラララ' (YARARARA) feat. 重音テト,18010130,27300
2026-06-24 07:00:29,[MV] ABM - 'ヤラララ' (YARARARA) feat. 重音テト,18038149,28019
2026-06-24 08:00:27,[MV] ABM - 'ヤラララ' (YARARARA) feat. 重音テト,18066166,28017
2026-06-24 09:00:32,[MV] ABM - 'ヤラララ' (YARARARA) feat. 重音テト,18094401,28235
2026-06-24 10:00:34,[MV] ABM - 'ヤラララ' (YARARARA) feat. 重音テト,18122312,27911
2026-06-24 11:00:33,[MV] ABM - 'ヤラララ' (YARARARA) feat. 重音テト,18150013,27701
2026-06-24 12:00:35,[MV] ABM - 'ヤラララ' (YARARARA) feat. 重音テト,18176855,26842
2026-06-24 13:00:33,[MV] ABM - 'ヤラララ' (YARARARA) feat. 重音テト,18202331,25476
2026-06-24 14:00:31,[MV] ABM - 'ヤラララ' (YARARARA) feat. 重音テト,18231869,29538
2026-06-24 15:00:31,[MV] ABM - 'ヤラララ' (YARARARA) feat. 重音テト,18258092,26223
2026-06-24 16:00:31,[MV] ABM - 'ヤラララ' (YARARARA) feat. 重音テト,18288268,30176
2026-06-24 17:00:31,[MV] ABM - 'ヤラララ' (YARARARA) feat. 重音テト,18330521,42253
2026-06-24 18:00:28,[MV] ABM - 'ヤラララ' (YARARARA) feat. 重音テト,18359998,29477
2026-06-24 19:00:37,[MV] ABM - 'ヤラララ' (YARARARA) feat. 重音テト,18390302,30304
2026-06-24 20:00:31,[MV] ABM - 'ヤラララ' (YARARARA) feat. 重音テト,18429385,39083
2026-06-24 21:00:39,[MV] ABM - 'ヤラララ' (YARARARA) feat. 重音テト,18473661,44276
2026-06-24 22:00:32,[MV] ABM - 'ヤラララ' (YARARARA) feat. 重音テト,18514369,40708
2026-06-24 23:00:35,[MV] ABM - 'ヤラララ' (YARARARA) feat. 重音テト,18557965,43596
2026-06-25 00:00:31,[MV] ABM - 'ヤラララ' (YARARARA) feat. 重音テト,18590686,32721
2026-06-25 01:00:35,[MV] ABM - 'ヤラララ' (YARARARA) feat. 重音テト,18625948,35262
2026-06-25 02:00:33,[MV] ABM - 'ヤラララ' (YARARARA) feat. 重音テト,18655738,29790
2026-06-25 03:00:37,[MV] ABM - 'ヤラララ' (YARARARA) feat. 重音テト,18685833,30095
2026-06-25 04:00:33,[MV] ABM - 'ヤラララ' (YARARARA) feat. 重音テト,18709257,23424
2026-06-25 05:00:31,[MV] ABM - 'ヤラララ' (YARARARA) feat. 重音テト,18738952,29695
2026-06-25 06:00:29,[MV] ABM - 'ヤラララ' (YARARARA) feat. 重音テト,18764531,25579
2026-06-25 07:00:32,[MV] ABM - 'ヤラララ' (YARARARA) feat. 重音テト,18792252,27721
2026-06-25 08:00:31,[MV] ABM - 'ヤラララ' (YARARARA) feat. 重音テト,18828313,36061
2026-06-25 09:00:32,[MV] ABM - 'ヤラララ' (YARARARA) feat. 重音テト,18860682,32369
2026-06-25 10:00:37,[MV] ABM - 'ヤラララ' (YARARARA) feat. 重音テト,18888843,28161
2026-06-25 11:00:34,[MV] ABM - 'ヤラララ' (YARARARA) feat. 重音テト,18912543,23700
2026-06-25 12:00:26,[MV] ABM - 'ヤラララ' (YARARARA) feat. 重音テト,18937512,24969
2026-06-25 13:00:30,[MV] ABM - 'ヤラララ' (YARARARA) feat. 重音テト,18964786,27274
2026-06-25 14:00:38,[MV] ABM - 'ヤラララ' (YARARARA) feat. 重音テト,18986912,22126
2026-06-25 15:00:30,[MV] ABM - 'ヤラララ' (YARARARA) feat. 重音テト,19015941,29029
2026-06-25 16:00:31,[MV] ABM - 'ヤラララ' (YARARARA) feat. 重音テト,19046502,30561
2026-06-25 17:00:33,[MV] ABM - 'ヤラララ' (YARARARA) feat. 重音テト,19080016,33514
2026-06-25 18:00:36,[MV] ABM - 'ヤラララ' (YARARARA) feat. 重音テト,19112867,32851
2026-06-25 19:00:37,[MV] ABM - 'ヤラララ' (YARARARA) feat. 重音テト,19149861,36994
2026-06-25 20:00:32,[MV] ABM - 'ヤラララ' (YARARARA) feat. 重音テト,19186480,36619
2026-06-25 21:00:38,[MV] ABM - 'ヤラララ' (YARARARA) feat. 重音テト,19231964,45484
2026-06-25 22:00:43,[MV] ABM - 'ヤラララ' (YARARARA) feat. 重音テト,19278659,46695
2026-06-25 23:00:35,[MV] ABM - 'ヤラララ' (YARARARA) feat. 重音テト,19321889,43230
2026-06-26 00:00:41,[MV] ABM - 'ヤラララ' (YARARARA) feat. 重音テト,19356499,34610
2026-06-26 01:00:33,[MV] ABM - 'ヤラララ' (YARARARA) feat. 重音テト,19387203,30704
2026-06-26 02:00:33,[MV] ABM - 'ヤラララ' (YARARARA) feat. 重音テト,19416112,28909
2026-06-26 03:00:33,[MV] ABM - 'ヤラララ' (YARARARA) feat. 重音テト,19444400,28288
2026-06-26 04:00:44,[MV] ABM - 'ヤラララ' (YARARARA) feat. 重音テト,19472483,28083
2026-06-26 05:00:34,[MV] ABM - 'ヤラララ' (YARARARA) feat. 重音テト,19498992,26509
2026-06-26 06:00:43,[MV] ABM - 'ヤラララ' (YARARARA) feat. 重音テト,19526125,27133
2026-06-26 07:00:34,[MV] ABM - 'ヤラララ' (YARARARA) feat. 重音テト,19553072,26947
2026-06-26 08:00:28,[MV] ABM - 'ヤラララ' (YARARARA) feat. 重音テト,19584288,31216
2026-06-26 09:00:35,[MV] ABM - 'ヤラララ' (YARARARA) feat. 重音テト,19616580,32292
2026-06-26 10:00:36,[MV] ABM - 'ヤラララ' (YARARARA) feat. 重音テト,19642922,26342
2026-06-26 11:00:33,[MV] ABM - 'ヤラララ' (YARARARA) feat. 重音テト,19674449,31527
2026-06-26 12:00:34,[MV] ABM - 'ヤラララ' (YARARARA) feat. 重音テト,19702790,28341
2026-06-26 13:00:32,[MV] ABM - 'ヤラララ' (YARARARA) feat. 重音テト,19730479,27689
2026-06-26 14:00:31,[MV] ABM - 'ヤラララ' (YARARARA) feat. 重音テト,19758730,28251
2026-06-26 15:00:31,[MV] ABM - 'ヤラララ' (YARARARA) feat. 重音テト,19789166,30436
2026-06-26 16:00:34,[MV] ABM - 'ヤラララ' (YARARARA) feat. 重音テト,19817323,28157
2026-06-26 17:00:31,[MV] ABM - 'ヤラララ' (YARARARA) feat. 重音テト,19856610,39287
2026-06-26 18:00:36,[MV] ABM - 'ヤラララ' (YARARARA) feat. 重音テト,19890210,33600
2026-06-26 19:00:39,[MV] ABM - 'ヤラララ' (YARARARA) feat. 重音テト,19932678,42468
2026-06-26 20:00:40,[MV] ABM - 'ヤラララ' (YARARARA) feat. 重音テト,19968687,36009
2026-06-26 21:00:34,[MV] ABM - 'ヤラララ' (YARARARA) feat. 重音テト,20008536,39849
2026-06-26 22:00:30,[MV] ABM - 'ヤラララ' (YARARARA) feat. 重音テト,20049955,41419
2026-06-26 23:00:33,[MV] ABM - 'ヤラララ' (YARARARA) feat. 重音テト,20100997,51042
2026-06-27 00:00:31,[MV] ABM - 'ヤラララ' (YARARARA) feat. 重音テト,20134768,33771
2026-06-27 01:00:32,[MV] ABM - 'ヤラララ' (YARARARA) feat. 重音テト,20171472,36704
2026-06-27 02:00:31,[MV] ABM - 'ヤラララ' (YARARARA) feat. 重音テト,20206234,34762
2026-06-27 03:00:32,[MV] ABM - 'ヤラララ' (YARARARA) feat. 重音テト,20237928,31694
2026-06-27 04:00:31,[MV] ABM - 'ヤラララ' (YARARARA) feat. 重音テト,20265340,27412
2026-06-27 05:00:31,[MV] ABM - 'ヤラララ' (YARARARA) feat. 重音テト,20297513,32173
2026-06-27 06:00:31,[MV] ABM - 'ヤラララ' (YARARARA) feat. 重音テト,20323791,26278
2026-06-27 07:00:32,[MV] ABM - 'ヤラララ' (YARARARA) feat. 重音テト,20354584,30793
2026-06-27 08:00:33,[MV] ABM - 'ヤラララ' (YARARARA) feat. 重音テト,20383708,29124
2026-06-27 09:00:29,[MV] ABM - 'ヤラララ' (YARARARA) feat. 重音テト,20415682,31974
2026-06-27 10:00:29,[MV] ABM - 'ヤラララ' (YARARARA) feat. 重音テト,20453576,37894
2026-06-27 11:00:29,[MV] ABM - 'ヤラララ' (YARARARA) feat. 重音テト,20493552,39976
2026-06-27 12:00:27,[MV] ABM - 'ヤラララ' (YARARARA) feat. 重音テト,20535552,42000
2026-06-27 13:00:38,[MV] ABM - 'ヤラララ' (YARARARA) feat. 重音テト,20572439,36887
2026-06-27 14:00:33,[MV] ABM - 'ヤラララ' (YARARARA) feat. 重音テト,20612625,40186
2026-06-27 15:00:28,[MV] ABM - 'ヤラララ' (YARARARA) feat. 重音テト,20652588,39963
2026-06-27 16:00:31,[MV] ABM - 'ヤラララ' (YARARARA) feat. 重音テト,20687690,35102
2026-06-27 17:00:32,[MV] ABM - 'ヤラララ' (YARARARA) feat. 重音テト,20729337,41647
2026-06-27 18:00:34,[MV] ABM - 'ヤラララ' (YARARARA) feat. 重音テト,20764816,35479
2026-06-27 19:00:32,[MV] ABM - 'ヤラララ' (YARARARA) feat. 重音テト,20802322,37506
2026-06-27 20:00:32,[MV] ABM - 'ヤラララ' (YARARARA) feat. 重音テト,20838214,35892
2026-06-27 21:00:29,[MV] ABM - 'ヤラララ' (YARARARA) feat. 重音テト,20884049,45835
2026-06-27 22:00:32,[MV] ABM - 'ヤラララ' (YARARARA) feat. 重音テト,20924329,40280
2026-06-27 23:00:31,[MV] ABM - 'ヤラララ' (YARARARA) feat. 重音テト,20967070,42741
2026-06-28 00:00:29,[MV] ABM - 'ヤラララ' (YARARARA) feat. 重音テト,21008232,41162
2026-06-28 01:00:31,[MV] ABM - 'ヤラララ' (YARARARA) feat. 重音テト,21043536,35304
2026-06-28 02:00:32,[MV] ABM - 'ヤラララ' (YARARARA) feat. 重音テト,21076063,32527
2026-06-28 03:00:30,[MV] ABM - 'ヤラララ' (YARARARA) feat. 重音テト,21111401,35338
2026-06-28 04:00:35,[MV] ABM - 'ヤラララ' (YARARARA) feat. 重音テト,21137806,26405
2026-06-28 05:00:33,[MV] ABM - 'ヤラララ' (YARARARA) feat. 重音テト,21165378,27572
2026-06-28 06:00:30,[MV] ABM - 'ヤラララ' (YARARARA) feat. 重音テト,21190982,25604
2026-06-28 07:00:34,[MV] ABM - 'ヤラララ' (YARARARA) feat. 重音テト,21216011,25029
2026-06-28 08:00:30,[MV] ABM - 'ヤラララ' (YARARARA) feat. 重音テト,21244964,28953
2026-06-28 09:00:33,[MV] ABM - 'ヤラララ' (YARARARA) feat. 重音テト,21273874,28910
2026-06-28 10:00:30,[MV] ABM - 'ヤラララ' (YARARARA) feat. 重音テト,21305413,31539
2026-06-28 11:00:30,[MV] ABM - 'ヤラララ' (YARARARA) feat. 重音テト,21341676,36263
2026-06-28 12:00:31,[MV] ABM - 'ヤラララ' (YARARARA) feat. 重音テト,21381969,40293
2026-06-28 13:00:31,[MV] ABM - 'ヤラララ' (YARARARA) feat. 重音テト,21420652,38683
2026-06-28 14:00:32,[MV] ABM - 'ヤラララ' (YARARARA) feat. 重音テト,21454613,33961
2026-06-28 15:00:34,[MV] ABM - 'ヤラララ' (YARARARA) feat. 重音テト,21492200,37587
2026-06-28 16:00:32,[MV] ABM - 'ヤラララ' (YARARARA) feat. 重音テト,21528137,35937
2026-06-28 17:00:30,[MV] ABM - 'ヤラララ' (YARARARA) feat. 重音テト,21564812,36675
2026-06-28 18:00:32,[MV] ABM - 'ヤラララ' (YARARARA) feat. 重音テト,21596129,31317
2026-06-28 19:00:31,[MV] ABM - 'ヤラララ' (YARARARA) feat. 重音テト,21629971,33842
2026-06-28 20:00:32,[MV] ABM - 'ヤラララ' (YARARARA) feat. 重音テト,21664902,34931
2026-06-28 21:00:34,[MV] ABM - 'ヤラララ' (YARARARA) feat. 重音テト,21697357,32455
2026-06-28 22:00:29,[MV] ABM - 'ヤラララ' (YARARARA) feat. 重音テト,21740457,43100
2026-06-28 23:00:31,[MV] ABM - 'ヤラララ' (YARARARA) feat. 重音テト,21775798,35341
2026-06-29 00:00:34,[MV] ABM - 'ヤラララ' (YARARARA) feat. 重音テト,21814851,39053
2026-06-29 01:00:33,[MV] ABM - 'ヤラララ' (YARARARA) feat. 重音テト,21840152,25301
2026-06-29 02:00:29,[MV] ABM - 'ヤラララ' (YARARARA) feat. 重音テト,21868018,27866
2026-06-29 03:00:33,[MV] ABM - 'ヤラララ' (YARARARA) feat. 重音テト,21895069,27051
2026-06-29 04:00:31,[MV] ABM - 'ヤラララ' (YARARARA) feat. 重音テト,21919430,24361
2026-06-29 05:00:33,[MV] ABM - 'ヤラララ' (YARARARA) feat. 重音テト,21945425,25995
2026-06-29 06:00:32,[MV] ABM - 'ヤラララ' (YARARARA) feat. 重音テト,21968465,23040
2026-06-29 07:00:31,[MV] ABM - 'ヤラララ' (YARARARA) feat. 重音テト,21993272,24807
2026-06-29 08:00:29,[MV] ABM - 'ヤラララ' (YARARARA) feat. 重音テト,22021928,28656
2026-06-29 09:00:33,[MV] ABM - 'ヤラララ' (YARARARA) feat. 重音テト,22046252,24324
2026-06-29 10:00:32,[MV] ABM - 'ヤラララ' (YARARARA) feat. 重音テト,22073122,26870
2026-06-29 11:00:34,[MV] ABM - 'ヤラララ' (YARARARA) feat. 重音テト,22098663,25541
2026-06-29 12:00:32,[MV] ABM - 'ヤラララ' (YARARARA) feat. 重音テト,22124922,26259
2026-06-29 13:00:32,[MV] ABM - 'ヤラララ' (YARARARA) feat. 重音テト,22150156,25234
2026-06-29 14:00:37,[MV] ABM - 'ヤラララ' (YARARARA) feat. 重音テト,22173127,22971
2026-06-29 15:00:32,[MV] ABM - 'ヤラララ' (YARARARA) feat. 重音テト,22196852,23725
2026-06-29 16:00:33,[MV] ABM - 'ヤラララ' (YARARARA) feat. 重音テト,22228507,31655
2026-06-29 17:00:33,[MV] ABM - 'ヤラララ' (YARARARA) feat. 重音テト,22257844,29337
2026-06-29 18:00:32,[MV] ABM - 'ヤラララ' (YARARARA) feat. 重音テト,22293285,35441
2026-06-29 19:00:34,[MV] ABM - 'ヤラララ' (YARARARA) feat. 重音テト,22326732,33447
2026-06-29 20:00:35,[MV] ABM - 'ヤラララ' (YARARARA) feat. 重音テト,22365195,38463
2026-06-29 21:00:35,[MV] ABM - 'ヤラララ' (YARARARA) feat. 重音テト,22402265,37070
2026-06-29 22:00:33,[MV] ABM - 'ヤラララ' (YARARARA) feat. 重音テト,22437980,35715
2026-06-29 23:00:36,[MV] ABM - 'ヤラララ' (YARARARA) feat. 重音テト,22475924,37944
2026-06-30 00:00:36,[MV] ABM - 'ヤラララ' (YARARARA) feat. 重音テト,22510736,34812
2026-06-30 01:00:32,[MV] ABM - 'ヤラララ' (YARARARA) feat. 重音テト,22536542,25806
2026-06-30 02:00:32,[MV] ABM - 'ヤラララ' (YARARARA) feat. 重音テト,22567675,31133
2026-06-30 03:00:33,[MV] ABM - 'ヤラララ' (YARARARA) feat. 重音テト,22591840,24165
2026-06-30 04:00:34,[MV] ABM - 'ヤラララ' (YARARARA) feat. 重音テト,22623580,31740
2026-06-30 05:00:30,[MV] ABM - 'ヤラララ' (YARARARA) feat. 重音テト,22645953,22373
2026-06-30 06:00:30,[MV] ABM - 'ヤラララ' (YARARARA) feat. 重音テト,22673242,27289
2026-06-30 07:00:36,[MV] ABM - 'ヤラララ' (YARARARA) feat. 重音テト,22700595,27353
2026-06-30 08:00:39,[MV] ABM - 'ヤラララ' (YARARARA) feat. 重音テト,22725549,24954
2026-06-30 09:00:32,[MV] ABM - 'ヤラララ' (YARARARA) feat. 重音テト,22747221,21672
2026-06-30 10:00:31,[MV] ABM - 'ヤラララ' (YARARARA) feat. 重音テト,22767735,20514
2026-06-30 11:00:33,[MV] ABM - 'ヤラララ' (YARARARA) feat. 重音テト,22793809,26074
2026-06-30 12:00:31,[MV] ABM - 'ヤラララ' (YARARARA) feat. 重音テト,22814366,20557
2026-06-30 13:00:34,[MV] ABM - 'ヤラララ' (YARARARA) feat. 重音テト,22843005,28639
2026-06-30 14:00:30,[MV] ABM - 'ヤラララ' (YARARARA) feat. 重音テト,22864921,21916
2026-06-30 15:00:35,[MV] ABM - 'ヤラララ' (YARARARA) feat. 重音テト,22885277,20356
2026-06-30 16:00:33,[MV] ABM - 'ヤラララ' (YARARARA) feat. 重音テト,22912683,27406
2026-06-30 17:00:36,[MV] ABM - 'ヤラララ' (YARARARA) feat. 重音テト,22947765,35082
2026-06-30 18:00:37,[MV] ABM - 'ヤラララ' (YARARARA) feat. 重音テト,22972844,25079
2026-06-30 19:00:36,[MV] ABM - 'ヤラララ' (YARARARA) feat. 重音テト,23001219,28375
2026-06-30 20:00:38,[MV] ABM - 'ヤラララ' (YARARARA) feat. 重音テト,23045952,44733
2026-06-30 21:00:36,[MV] ABM - 'ヤラララ' (YARARARA) feat. 重音テト,23079808,33856
2026-06-30 22:00:37,[MV] ABM - 'ヤラララ' (YARARARA) feat. 重音テト,23110581,30773
2026-06-30 23:00:31,[MV] ABM - 'ヤラララ' (YARARARA) feat. 重音テト,23147107,36526
2026-07-01 00:00:34,[MV] ABM - 'ヤラララ' (YARARARA) feat. 重音テト,23179378,32271
2026-07-01 01:00:36,[MV] ABM - 'ヤラララ' (YARARARA) feat. 重音テト,23209605,30227
2026-07-01 02:00:31,[MV] ABM - 'ヤラララ' (YARARARA) feat. 重音テト,23240267,30662
2026-07-01 03:00:36,[MV] ABM - 'ヤラララ' (YARARARA) feat. 重音テト,23271271,31004
2026-07-01 04:00:31,[MV] ABM - 'ヤラララ' (YARARARA) feat. 重音テト,23300165,28894
2026-07-01 05:00:34,[MV] ABM - 'ヤラララ' (YARARARA) feat. 重音テト,23325478,25313
2026-07-01 06:00:34,[MV] ABM - 'ヤラララ' (YARARARA) feat. 重音テト,23352231,26753
2026-07-01 07:00:33,[MV] ABM - 'ヤラララ' (YARARARA) feat. 重音テト,23378109,25878
2026-07-01 08:00:30,[MV] ABM - 'ヤラララ' (YARARARA) feat. 重音テト,23405117,27008
2026-07-01 09:00:32,[MV] ABM - 'ヤラララ' (YARARARA) feat. 重音テト,23429436,24319
2026-07-01 10:00:35,[MV] ABM - 'ヤラララ' (YARARARA) feat. 重音テト,23473272,43836
2026-07-01 11:00:29,[MV] ABM - 'ヤラララ' (YARARARA) feat. 重音テト,23501501,28229
2026-07-01 12:00:28,[MV] ABM - 'ヤラララ' (YARARARA) feat. 重音テト,23528476,26975
2026-07-01 13:00:33,[MV] ABM - 'ヤラララ' (YARARARA) feat. 重音テト,23552914,24438
2026-07-01 14:00:31,[MV] ABM - 'ヤラララ' (YARARARA) feat. 重音テト,23577936,25022
2026-07-01 15:00:32,[MV] ABM - 'ヤラララ' (YARARARA) feat. 重音テト,23605460,27524
2026-07-01 16:00:31,[MV] ABM - 'ヤラララ' (YARARARA) feat. 重音テト,23636903,31443
2026-07-01 17:00:33,[MV] ABM - 'ヤラララ' (YARARARA) feat. 重音テト,23660254,23351
2026-07-01 18:00:32,[MV] ABM - 'ヤラララ' (YARARARA) feat. 重音テト,23698764,38510
2026-07-01 19:00:33,[MV] ABM - 'ヤラララ' (YARARARA) feat. 重音テト,23731262,32498
2026-07-01 20:00:32,[MV] ABM - 'ヤラララ' (YARARARA) feat. 重音テト,23768841,37579
2026-07-01 21:00:37,[MV] ABM - 'ヤラララ' (YARARARA) feat. 重音テト,23807645,38804
2026-07-01 22:00:35,[MV] ABM - 'ヤラララ' (YARARARA) feat. 重音テト,23845801,38156
2026-07-01 23:00:39,[MV] ABM - 'ヤラララ' (YARARARA) feat. 重音テト,23886433,40632
2026-07-02 00:00:39,[MV] ABM - 'ヤラララ' (YARARARA) feat. 重音テト,23921368,34935
2026-07-02 01:00:33,[MV] ABM - 'ヤラララ' (YARARARA) feat. 重音テト,23955369,34001
2026-07-02 02:00:32,[MV] ABM - 'ヤラララ' (YARARARA) feat. 重音テト,23984271,28902
2026-07-02 03:00:37,[MV] ABM - 'ヤラララ' (YARARARA) feat. 重音テト,24010592,26321
2026-07-02 04:00:39,[MV] ABM - 'ヤラララ' (YARARARA) feat. 重音テト,24039460,28868
2026-07-02 05:00:34,[MV] ABM - 'ヤラララ' (YARARARA) feat. 重音テト,24067574,28114
2026-07-02 06:00:40,[MV] ABM - 'ヤラララ' (YARARARA) feat. 重音テト,24089308,21734
2026-07-02 07:00:35,[MV] ABM - 'ヤラララ' (YARARARA) feat. 重音テト,24119088,29780
2026-07-02 08:00:33,[MV] ABM - 'ヤラララ' (YARARARA) feat. 重音テト,24144254,25166
2026-07-02 09:00:35,[MV] ABM - 'ヤラララ' (YARARARA) feat. 重音テト,24171824,27570
2026-07-02 10:00:33,[MV] ABM - 'ヤラララ' (YARARARA) feat. 重音テト,24197565,25741
2026-07-02 11:00:39,[MV] ABM - 'ヤラララ' (YARARARA) feat. 重音テト,24227269,29704
2026-07-02 12:00:34,[MV] ABM - 'ヤラララ' (YARARARA) feat. 重音テト,24254625,27356
2026-07-02 13:00:35,[MV] ABM - 'ヤラララ' (YARARARA) feat. 重音テト,24281065,26440
2026-07-02 14:00:33,[MV] ABM - 'ヤラララ' (YARARARA) feat. 重音テト,24308985,27920
2026-07-02 15:00:37,[MV] ABM - 'ヤラララ' (YARARARA) feat. 重音テト,24338138,29153
2026-07-02 16:00:38,[MV] ABM - 'ヤラララ' (YARARARA) feat. 重音テト,24370759,32621
2026-07-02 17:00:40,[MV] ABM - 'ヤラララ' (YARARARA) feat. 重音テト,24400121,29362
2026-07-02 18:00:34,[MV] ABM - 'ヤラララ' (YARARARA) feat. 重音テト,24435060,34939
2026-07-02 19:00:37,[MV] ABM - 'ヤラララ' (YARARARA) feat. 重音テト,24468903,33843
2026-07-02 20:00:48,[MV] ABM - 'ヤラララ' (YARARARA) feat. 重音テト,24508242,39339
2026-07-02 21:00:42,[MV] ABM - 'ヤラララ' (YARARARA) feat. 重音テト,24548329,40087
2026-07-02 22:00:39,[MV] ABM - 'ヤラララ' (YARARARA) feat. 重音テト,24591324,42995
2026-07-02 23:00:43,[MV] ABM - 'ヤラララ' (YARARARA) feat. 重音テト,24628265,36941
2026-07-03 00:00:47,[MV] ABM - 'ヤラララ' (YARARARA) feat. 重音テト,24667545,39280
2026-07-03 01:00:42,[MV] ABM - 'ヤラララ' (YARARARA) feat. 重音テト,24699562,32017
2026-07-03 02:00:42,[MV] ABM - 'ヤラララ' (YARARARA) feat. 重音テト,24722617,23055
2026-07-03 03:00:41,[MV] ABM - 'ヤラララ' (YARARARA) feat. 重音テト,24748389,25772
2026-07-03 04:00:43,[MV] ABM - 'ヤラララ' (YARARARA) feat. 重音テト,24769902,21513
2026-07-03 05:00:32,[MV] ABM - 'ヤラララ' (YARARARA) feat. 重音テト,24799518,29616
2026-07-03 06:00:43,[MV] ABM - 'ヤラララ' (YARARARA) feat. 重音テト,24822014,22496
2026-07-03 07:00:40,[MV] ABM - 'ヤラララ' (YARARARA) feat. 重音テト,24857202,35188
2026-07-03 08:00:41,[MV] ABM - 'ヤラララ' (YARARARA) feat. 重音テト,24883849,26647
2026-07-03 09:00:38,[MV] ABM - 'ヤラララ' (YARARARA) feat. 重音テト,24921806,37957
2026-07-03 10:00:36,[MV] ABM - 'ヤラララ' (YARARARA) feat. 重音テト,24948631,26825
2026-07-03 11:00:40,[MV] ABM - 'ヤラララ' (YARARARA) feat. 重音テト,24972729,24098
2026-07-03 12:00:35,[MV] ABM - 'ヤラララ' (YARARARA) feat. 重音テト,25006835,34106
2026-07-03 13:00:36,[MV] ABM - 'ヤラララ' (YARARARA) feat. 重音テト,25030886,24051
2026-07-03 14:00:37,[MV] ABM - 'ヤラララ' (YARARARA) feat. 重音テト,25056675,25789
2026-07-03 15:00:35,[MV] ABM - 'ヤラララ' (YARARARA) feat. 重音テト,25083740,27065
2026-07-03 16:00:37,[MV] ABM - 'ヤラララ' (YARARARA) feat. 重音テト,25113990,30250
2026-07-03 17:00:36,[MV] ABM - 'ヤラララ' (YARARARA) feat. 重音テト,25149292,35302
2026-07-03 18:00:46,[MV] ABM - 'ヤラララ' (YARARARA) feat. 重音テト,25178547,29255
2026-07-03 19:00:36,[MV] ABM - 'ヤラララ' (YARARARA) feat. 重音テト,25206659,28112
2026-07-03 20:00:34,[MV] ABM - 'ヤラララ' (YARARARA) feat. 重音テト,25240878,34219
2026-07-03 21:00:38,[MV] ABM - 'ヤラララ' (YARARARA) feat. 重音テト,25273596,32718
2026-07-03 22:00:36,[MV] ABM - 'ヤラララ' (YARARARA) feat. 重音テト,25319963,46367
2026-07-03 23:00:37,[MV] ABM - 'ヤラララ' (YARARARA) feat. 重音テト,25362804,42841
2026-07-04 00:00:37,[MV] ABM - 'ヤラララ' (YARARARA) feat. 重音テト,25403555,40751
2026-07-04 01:00:37,[MV] ABM - 'ヤラララ' (YARARARA) feat. 重音テト,25434754,31199
2026-07-04 02:00:36,[MV] ABM - 'ヤラララ' (YARARARA) feat. 重音テト,25469777,35023
2026-07-04 03:00:40,[MV] ABM - 'ヤラララ' (YARARARA) feat. 重音テト,25500846,31069
2026-07-04 04:00:42,[MV] ABM - 'ヤラララ' (YARARARA) feat. 重音テト,25530634,29788
2026-07-04 05:00:34,[MV] ABM - 'ヤラララ' (YARARARA) feat. 重音テト,25554810,24176
2026-07-04 06:00:36,[MV] ABM - 'ヤラララ' (YARARARA) feat. 重音テト,25593827,39017
2026-07-04 07:00:38,[MV] ABM - 'ヤラララ' (YARARARA) feat. 重音テト,25622179,28352
2026-07-04 08:00:35,[MV] ABM - 'ヤラララ' (YARARARA) feat. 重音テト,25652596,30417
2026-07-04 09:00:35,[MV] ABM - 'ヤラララ' (YARARARA) feat. 重音テト,25681030,28434
2026-07-04 10:00:34,[MV] ABM - 'ヤラララ' (YARARARA) feat. 重音テト,25720047,39017
2026-07-04 11:00:36,[MV] ABM - 'ヤラララ' (YARARARA) feat. 重音テト,25755153,35106
2026-07-04 12:00:32,[MV] ABM - 'ヤラララ' (YARARARA) feat. 重音テト,25789785,34632
2026-07-04 13:00:37,[MV] ABM - 'ヤラララ' (YARARARA) feat. 重音テト,25826393,36608
2026-07-04 14:00:34,[MV] ABM - 'ヤラララ' (YARARARA) feat. 重音テト,25871270,44877
2026-07-04 15:00:36,[MV] ABM - 'ヤラララ' (YARARARA) feat. 重音テト,25903435,32165
2026-07-04 16:00:33,[MV] ABM - 'ヤラララ' (YARARARA) feat. 重音テト,25936161,32726
2026-07-04 17:00:37,[MV] ABM - 'ヤラララ' (YARARARA) feat. 重音テト,25972121,35960
2026-07-04 18:00:39,[MV] ABM - 'ヤラララ' (YARARARA) feat. 重音テト,26001547,29426
2026-07-04 19:00:36,[MV] ABM - 'ヤラララ' (YARARARA) feat. 重音テト,26034537,32990
2026-07-04 20:00:41,[MV] ABM - 'ヤラララ' (YARARARA) feat. 重音テト,26062664,28127
2026-07-04 21:00:41,[MV] ABM - 'ヤラララ' (YARARARA) feat. 重音テト,26096337,33673
2026-07-04 22:00:42,[MV] ABM - 'ヤラララ' (YARARARA) feat. 重音テト,26125114,28777
2026-07-04 23:00:39,[MV] ABM - 'ヤラララ' (YARARARA) feat. 重音テト,26168778,43664
2026-07-05 00:00:48,[MV] ABM - 'ヤラララ' (YARARARA) feat. 重音テト,26216552,47774
2026-07-05 01:00:42,[MV] ABM - 'ヤラララ' (YARARARA) feat. 重音テト,26262968,46416
2026-07-05 02:00:46,[MV] ABM - 'ヤラララ' (YARARARA) feat. 重音テト,26291397,28429
2026-07-05 03:00:46,[MV] ABM - 'ヤラララ' (YARARARA) feat. 重音テト,26318688,27291
2026-07-05 04:00:47,[MV] ABM - 'ヤラララ' (YARARARA) feat. 重音テト,26348047,29359
2026-07-05 05:00:45,[MV] ABM - 'ヤラララ' (YARARARA) feat. 重音テト,26374487,26440
2026-07-05 06:00:46,[MV] ABM - 'ヤラララ' (YARARARA) feat. 重音テト,26397807,23320
2026-07-05 07:00:46,[MV] ABM - 'ヤラララ' (YARARARA) feat. 重音テト,26421550,23743
2026-07-05 08:00:45,[MV] ABM - 'ヤラララ' (YARARARA) feat. 重音テト,26447214,25664
2026-07-05 09:00:44,[MV] ABM - 'ヤラララ' (YARARARA) feat. 重音テト,26475158,27944
2026-07-05 10:00:45,[MV] ABM - 'ヤラララ' (YARARARA) feat. 重音テト,26508753,33595
2026-07-05 11:00:45,[MV] ABM - 'ヤラララ' (YARARARA) feat. 重音テト,26541828,33075
2026-07-05 12:00:45,[MV] ABM - 'ヤラララ' (YARARARA) feat. 重音テト,26577306,35478
2026-07-05 13:00:42,[MV] ABM - 'ヤラララ' (YARARARA) feat. 重音テト,26611832,34526
2026-07-05 14:00:41,[MV] ABM - 'ヤラララ' (YARARARA) feat. 重音テト,26647176,35344
2026-07-05 15:00:46,[MV] ABM - 'ヤラララ' (YARARARA) feat. 重音テト,26676039,28863
2026-07-05 16:00:50,[MV] ABM - 'ヤラララ' (YARARARA) feat. 重音テト,26713426,37387
2026-07-05 17:00:54,[MV] ABM - 'ヤラララ' (YARARARA) feat. 重音テト,26743742,30316
2026-07-05 18:00:48,[MV] ABM - 'ヤラララ' (YARARARA) feat. 重音テト,26778462,34720
2026-07-05 19:00:48,[MV] ABM - 'ヤラララ' (YARARARA) feat. 重音テト,26808158,29696
2026-07-05 20:00:45,[MV] ABM - 'ヤラララ' (YARARARA) feat. 重音テト,26844105,35947
2026-07-05 21:00:45,[MV] ABM - 'ヤラララ' (YARARARA) feat. 重音テト,26879423,35318
2026-07-05 22:00:48,[MV] ABM - 'ヤラララ' (YARARARA) feat. 重音テト,26915374,35951
2026-07-05 23:00:47,[MV] ABM - 'ヤラララ' (YARARARA) feat. 重音テト,26950595,35221
2026-07-06 00:00:48,[MV] ABM - 'ヤラララ' (YARARARA) feat. 重音テト,26980140,29545
2026-07-06 01:00:46,[MV] ABM - 'ヤラララ' (YARARARA) feat. 重音テト,27011717,31577
2026-07-06 02:00:45,[MV] ABM - 'ヤラララ' (YARARARA) feat. 重音テト,27038381,26664
2026-07-06 03:00:46,[MV] ABM - 'ヤラララ' (YARARARA) feat. 重音テト,27064105,25724
2026-07-06 04:00:43,[MV] ABM - 'ヤラララ' (YARARARA) feat. 重音テト,27090873,26768
2026-07-06 05:00:47,[MV] ABM - 'ヤラララ' (YARARARA) feat. 重音テト,27115729,24856
2026-07-06 06:00:49,[MV] ABM - 'ヤラララ' (YARARARA) feat. 重音テト,27137395,21666
2026-07-06 07:00:45,[MV] ABM - 'ヤラララ' (YARARARA) feat. 重音テト,27159924,22529
2026-07-06 08:00:49,[MV] ABM - 'ヤラララ' (YARARARA) feat. 重音テト,27187282,27358
2026-07-06 09:00:43,[MV] ABM - 'ヤラララ' (YARARARA) feat. 重音テト,27211660,24378
2026-07-06 10:00:40,[MV] ABM - 'ヤラララ' (YARARARA) feat. 重音テト,27236966,25306
2026-07-06 11:00:48,[MV] ABM - 'ヤラララ' (YARARARA) feat. 重音テト,27261382,24416
2026-07-06 12:00:50,[MV] ABM - 'ヤラララ' (YARARARA) feat. 重音テト,27284746,23364
2026-07-06 13:00:49,[MV] ABM - 'ヤラララ' (YARARARA) feat. 重音テト,27311115,26369
2026-07-06 14:00:43,[MV] ABM - 'ヤラララ' (YARARARA) feat. 重音テト,27335867,24752
2026-07-06 15:00:46,[MV] ABM - 'ヤラララ' (YARARARA) feat. 重音テト,27358767,22900
2026-07-06 16:00:41,[MV] ABM - 'ヤラララ' (YARARARA) feat. 重音テト,27389759,30992
2026-07-06 17:00:50,[MV] ABM - 'ヤラララ' (YARARARA) feat. 重音テト,27414683,24924
2026-07-06 18:00:49,[MV] ABM - 'ヤラララ' (YARARARA) feat. 重音テト,27443702,29019
2026-07-06 19:00:48,[MV] ABM - 'ヤラララ' (YARARARA) feat. 重音テト,27478044,34342
2026-07-06 20:00:47,[MV] ABM - 'ヤラララ' (YARARARA) feat. 重音テト,27512536,34492
2026-07-06 21:00:49,[MV] ABM - 'ヤラララ' (YARARARA) feat. 重音テト,27543318,30782
2026-07-06 22:00:50,[MV] ABM - 'ヤラララ' (YARARARA) feat. 重音テト,27577305,33987
2026-07-06 23:00:51,[MV] ABM - 'ヤラララ' (YARARARA) feat. 重音テト,27606686,29381
2026-07-07 00:00:45,[MV] ABM - 'ヤラララ' (YARARARA) feat. 重音テト,27633985,27299
2026-07-07 01:00:46,[MV] ABM - 'ヤラララ' (YARARARA) feat. 重音テト,27662730,28745
2026-07-07 02:00:51,[MV] ABM - 'ヤラララ' (YARARARA) feat. 重音テト,27688265,25535
2026-07-07 03:00:47,[MV] ABM - 'ヤラララ' (YARARARA) feat. 重音テト,27711189,22924
2026-07-07 04:00:48,[MV] ABM - 'ヤラララ' (YARARARA) feat. 重音テト,27747470,36281
2026-07-07 05:00:52,[MV] ABM - 'ヤラララ' (YARARARA) feat. 重音テト,27772407,24937
2026-07-07 06:00:51,[MV] ABM - 'ヤラララ' (YARARARA) feat. 重音テト,27796075,23668
2026-07-07 07:00:46,[MV] ABM - 'ヤラララ' (YARARARA) feat. 重音テト,27820072,23997
2026-07-07 08:00:47,[MV] ABM - 'ヤラララ' (YARARARA) feat. 重音テト,27846412,26340
2026-07-07 09:00:45,[MV] ABM - 'ヤラララ' (YARARARA) feat. 重音テト,27870238,23826
2026-07-07 10:00:49,[MV] ABM - 'ヤラララ' (YARARARA) feat. 重音テト,27894731,24493
2026-07-07 11:00:46,[MV] ABM - 'ヤラララ' (YARARARA) feat. 重音テト,27915569,20838
2026-07-07 12:00:43,[MV] ABM - 'ヤラララ' (YARARARA) feat. 重音テト,27940498,24929
2026-07-07 13:01:01,[MV] ABM - 'ヤラララ' (YARARARA) feat. 重音テト,27960916,20418
2026-07-07 14:00:54,[MV] ABM - 'ヤラララ' (YARARARA) feat. 重音テト,27985216,24300
2026-07-07 15:00:50,[MV] ABM - 'ヤラララ' (YARARARA) feat. 重音テト,28005595,20379
2026-07-07 16:00:46,[MV] ABM - 'ヤラララ' (YARARARA) feat. 重音テト,28031381,25786
2026-07-07 17:00:47,[MV] ABM - 'ヤラララ' (YARARARA) feat. 重音テト,28058949,27568
2026-07-07 18:00:49,[MV] ABM - 'ヤラララ' (YARARARA) feat. 重音テト,28081953,23004
2026-07-07 19:00:50,[MV] ABM - 'ヤラララ' (YARARARA) feat. 重音テト,28115075,33122
2026-07-07 20:00:52,[MV] ABM - 'ヤラララ' (YARARARA) feat. 重音テト,28147859,32784
2026-07-07 21:00:54,[MV] ABM - 'ヤラララ' (YARARARA) feat. 重音テト,28182832,34973
2026-07-07 22:00:53,[MV] ABM - 'ヤラララ' (YARARARA) feat. 重音テト,28216847,34015
2026-07-07 23:00:54,[MV] ABM - 'ヤラララ' (YARARARA) feat. 重音テト,28248797,31950
2026-07-08 00:00:52,[MV] ABM - 'ヤラララ' (YARARARA) feat. 重音テト,28273652,24855
2026-07-08 01:00:49,[MV] ABM - 'ヤラララ' (YARARARA) feat. 重音テト,28290260,16608
2026-07-08 02:00:54,[MV] ABM - 'ヤラララ' (YARARARA) feat. 重音テト,28306758,16498
2026-07-08 03:00:50,[MV] ABM - 'ヤラララ' (YARARARA) feat. 重音テト,28327148,20390
2026-07-08 04:00:53,[MV] ABM - 'ヤラララ' (YARARARA) feat. 重音テト,28350107,22959
2026-07-08 05:00:47,[MV] ABM - 'ヤラララ' (YARARARA) feat. 重音テト,28371199,21092
2026-07-08 06:00:52,[MV] ABM - 'ヤラララ' (YARARARA) feat. 重音テト,28392768,21569
2026-07-08 07:00:57,[MV] ABM - 'ヤラララ' (YARARARA) feat. 重音テト,28414837,22069
2026-07-08 08:00:49,[MV] ABM - 'ヤラララ' (YARARARA) feat. 重音テト,28440600,25763
2026-07-08 09:00:48,[MV] ABM - 'ヤラララ' (YARARARA) feat. 重音テト,28463841,23241
2026-07-08 10:00:46,[MV] ABM - 'ヤラララ' (YARARARA) feat. 重音テト,28487360,23519
2026-07-08 11:00:46,[MV] ABM - 'ヤラララ' (YARARARA) feat. 重音テト,28511242,23882
2026-07-08 12:00:47,[MV] ABM - 'ヤラララ' (YARARARA) feat. 重音テト,28531710,20468
2026-07-08 13:00:46,[MV] ABM - 'ヤラララ' (YARARARA) feat. 重音テト,28551767,20057
2026-07-08 14:00:48,[MV] ABM - 'ヤラララ' (YARARARA) feat. 重音テト,28574599,22832
2026-07-08 15:00:51,[MV] ABM - 'ヤラララ' (YARARARA) feat. 重音テト,28597914,23315
2026-07-08 16:00:51,[MV] ABM - 'ヤラララ' (YARARARA) feat. 重音テト,28620419,22505
2026-07-08 17:00:52,[MV] ABM - 'ヤラララ' (YARARARA) feat. 重音テト,28655835,35416
2026-07-08 18:00:53,[MV] ABM - 'ヤラララ' (YARARARA) feat. 重音テト,28674669,18834
2026-07-08 19:00:57,[MV] ABM - 'ヤラララ' (YARARARA) feat. 重音テト,28697295,22626
2026-07-08 20:00:54,[MV] ABM - 'ヤラララ' (YARARARA) feat. 重音テト,28724805,27510
2026-07-08 21:01:29,[MV] ABM - 'ヤラララ' (YARARARA) feat. 重音テト,28755295,30490
2026-07-08 22:00:55,[MV] ABM - 'ヤラララ' (YARARARA) feat. 重音テト,28785626,30331
2026-07-08 23:00:55,[MV] ABM - 'ヤラララ' (YARARARA) feat. 重音テト,28815776,30150
2026-07-09 00:00:59,[MV] ABM - 'ヤラララ' (YARARARA) feat. 重音テト,28844880,29104
2026-07-09 01:00:50,[MV] ABM - 'ヤラララ' (YARARARA) feat. 重音テト,28871063,26183
2026-07-09 02:00:57,[MV] ABM - 'ヤラララ' (YARARARA) feat. 重音テト,28896304,25241
2026-07-09 03:00:51,[MV] ABM - 'ヤラララ' (YARARARA) feat. 重音テト,28915730,19426
2026-07-09 04:00:55,[MV] ABM - 'ヤラララ' (YARARARA) feat. 重音テト,28936551,20821
2026-07-09 05:01:01,[MV] ABM - 'ヤラララ' (YARARARA) feat. 重音テト,28972249,35698
2026-07-09 06:00:54,[MV] ABM - 'ヤラララ' (YARARARA) feat. 重音テト,28992288,20039
2026-07-09 07:00:54,[MV] ABM - 'ヤラララ' (YARARARA) feat. 重音テト,29013491,21203
2026-07-09 08:00:50,[MV] ABM - 'ヤラララ' (YARARARA) feat. 重音テト,29039312,25821
2026-07-09 09:00:51,[MV] ABM - 'ヤラララ' (YARARARA) feat. 重音テト,29061079,21767
2026-07-09 10:00:52,[MV] ABM - 'ヤラララ' (YARARARA) feat. 重音テト,29082340,21261
2026-07-09 11:00:56,[MV] ABM - 'ヤラララ' (YARARARA) feat. 重音テト,29104885,22545
2026-07-09 12:00:54,[MV] ABM - 'ヤラララ' (YARARARA) feat. 重音テト,29126018,21133
2026-07-09 13:01:07,[MV] ABM - 'ヤラララ' (YARARARA) feat. 重音テト,29145206,19188
2026-07-09 14:01:05,[MV] ABM - 'ヤラララ' (YARARARA) feat. 重音テト,29166555,21349
2026-07-09 15:01:02,[MV] ABM - 'ヤラララ' (YARARARA) feat. 重音テト,29186941,20386
2026-07-09 16:06:01,[MV] ABM - 'ヤラララ' (YARARARA) feat. 重音テト,29212862,25921
2026-07-09 17:01:04,[MV] ABM - 'ヤラララ' (YARARARA) feat. 重音テト,29237085,24223
2026-07-09 18:00:53,[MV] ABM - 'ヤラララ' (YARARARA) feat. 重音テト,29263502,26417
2026-07-09 19:00:50,[MV] ABM - 'ヤラララ' (YARARARA) feat. 重音テト,29291617,28115
2026-07-09 20:04:34,[MV] ABM - 'ヤラララ' (YARARARA) feat. 重音テト,29317677,26060
2026-07-09 21:00:43,[MV] ABM - 'ヤラララ' (YARARARA) feat. 重音テト,29350300,32623
2026-07-09 22:00:51,[MV] ABM - 'ヤラララ' (YARARARA) feat. 重音テト,29383176,32876
2026-07-09 23:00:41,[MV] ABM - 'ヤラララ' (YARARARA) feat. 重音テト,29414310,31134
2026-07-10 00:00:40,[MV] ABM - 'ヤラララ' (YARARARA) feat. 重音テト,29442263,27953
2026-07-10 01:00:40,[MV] ABM - 'ヤラララ' (YARARARA) feat. 重音テト,29467212,24949
2026-07-10 02:00:42,[MV] ABM - 'ヤラララ' (YARARARA) feat. 重音テト,29490102,22890
2026-07-10 03:00:37,[MV] ABM - 'ヤラララ' (YARARARA) feat. 重音テト,29511756,21654
2026-07-10 04:00:44,[MV] ABM - 'ヤラララ' (YARARARA) feat. 重音テト,29533881,22125
2026-07-10 05:00:38,[MV] ABM - 'ヤラララ' (YARARARA) feat. 重音テト,29554117,20236
2026-07-10 06:00:37,[MV] ABM - 'ヤラララ' (YARARARA) feat. 重音テト,29575918,21801
2026-07-10 07:00:45,[MV] ABM - 'ヤラララ' (YARARARA) feat. 重音テト,29598286,22368
2026-07-10 08:00:40,[MV] ABM - 'ヤラララ' (YARARARA) feat. 重音テト,29621368,23082
2026-07-10 09:00:45,[MV] ABM - 'ヤラララ' (YARARARA) feat. 重音テト,29645101,23733
2026-07-10 10:00:37,[MV] ABM - 'ヤラララ' (YARARARA) feat. 重音テト,29668711,23610
2026-07-10 11:00:37,[MV] ABM - 'ヤラララ' (YARARARA) feat. 重音テト,29691068,22357
2026-07-10 12:00:41,[MV] ABM - 'ヤラララ' (YARARARA) feat. 重音テト,29713737,22669
2026-07-10 13:00:37,[MV] ABM - 'ヤラララ' (YARARARA) feat. 重音テト,29734770,21033
2026-07-10 14:00:48,[MV] ABM - 'ヤラララ' (YARARARA) feat. 重音テト,29757509,22739
2026-07-10 15:00:41,[MV] ABM - 'ヤラララ' (YARARARA) feat. 重音テト,29778852,21343
2026-07-10 16:00:41,[MV] ABM - 'ヤラララ' (YARARARA) feat. 重音テト,29804204,25352
2026-07-10 17:00:41,[MV] ABM - 'ヤラララ' (YARARARA) feat. 重音テト,29831319,27115
2026-07-10 18:00:41,[MV] ABM - 'ヤラララ' (YARARARA) feat. 重音テト,29856386,25067
2026-07-10 19:00:44,[MV] ABM - 'ヤラララ' (YARARARA) feat. 重音テト,29886194,29808
2026-07-10 20:00:38,[MV] ABM - 'ヤラララ' (YARARARA) feat. 重音テト,29914285,28091
2026-07-10 21:00:44,[MV] ABM - 'ヤラララ' (YARARARA) feat. 重音テト,29945948,31663
2026-07-10 22:00:39,[MV] ABM - 'ヤラララ' (YARARARA) feat. 重音テト,29979813,33865
2026-07-10 23:00:47,[MV] ABM - 'ヤラララ' (YARARARA) feat. 重音テト,30015331,35518
2026-07-11 00:00:43,[MV] ABM - 'ヤラララ' (YARARARA) feat. 重音テト,30046100,30769
2026-07-11 01:00:37,[MV] ABM - 'ヤラララ' (YARARARA) feat. 重音テト,30066701,20601
2026-07-11 02:00:39,[MV] ABM - 'ヤラララ' (YARARARA) feat. 重音テト,30096639,29938
2026-07-11 03:00:47,[MV] ABM - 'ヤラララ' (YARARARA) feat. 重音テト,30120567,23928
2026-07-11 04:00:43,[MV] ABM - 'ヤラララ' (YARARARA) feat. 重音テト,30141022,20455
2026-07-11 05:00:36,[MV] ABM - 'ヤラララ' (YARARARA) feat. 重音テト,30162870,21848
2026-07-11 06:00:34,[MV] ABM - 'ヤラララ' (YARARARA) feat. 重音テト,30179373,16503
2026-07-11 07:00:40,[MV] ABM - 'ヤラララ' (YARARARA) feat. 重音テト,30201471,22098
2026-07-11 08:00:38,[MV] ABM - 'ヤラララ' (YARARARA) feat. 重音テト,30226718,25247
2026-07-11 09:00:39,[MV] ABM - 'ヤラララ' (YARARARA) feat. 重音テト,30251720,25002
2026-07-11 10:00:38,[MV] ABM - 'ヤラララ' (YARARARA) feat. 重音テト,30281292,29572
2026-07-11 11:00:33,[MV] ABM - 'ヤラララ' (YARARARA) feat. 重音テト,30310328,29036
2026-07-11 12:00:41,[MV] ABM - 'ヤラララ' (YARARARA) feat. 重音テト,30341229,30901
2026-07-11 13:00:34,[MV] ABM - 'ヤラララ' (YARARARA) feat. 重音テト,30372876,31647
2026-07-11 14:00:35,[MV] ABM - 'ヤラララ' (YARARARA) feat. 重音テト,30400659,27783
2026-07-11 15:00:47,[MV] ABM - 'ヤラララ' (YARARARA) feat. 重音テト,30427323,26664
2026-07-11 16:00:39,[MV] ABM - 'ヤラララ' (YARARARA) feat. 重音テト,30456914,29591
2026-07-11 17:00:48,[MV] ABM - 'ヤラララ' (YARARARA) feat. 重音テト,30483586,26672
2026-07-11 18:00:42,[MV] ABM - 'ヤラララ' (YARARARA) feat. 重音テト,30509885,26299
2026-07-11 19:00:32,[MV] ABM - 'ヤラララ' (YARARARA) feat. 重音テト,30535165,25280
2026-07-11 20:00:36,[MV] ABM - 'ヤラララ' (YARARARA) feat. 重音テト,30565046,29881
2026-07-11 21:00:41,[MV] ABM - 'ヤラララ' (YARARARA) feat. 重音テト,30592972,27926
2026-07-11 22:00:39,[MV] ABM - 'ヤラララ' (YARARARA) feat. 重音テト,30626670,33698
2026-07-11 23:00:38,[MV] ABM - 'ヤラララ' (YARARARA) feat. 重音テト,30655759,29089
2026-07-12 00:00:36,[MV] ABM - 'ヤラララ' (YARARARA) feat. 重音テト,30685717,29958
2026-07-12 01:00:37,[MV] ABM - 'ヤラララ' (YARARARA) feat. 重音テト,30711718,26001
2026-07-12 02:00:45,[MV] ABM - 'ヤラララ' (YARARARA) feat. 重音テト,30736520,24802
2026-07-12 03:00:38,[MV] ABM - 'ヤラララ' (YARARARA) feat. 重音テト,30758326,21806
2026-07-12 04:00:47,[MV] ABM - 'ヤラララ' (YARARARA) feat. 重音テト,30780631,22305
2026-07-12 05:00:41,[MV] ABM - 'ヤラララ' (YARARARA) feat. 重音テト,30803702,23071
2026-07-12 06:00:43,[MV] ABM - 'ヤラララ' (YARARARA) feat. 重音テト,30821838,18136
2026-07-12 07:00:51,[MV] ABM - 'ヤラララ' (YARARARA) feat. 重音テト,30841774,19936
2026-07-12 08:00:39,[MV] ABM - 'ヤラララ' (YARARARA) feat. 重音テト,30861320,19546
2026-07-12 09:00:43,[MV] ABM - 'ヤラララ' (YARARARA) feat. 重音テト,30886810,25490
2026-07-12 10:00:42,[MV] ABM - 'ヤラララ' (YARARARA) feat. 重音テト,30913655,26845
2026-07-12 11:00:40,[MV] ABM - 'ヤラララ' (YARARARA) feat. 重音テト,30939430,25775
2026-07-12 12:01:42,[MV] ABM - 'ヤラララ' (YARARARA) feat. 重音テト,30969023,29593
2026-07-12 13:00:42,[MV] ABM - 'ヤラララ' (YARARARA) feat. 重音テト,30994810,25787
2026-07-12 14:00:44,[MV] ABM - 'ヤラララ' (YARARARA) feat. 重音テト,31023591,28781
2026-07-12 15:00:41,[MV] ABM - 'ヤラララ' (YARARARA) feat. 重音テト,31049957,26366
2026-07-12 16:00:44,[MV] ABM - 'ヤラララ' (YARARARA) feat. 重音テト,31079550,29593
2026-07-12 17:00:46,[MV] ABM - 'ヤラララ' (YARARARA) feat. 重音テト,31106569,27019
2026-07-12 18:00:46,[MV] ABM - 'ヤラララ' (YARARARA) feat. 重音テト,31132240,25671
2026-07-12 19:00:42,[MV] ABM - 'ヤラララ' (YARARARA) feat. 重音テト,31157278,25038
2026-07-12 20:00:45,[MV] ABM - 'ヤラララ' (YARARARA) feat. 重音テト,31182602,25324
2026-07-12 21:00:43,[MV] ABM - 'ヤラララ' (YARARARA) feat. 重音テト,31209225,26623
2026-07-12 22:00:43,[MV] ABM - 'ヤラララ' (YARARARA) feat. 重音テト,31238805,29580
2026-07-12 23:00:42,[MV] ABM - 'ヤラララ' (YARARARA) feat. 重音テト,31265287,26482
2026-07-13 00:00:40,[MV] ABM - 'ヤラララ' (YARARARA) feat. 重音テト,31288638,23351
2026-07-13 01:00:44,[MV] ABM - 'ヤラララ' (YARARARA) feat. 重音テト,31307615,18977
2026-07-13 02:00:41,[MV] ABM - 'ヤラララ' (YARARARA) feat. 重音テト,31327626,20011
2026-07-13 03:00:41,[MV] ABM - 'ヤラララ' (YARARARA) feat. 重音テト,31350233,22607
2026-07-13 04:00:43,[MV] ABM - 'ヤラララ' (YARARARA) feat. 重音テト,31370355,20122
2026-07-13 05:00:40,[MV] ABM - 'ヤラララ' (YARARARA) feat. 重音テト,31389279,18924
2026-07-13 06:00:45,[MV] ABM - 'ヤラララ' (YARARARA) feat. 重音テト,31408274,18995
2026-07-13 07:00:40,[MV] ABM - 'ヤラララ' (YARARARA) feat. 重音テト,31426481,18207
2026-07-13 08:00:42,[MV] ABM - 'ヤラララ' (YARARARA) feat. 重音テト,31448347,21866
2026-07-13 09:00:42,[MV] ABM - 'ヤラララ' (YARARARA) feat. 重音テト,31468010,19663
2026-07-13 10:00:40,[MV] ABM - 'ヤラララ' (YARARARA) feat. 重音テト,31485440,17430
2026-07-13 11:00:42,[MV] ABM - 'ヤラララ' (YARARARA) feat. 重音テト,31504495,19055
2026-07-13 12:00:45,[MV] ABM - 'ヤラララ' (YARARARA) feat. 重音テト,31522434,17939
2026-07-13 13:00:41,[MV] ABM - 'ヤラララ' (YARARARA) feat. 重音テト,31541567,19133
2026-07-13 14:00:40,[MV] ABM - 'ヤラララ' (YARARARA) feat. 重音テト,31560464,18897
2026-07-13 15:00:42,[MV] ABM - 'ヤラララ' (YARARARA) feat. 重音テト,31580666,20202
2026-07-13 16:00:43,[MV] ABM - 'ヤラララ' (YARARARA) feat. 重音テト,31602955,22289
2026-07-13 17:00:47,[MV] ABM - 'ヤラララ' (YARARARA) feat. 重音テト,31625057,22102
2026-07-13 18:00:43,[MV] ABM - 'ヤラララ' (YARARARA) feat. 重音テト,31648297,23240
2026-07-13 19:00:46,[MV] ABM - 'ヤラララ' (YARARARA) feat. 重音テト,31671870,23573
2026-07-13 20:00:47,[MV] ABM - 'ヤラララ' (YARARARA) feat. 重音テト,31696810,24940
2026-07-13 21:00:47,[MV] ABM - 'ヤラララ' (YARARARA) feat. 重音テト,31724553,27743
2026-07-13 22:00:46,[MV] ABM - 'ヤラララ' (YARARARA) feat. 重音テト,31752239,27686
2026-07-13 23:00:47,[MV] ABM - 'ヤラララ' (YARARARA) feat. 重音テト,31779565,27326
2026-07-14 00:00:47,[MV] ABM - 'ヤラララ' (YARARARA) feat. 重音テト,31803235,23670
2026-07-14 01:00:48,[MV] ABM - 'ヤラララ' (YARARARA) feat. 重音テト,31822037,18802
2026-07-14 02:00:57,[MV] ABM - 'ヤラララ' (YARARARA) feat. 重音テト,31842455,20418
2026-07-14 03:00:40,[MV] ABM - 'ヤラララ' (YARARARA) feat. 重音テト,31863917,21462
2026-07-14 04:00:45,[MV] ABM - 'ヤラララ' (YARARARA) feat. 重音テト,31882520,18603
2026-07-14 05:00:44,[MV] ABM - 'ヤラララ' (YARARARA) feat. 重音テト,31901364,18844
2026-07-14 06:00:44,[MV] ABM - 'ヤラララ' (YARARARA) feat. 重音テト,31921079,19715
2026-07-14 07:00:43,[MV] ABM - 'ヤラララ' (YARARARA) feat. 重音テト,31939843,18764
2026-07-14 08:00:45,[MV] ABM - 'ヤラララ' (YARARARA) feat. 重音テト,31961474,21631
2026-07-14 09:00:45,[MV] ABM - 'ヤラララ' (YARARARA) feat. 重音テト,31980545,19071
2026-07-14 10:00:39,[MV] ABM - 'ヤラララ' (YARARARA) feat. 重音テト,31998827,18282
2026-07-14 11:00:42,[MV] ABM - 'ヤラララ' (YARARARA) feat. 重音テト,32016237,17410
2026-07-14 12:00:44,[MV] ABM - 'ヤラララ' (YARARARA) feat. 重音テト,32033778,17541
2026-07-14 13:00:42,[MV] ABM - 'ヤラララ' (YARARARA) feat. 重音テト,32050473,16695
2026-07-14 14:00:44,[MV] ABM - 'ヤラララ' (YARARARA) feat. 重音テト,32069124,18651
2026-07-14 15:00:43,[MV] ABM - 'ヤラララ' (YARARARA) feat. 重音テト,32087431,18307
2026-07-14 16:00:46,[MV] ABM - 'ヤラララ' (YARARARA) feat. 重音テト,32107221,19790
2026-07-14 17:00:44,[MV] ABM - 'ヤラララ' (YARARARA) feat. 重音テト,32129792,22571
2026-07-14 18:00:44,[MV] ABM - 'ヤラララ' (YARARARA) feat. 重音テト,32151091,21299
2026-07-14 19:00:49,[MV] ABM - 'ヤラララ' (YARARARA) feat. 重音テト,32173851,22760
2026-07-14 20:00:46,[MV] ABM - 'ヤラララ' (YARARARA) feat. 重音テト,32199859,26008
2026-07-14 21:00:45,[MV] ABM - 'ヤラララ' (YARARARA) feat. 重音テト,32224596,24737
2026-07-14 22:00:48,[MV] ABM - 'ヤラララ' (YARARARA) feat. 重音テト,32253925,29329
2026-07-14 23:00:42,[MV] ABM - 'ヤラララ' (YARARARA) feat. 重音テト,32282029,28104
2026-07-15 00:00:44,[MV] ABM - 'ヤラララ' (YARARARA) feat. 重音テト,32302124,20095
2026-07-15 01:00:47,[MV] ABM - 'ヤラララ' (YARARARA) feat. 重音テト,32324741,22617
2026-07-15 02:00:47,[MV] ABM - 'ヤラララ' (YARARARA) feat. 重音テト,32342852,18111
2026-07-15 03:00:46,[MV] ABM - 'ヤラララ' (YARARARA) feat. 重音テト,32362332,19480
2026-07-15 04:00:45,[MV] ABM - 'ヤラララ' (YARARARA) feat. 重音テト,32381543,19211
2026-07-15 05:00:44,[MV] ABM - 'ヤラララ' (YARARARA) feat. 重音テト,32399450,17907
2026-07-15 06:00:41,[MV] ABM - 'ヤラララ' (YARARARA) feat. 重音テト,32419137,19687
2026-07-15 07:00:40,[MV] ABM - 'ヤラララ' (YARARARA) feat. 重音テト,32436070,16933
2026-07-15 08:00:38,[MV] ABM - 'ヤラララ' (YARARARA) feat. 重音テト,32458527,22457
2026-07-15 09:00:38,[MV] ABM - 'ヤラララ' (YARARARA) feat. 重音テト,32477620,19093
2026-07-15 10:00:49,[MV] ABM - 'ヤラララ' (YARARARA) feat. 重音テト,32495926,18306
2026-07-15 11:00:45,[MV] ABM - 'ヤラララ' (YARARARA) feat. 重音テト,32513344,17418
2026-07-15 12:00:47,[MV] ABM - 'ヤラララ' (YARARARA) feat. 重音テト,32530464,17120
2026-07-15 13:00:44,[MV] ABM - 'ヤラララ' (YARARARA) feat. 重音テト,32549285,18821
2026-07-15 14:00:42,[MV] ABM - 'ヤラララ' (YARARARA) feat. 重音テト,32567963,18678
2026-07-15 15:00:46,[MV] ABM - 'ヤラララ' (YARARARA) feat. 重音テト,32588485,20522
2026-07-15 16:00:47,[MV] ABM - 'ヤラララ' (YARARARA) feat. 重音テト,32609569,21084
2026-07-15 17:00:54,[MV] ABM - 'ヤラララ' (YARARARA) feat. 重音テト,32630541,20972
2026-07-15 18:00:46,[MV] ABM - 'ヤラララ' (YARARARA) feat. 重音テト,32654512,23971
2026-07-15 19:00:52,[MV] ABM - 'ヤラララ' (YARARARA) feat. 重音テト,32678938,24426
2026-07-15 20:00:48,[MV] ABM - 'ヤラララ' (YARARARA) feat. 重音テト,32705020,26082
2026-07-15 21:00:43,[MV] ABM - 'ヤラララ' (YARARARA) feat. 重音テト,32729363,24343
2026-07-15 22:00:51,[MV] ABM - 'ヤラララ' (YARARARA) feat. 重音テト,32757930,28567
2026-07-15 23:00:56,[MV] ABM - 'ヤラララ' (YARARARA) feat. 重音テト,32786853,28923
2026-07-16 00:00:47,[MV] ABM - 'ヤラララ' (YARARARA) feat. 重音テト,32807863,21010
2026-07-16 01:00:42,[MV] ABM - 'ヤラララ' (YARARARA) feat. 重音テト,32832450,24587
2026-07-16 02:00:42,[MV] ABM - 'ヤラララ' (YARARARA) feat. 重音テト,32852384,19934
2026-07-16 03:00:42,[MV] ABM - 'ヤラララ' (YARARARA) feat. 重音テト,32870222,17838
2026-07-16 04:00:48,[MV] ABM - 'ヤラララ' (YARARARA) feat. 重音テト,32892669,22447
2026-07-16 05:00:41,[MV] ABM - 'ヤラララ' (YARARARA) feat. 重音テト,32910873,18204
2026-07-16 06:00:42,[MV] ABM - 'ヤラララ' (YARARARA) feat. 重音テト,32931057,20184
2026-07-16 07:00:44,[MV] ABM - 'ヤラララ' (YARARARA) feat. 重音テト,32950524,19467
2026-07-16 08:00:42,[MV] ABM - 'ヤラララ' (YARARARA) feat. 重音テト,32972852,22328
2026-07-16 09:00:41,[MV] ABM - 'ヤラララ' (YARARARA) feat. 重音テト,32994220,21368
2026-07-16 10:00:40,[MV] ABM - 'ヤラララ' (YARARARA) feat. 重音テト,33012954,18734
2026-07-16 11:00:42,[MV] ABM - 'ヤラララ' (YARARARA) feat. 重音テト,33032471,19517
2026-07-16 12:00:35,[MV] ABM - 'ヤラララ' (YARARARA) feat. 重音テト,33050821,18350
2026-07-16 13:00:41,[MV] ABM - 'ヤラララ' (YARARARA) feat. 重音テト,33069947,19126
2026-07-16 14:00:54,[MV] ABM - 'ヤラララ' (YARARARA) feat. 重音テト,33089669,19722
2026-07-16 15:00:42,[MV] ABM - 'ヤラララ' (YARARARA) feat. 重音テト,33108963,19294
2026-07-16 16:00:44,[MV] ABM - 'ヤラララ' (YARARARA) feat. 重音テト,33132082,23119
2026-07-16 17:00:40,[MV] ABM - 'ヤラララ' (YARARARA) feat. 重音テト,33155702,23620
2026-07-16 18:00:41,[MV] ABM - 'ヤラララ' (YARARARA) feat. 重音テト,33179945,24243
2026-07-16 19:00:44,[MV] ABM - 'ヤラララ' (YARARARA) feat. 重音テト,33202065,22120
2026-07-16 20:00:47,[MV] ABM - 'ヤラララ' (YARARARA) feat. 重音テト,33229128,27063
2026-07-16 21:00:43,[MV] ABM - 'ヤラララ' (YARARARA) feat. 重音テト,33256259,27131
2026-07-16 22:00:37,[MV] ABM - 'ヤラララ' (YARARARA) feat. 重音テト,33286078,29819
2026-07-16 23:00:38,[MV] ABM - 'ヤラララ' (YARARARA) feat. 重音テト,33311025,24947
2026-07-17 00:00:32,[MV] ABM - 'ヤラララ' (YARARARA) feat. 重音テト,33340066,29041
2026-07-17 01:00:35,[MV] ABM - 'ヤラララ' (YARARARA) feat. 重音テト,33364378,24312
2026-07-17 02:00:38,[MV] ABM - 'ヤラララ' (YARARARA) feat. 重音テト,33382386,18008
2026-07-17 03:00:30,[MV] ABM - 'ヤラララ' (YARARARA) feat. 重音テト,33401974,19588
2026-07-17 04:00:34,[MV] ABM - 'ヤラララ' (YARARARA) feat. 重音テト,33422131,20157
2026-07-17 05:00:31,[MV] ABM - 'ヤラララ' (YARARARA) feat. 重音テト,33443065,20934
2026-07-17 06:00:34,[MV] ABM - 'ヤラララ' (YARARARA) feat. 重音テト,33464297,21232
2026-07-17 07:00:31,[MV] ABM - 'ヤラララ' (YARARARA) feat. 重音テト,33487004,22707
2026-07-17 08:00:31,[MV] ABM - 'ヤラララ' (YARARARA) feat. 重音テト,33509597,22593
2026-07-17 09:00:29,[MV] ABM - 'ヤラララ' (YARARARA) feat. 重音テト,33531763,22166
2026-07-17 10:00:35,[MV] ABM - 'ヤラララ' (YARARARA) feat. 重音テト,33554702,22939
2026-07-17 11:00:29,[MV] ABM - 'ヤラララ' (YARARARA) feat. 重音テト,33575241,20539
2026-07-17 12:00:29,[MV] ABM - 'ヤラララ' (YARARARA) feat. 重音テト,33597623,22382
2026-07-17 13:00:31,[MV] ABM - 'ヤラララ' (YARARARA) feat. 重音テト,33620510,22887
2026-07-17 14:00:34,[MV] ABM - 'ヤラララ' (YARARARA) feat. 重音テト,33644168,23658
2026-07-17 15:00:32,[MV] ABM - 'ヤラララ' (YARARARA) feat. 重音テト,33666855,22687
2026-07-17 16:00:33,[MV] ABM - 'ヤラララ' (YARARARA) feat. 重音テト,33692472,25617
2026-07-17 17:00:31,[MV] ABM - 'ヤラララ' (YARARARA) feat. 重音テト,33718031,25559
2026-07-17 18:00:34,[MV] ABM - 'ヤラララ' (YARARARA) feat. 重音テト,33743261,25230
2026-07-17 19:00:38,[MV] ABM - 'ヤラララ' (YARARARA) feat. 重音テト,33767335,24074
2026-07-17 20:00:34,[MV] ABM - 'ヤラララ' (YARARARA) feat. 重音テト,33795054,27719
2026-07-17 21:00:35,[MV] ABM - 'ヤラララ' (YARARARA) feat. 重音テト,33824570,29516
2026-07-17 22:00:33,[MV] ABM - 'ヤラララ' (YARARARA) feat. 重音テト,33855288,30718
2026-07-17 23:00:33,[MV] ABM - 'ヤラララ' (YARARARA) feat. 重音テト,33883718,28430
2026-07-18 00:00:31,[MV] ABM - 'ヤラララ' (YARARARA) feat. 重音テト,33908921,25203
2026-07-18 01:00:33,[MV] ABM - 'ヤラララ' (YARARARA) feat. 重音テト,33934429,25508
2026-07-18 02:00:35,[MV] ABM - 'ヤラララ' (YARARARA) feat. 重音テト,33956528,22099
2026-07-18 03:00:33,[MV] ABM - 'ヤラララ' (YARARARA) feat. 重音テト,33978279,21751
2026-07-18 04:00:32,[MV] ABM - 'ヤラララ' (YARARARA) feat. 重音テト,33999981,21702
2026-07-18 05:00:30,[MV] ABM - 'ヤラララ' (YARARARA) feat. 重音テト,34018876,18895
2026-07-18 06:00:30,[MV] ABM - 'ヤラララ' (YARARARA) feat. 重音テト,34038448,19572
2026-07-18 07:00:30,[MV] ABM - 'ヤラララ' (YARARARA) feat. 重音テト,34057980,19532
2026-07-18 08:00:28,[MV] ABM - 'ヤラララ' (YARARARA) feat. 重音テト,34079230,21250
2026-07-18 09:00:29,[MV] ABM - 'ヤラララ' (YARARARA) feat. 重音テト,34104109,24879
2026-07-18 10:00:29,[MV] ABM - 'ヤラララ' (YARARARA) feat. 重音テト,34130192,26083
2026-07-18 11:00:30,[MV] ABM - 'ヤラララ' (YARARARA) feat. 重音テト,34158616,28424
2026-07-18 12:00:29,[MV] ABM - 'ヤラララ' (YARARARA) feat. 重音テト,34184389,25773
2026-07-18 13:00:34,[MV] ABM - 'ヤラララ' (YARARARA) feat. 重音テト,34213021,28632
2026-07-18 14:00:30,[MV] ABM - 'ヤラララ' (YARARARA) feat. 重音テト,34239272,26251
2026-07-18 15:00:33,[MV] ABM - 'ヤラララ' (YARARARA) feat. 重音テト,34264017,24745
2026-07-18 16:00:30,[MV] ABM - 'ヤラララ' (YARARARA) feat. 重音テト,34291710,27693
2026-07-18 17:00:30,[MV] ABM - 'ヤラララ' (YARARARA) feat. 重音テト,34316056,24346
2026-07-18 18:00:33,[MV] ABM - 'ヤラララ' (YARARARA) feat. 重音テト,34340220,24164
2026-07-18 19:00:29,[MV] ABM - 'ヤラララ' (YARARARA) feat. 重音テト,34360840,20620
2026-07-18 20:00:34,[MV] ABM - 'ヤラララ' (YARARARA) feat. 重音テト,34383586,22746
2026-07-18 21:00:30,[MV] ABM - 'ヤラララ' (YARARARA) feat. 重音テト,34404511,20925
2026-07-18 22:00:30,[MV] ABM - 'ヤラララ' (YARARARA) feat. 重音テト,34434472,29961
2026-07-18 23:00:30,[MV] ABM - 'ヤラララ' (YARARARA) feat. 重音テト,34458367,23895
2026-07-19 00:00:32,[MV] ABM - 'ヤラララ' (YARARARA) feat. 重音テト,34485380,27013
2026-07-19 01:00:33,[MV] ABM - 'ヤラララ' (YARARARA) feat. 重音テト,34507982,22602
2026-07-19 02:00:28,[MV] ABM - 'ヤラララ' (YARARARA) feat. 重音テト,34534239,26257
2026-07-19 03:00:30,[MV] ABM - 'ヤラララ' (YARARARA) feat. 重音テト,34556718,22479
2026-07-19 04:00:32,[MV] ABM - 'ヤラララ' (YARARARA) feat. 重音テト,34580304,23586
2026-07-19 05:00:32,[MV] ABM - 'ヤラララ' (YARARARA) feat. 重音テト,34599646,19342
2026-07-19 06:00:41,[MV] ABM - 'ヤラララ' (YARARARA) feat. 重音テト,34619016,19370
2026-07-19 07:00:34,[MV] ABM - 'ヤラララ' (YARARARA) feat. 重音テト,34637868,18852
2026-07-19 08:00:32,[MV] ABM - 'ヤラララ' (YARARARA) feat. 重音テト,34658309,20441
2026-07-19 09:00:30,[MV] ABM - 'ヤラララ' (YARARARA) feat. 重音テト,34676732,18423
2026-07-19 10:00:28,[MV] ABM - 'ヤラララ' (YARARARA) feat. 重音テト,34700727,23995
2026-07-19 11:00:32,[MV] ABM - 'ヤラララ' (YARARARA) feat. 重音テト,34728375,27648
2026-07-19 12:00:32,[MV] ABM - 'ヤラララ' (YARARARA) feat. 重音テト,34755941,27566
2026-07-19 13:00:30,[MV] ABM - 'ヤラララ' (YARARARA) feat. 重音テト,34781918,25977
2026-07-19 14:00:30,[MV] ABM - 'ヤラララ' (YARARARA) feat. 重音テト,34805405,23487
2026-07-19 15:00:30,[MV] ABM - 'ヤラララ' (YARARARA) feat. 重音テト,34830277,24872
2026-07-19 16:00:28,[MV] ABM - 'ヤラララ' (YARARARA) feat. 重音テト,34853052,22775
2026-07-19 17:01:34,[MV] ABM - 'ヤラララ' (YARARARA) feat. 重音テト,34876289,23237
2026-07-19 18:00:31,[MV] ABM - 'ヤラララ' (YARARARA) feat. 重音テト,34898612,22323
2026-07-19 19:00:28,[MV] ABM - 'ヤラララ' (YARARARA) feat. 重音テト,34922733,24121
2026-07-19 20:00:30,[MV] ABM - 'ヤラララ' (YARARARA) feat. 重音テト,34944400,21667
2026-07-19 21:00:32,[MV] ABM - 'ヤラララ' (YARARARA) feat. 重音テト,34967697,23297
2026-07-19 22:00:30,[MV] ABM - 'ヤラララ' (YARARARA) feat. 重音テト,34994005,26308
2026-07-19 23:00:32,[MV] ABM - 'ヤラララ' (YARARARA) feat. 重音テト,35019043,25038
2026-07-20 00:00:30,[MV] ABM - 'ヤラララ' (YARARARA) feat. 重音テト,35043213,24170
2026-07-20 01:00:30,[MV] ABM - 'ヤラララ' (YARARARA) feat. 重音テト,35063450,20237
2026-07-20 02:00:28,[MV] ABM - 'ヤラララ' (YARARARA) feat. 重音テト,35083799,20349
2026-07-20 03:00:34,[MV] ABM - 'ヤラララ' (YARARARA) feat. 重音テト,35099881,16082
2026-07-20 04:00:31,[MV] ABM - 'ヤラララ' (YARARARA) feat. 重音テト,35118936,19055
2026-07-20 05:00:29,[MV] ABM - 'ヤラララ' (YARARARA) feat. 重音テト,35135165,16229
2026-07-20 06:00:31,[MV] ABM - 'ヤラララ' (YARARARA) feat. 重音テト,35151449,16284
2026-07-20 07:00:39,[MV] ABM - 'ヤラララ' (YARARARA) feat. 重音テト,35167577,16128
2026-07-20 08:00:40,[MV] ABM - 'ヤラララ' (YARARARA) feat. 重音テト,35186597,19020
2026-07-20 09:00:35,[MV] ABM - 'ヤラララ' (YARARARA) feat. 重音テト,35206118,19521
2026-07-20 10:00:31,[MV] ABM - 'ヤラララ' (YARARARA) feat. 重音テト,35226295,20177
2026-07-20 11:00:31,[MV] ABM - 'ヤラララ' (YARARARA) feat. 重音テト,35247844,21549
2026-07-20 12:00:30,[MV] ABM - 'ヤラララ' (YARARARA) feat. 重音テト,35268657,20813
2026-07-20 13:00:33,[MV] ABM - 'ヤラララ' (YARARARA) feat. 重音テト,35289902,21245
2026-07-20 14:00:30,[MV] ABM - 'ヤラララ' (YARARARA) feat. 重音テト,35308163,18261
2026-07-20 15:00:33,[MV] ABM - 'ヤラララ' (YARARARA) feat. 重音テト,35329065,20902
2026-07-20 16:00:32,[MV] ABM - 'ヤラララ' (YARARARA) feat. 重音テト,35349832,20767
2026-07-20 17:00:33,[MV] ABM - 'ヤラララ' (YARARARA) feat. 重音テト,35370007,20175
2026-07-20 18:00:32,[MV] ABM - 'ヤラララ' (YARARARA) feat. 重音テト,35390510,20503
2026-07-20 19:00:33,[MV] ABM - 'ヤラララ' (YARARARA) feat. 重音テト,35410489,19979
2026-07-20 20:00:30,[MV] ABM - 'ヤラララ' (YARARARA) feat. 重音テト,35432662,22173
2026-07-20 21:00:35,[MV] ABM - 'ヤラララ' (YARARARA) feat. 重音テト,35458096,25434
2026-07-20 22:00:36,[MV] ABM - 'ヤラララ' (YARARARA) feat. 重音テト,35480551,22455
2026-07-20 23:00:36,[MV] ABM - 'ヤラララ' (YARARARA) feat. 重音テト,35503326,22775
2026-07-21 00:00:34,[MV] ABM - 'ヤラララ' (YARARARA) feat. 重音テト,35526809,23483
2026-07-21 01:00:39,[MV] ABM - 'ヤラララ' (YARARARA) feat. 重音テト,35546636,19827
2026-07-21 02:00:32,[MV] ABM - 'ヤラララ' (YARARARA) feat. 重音テト,35565575,18939
2026-07-21 03:00:34,[MV] ABM - 'ヤラララ' (YARARARA) feat. 重音テト,35585988,20413
2026-07-21 04:00:37,[MV] ABM - 'ヤラララ' (YARARARA) feat. 重音テト,35605723,19735
2026-07-21 05:00:30,[MV] ABM - 'ヤラララ' (YARARARA) feat. 重音テト,35624276,18553
2026-07-21 06:00:30,[MV] ABM - 'ヤラララ' (YARARARA) feat. 重音テト,35640335,16059
2026-07-21 07:00:29,[MV] ABM - 'ヤラララ' (YARARARA) feat. 重音テト,35659782,19447
2026-07-21 08:00:35,[MV] ABM - 'ヤラララ' (YARARARA) feat. 重音テト,35680470,20688
2026-07-21 09:00:29,[MV] ABM - 'ヤラララ' (YARARARA) feat. 重音テト,35701269,20799
2026-07-21 10:00:35,[MV] ABM - 'ヤラララ' (YARARARA) feat. 重音テト,35721063,19794
2026-07-21 11:00:36,[MV] ABM - 'ヤラララ' (YARARARA) feat. 重音テト,35742527,21464
2026-07-21 12:00:34,[MV] ABM - 'ヤラララ' (YARARARA) feat. 重音テト,35762236,19709
2026-07-21 13:00:31,[MV] ABM - 'ヤラララ' (YARARARA) feat. 重音テト,35783141,20905
2026-07-21 14:00:35,[MV] ABM - 'ヤラララ' (YARARARA) feat. 重音テト,35800586,17445
2026-07-21 15:00:32,[MV] ABM - 'ヤラララ' (YARARARA) feat. 重音テト,35820445,19859
2026-07-21 16:00:31,[MV] ABM - 'ヤラララ' (YARARARA) feat. 重音テト,35840000,19555
2026-07-21 17:00:34,[MV] ABM - 'ヤラララ' (YARARARA) feat. 重音テト,35860583,20583
2026-07-21 18:00:30,[MV] ABM - 'ヤラララ' (YARARARA) feat. 重音テト,35882332,21749
2026-07-21 19:00:38,[MV] ABM - 'ヤラララ' (YARARARA) feat. 重音テト,35901457,19125
2026-07-21 20:00:36,[MV] ABM - 'ヤラララ' (YARARARA) feat. 重音テト,35924797,23340
2026-07-21 21:00:38,[MV] ABM - 'ヤラララ' (YARARARA) feat. 重音テト,35951391,26594
2026-07-21 22:00:42,[MV] ABM - 'ヤラララ' (YARARARA) feat. 重音テト,35977371,25980
2026-07-21 23:00:34,[MV] ABM - 'ヤラララ' (YARARARA) feat. 重音テト,36001971,24600
2026-07-22 00:00:37,[MV] ABM - 'ヤラララ' (YARARARA) feat. 重音テト,36020442,18471
2026-07-22 01:00:35,[MV] ABM - 'ヤラララ' (YARARARA) feat. 重音テト,36045395,24953
2026-07-22 02:00:31,[MV] ABM - 'ヤラララ' (YARARARA) feat. 重音テト,36062714,17319
2026-07-22 03:00:31,[MV] ABM - 'ヤラララ' (YARARARA) feat. 重音テト,36078423,15709
2026-07-22 04:00:33,[MV] ABM - 'ヤラララ' (YARARARA) feat. 重音テト,36099519,21096
2026-07-22 05:00:33,[MV] ABM - 'ヤラララ' (YARARARA) feat. 重音テト,36119124,19605
2026-07-22 06:00:37,[MV] ABM - 'ヤラララ' (YARARARA) feat. 重音テト,36136755,17631
2026-07-22 07:00:38,[MV] ABM - 'ヤラララ' (YARARARA) feat. 重音テト,36154984,18229
2026-07-22 08:00:34,[MV] ABM - 'ヤラララ' (YARARARA) feat. 重音テト,36174298,19314
2026-07-22 09:00:38,[MV] ABM - 'ヤラララ' (YARARARA) feat. 重音テト,36194732,20434
2026-07-22 10:00:35,[MV] ABM - 'ヤラララ' (YARARARA) feat. 重音テト,36215277,20545
2026-07-22 11:00:31,[MV] ABM - 'ヤラララ' (YARARARA) feat. 重音テト,36235123,19846
2026-07-22 12:00:35,[MV] ABM - 'ヤラララ' (YARARARA) feat. 重音テト,36256199,21076
2026-07-22 13:00:29,[MV] ABM - 'ヤラララ' (YARARARA) feat. 重音テト,36275191,18992
2026-07-22 14:00:38,[MV] ABM - 'ヤラララ' (YARARARA) feat. 重音テト,36292912,17721
2026-07-22 15:00:32,[MV] ABM - 'ヤラララ' (YARARARA) feat. 重音テト,36313097,20185
2026-07-22 16:00:42,[MV] ABM - 'ヤラララ' (YARARARA) feat. 重音テト,36333872,20775
2026-07-22 17:00:34,[MV] ABM - 'ヤラララ' (YARARARA) feat. 重音テト,36353060,19188
2026-07-22 18:00:33,[MV] ABM - 'ヤラララ' (YARARARA) feat. 重音テト,36372821,19761
2026-07-22 19:00:35,[MV] ABM - 'ヤラララ' (YARARARA) feat. 重音テト,36395205,22384
2026-07-22 20:00:34,[MV] ABM - 'ヤラララ' (YARARARA) feat. 重音テト,36417884,22679
2026-07-22 21:00:32,[MV] ABM - 'ヤラララ' (YARARARA) feat. 重音テト,36440989,23105
2026-07-22 22:00:38,[MV] ABM - 'ヤラララ' (YARARARA) feat. 重音テト,36461614,20625
2026-07-22 23:00:35,[MV] ABM - 'ヤラララ' (YARARARA) feat. 重音テト,36486957,25343
2026-07-23 00:00:36,[MV] ABM - 'ヤラララ' (YARARARA) feat. 重音テト,36511255,24298
2026-07-23 01:00:36,[MV] ABM - 'ヤラララ' (YARARARA) feat. 重音テト,36533345,22090
2026-07-23 02:00:34,[MV] ABM - 'ヤラララ' (YARARARA) feat. 重音テト,36553133,19788
2026-07-23 03:00:35,[MV] ABM - 'ヤラララ' (YARARARA) feat. 重音テト,36571453,18320
2026-07-23 04:00:37,[MV] ABM - 'ヤラララ' (YARARARA) feat. 重音テト,36590971,19518
2026-07-23 05:00:38,[MV] ABM - 'ヤラララ' (YARARARA) feat. 重音テト,36608251,17280
2026-07-23 06:00:35,[MV] ABM - 'ヤラララ' (YARARARA) feat. 重音テト,36626618,18367
2026-07-23 07:00:36,[MV] ABM - 'ヤラララ' (YARARARA) feat. 重音テト,36642065,15447
2026-07-23 08:00:31,[MV] ABM - 'ヤラララ' (YARARARA) feat. 重音テト,36662502,20437
2026-07-23 09:00:34,[MV] ABM - 'ヤラララ' (YARARARA) feat. 重音テト,36685502,23000
2026-07-23 10:00:30,[MV] ABM - 'ヤラララ' (YARARARA) feat. 重音テト,36702535,17033
2026-07-23 11:00:33,[MV] ABM - 'ヤラララ' (YARARARA) feat. 重音テト,36727321,24786
2026-07-23 12:00:32,[MV] ABM - 'ヤラララ' (YARARARA) feat. 重音テト,36745539,18218
2026-07-23 13:00:30,[MV] ABM - 'ヤラララ' (YARARARA) feat. 重音テト,36769259,23720
2026-07-23 14:00:35,[MV] ABM - 'ヤラララ' (YARARARA) feat. 重音テト,36787558,18299
2026-07-23 15:00:33,[MV] ABM - 'ヤラララ' (YARARARA) feat. 重音テト,36805300,17742
2026-07-23 16:00:35,[MV] ABM - 'ヤラララ' (YARARARA) feat. 重音テト,36827454,22154
2026-07-23 17:00:34,[MV] ABM - 'ヤラララ' (YARARARA) feat. 重音テト,36849159,21705
2026-07-23 18:00:35,[MV] ABM - 'ヤラララ' (YARARARA) feat. 重音テト,36869862,20703
2026-07-23 19:00:36,[MV] ABM - 'ヤラララ' (YARARARA) feat. 重音テト,36891306,21444
2026-07-23 20:00:33,[MV] ABM - 'ヤラララ' (YARARARA) feat. 重音テト,36911296,19990
2026-07-23 21:00:34,[MV] ABM - 'ヤラララ' (YARARARA) feat. 重音テト,36933469,22173
2026-07-23 22:00:38,[MV] ABM - 'ヤラララ' (YARARARA) feat. 重音テト,36954503,21034
2026-07-23 23:00:35,[MV] ABM - 'ヤラララ' (YARARARA) feat. 重音テト,36990947,36444
2026-07-24 00:00:43,[MV] ABM - 'ヤラララ' (YARARARA) feat. 重音テト,37012709,21762
2026-07-24 01:00:31,[MV] ABM - 'ヤラララ' (YARARARA) feat. 重音テト,37032057,19348
2026-07-24 02:00:46,[MV] ABM - 'ヤラララ' (YARARARA) feat. 重音テト,37047215,15158
2026-07-24 03:00:33,[MV] ABM - 'ヤラララ' (YARARARA) feat. 重音テト,37069876,22661
2026-07-24 04:00:31,[MV] ABM - 'ヤラララ' (YARARARA) feat. 重音テト,37090503,20627
2026-07-24 05:00:33,[MV] ABM - 'ヤラララ' (YARARARA) feat. 重音テト,37111349,20846
2026-07-24 06:00:35,[MV] ABM - 'ヤラララ' (YARARARA) feat. 重音テト,37127759,16410
2026-07-24 07:00:33,[MV] ABM - 'ヤラララ' (YARARARA) feat. 重音テト,37143822,16063
2026-07-24 08:00:31,[MV] ABM - 'ヤラララ' (YARARARA) feat. 重音テト,37166894,23072
2026-07-24 09:00:36,[MV] ABM - 'ヤラララ' (YARARARA) feat. 重音テト,37188542,21648
2026-07-24 10:00:31,[MV] ABM - 'ヤラララ' (YARARARA) feat. 重音テト,37208776,20234
2026-07-24 11:00:34,[MV] ABM - 'ヤラララ' (YARARARA) feat. 重音テト,37230668,21892
2026-07-24 12:00:46,[MV] ABM - 'ヤラララ' (YARARARA) feat. 重音テト,37250909,20241
2026-07-24 13:00:37,[MV] ABM - 'ヤラララ' (YARARARA) feat. 重音テト,37272832,21923
2026-07-24 14:00:33,[MV] ABM - 'ヤラララ' (YARARARA) feat. 重音テト,37293009,20177
2026-07-24 15:00:37,[MV] ABM - 'ヤラララ' (YARARARA) feat. 重音テト,37313814,20805
2026-07-24 16:00:31,[MV] ABM - 'ヤラララ' (YARARARA) feat. 重音テト,37335432,21618
2026-07-24 17:00:36,[MV] ABM - 'ヤラララ' (YARARARA) feat. 重音テト,37357416,21984
2026-07-24 18:01:01,[MV] ABM - 'ヤラララ' (YARARARA) feat. 重音テト,37377591,20175
2026-07-24 19:00:39,[MV] ABM - 'ヤラララ' (YARARARA) feat. 重音テト,37401394,23803
2026-07-24 20:00:35,[MV] ABM - 'ヤラララ' (YARARARA) feat. 重音テト,37425401,24007
2026-07-24 21:00:33,[MV] ABM - 'ヤラララ' (YARARARA) feat. 重音テト,37448836,23435
2026-07-24 22:00:32,[MV] ABM - 'ヤラララ' (YARARARA) feat. 重音テト,37474403,25567
2026-07-24 23:00:49,[MV] ABM - 'ヤラララ' (YARARARA) feat. 重音テト,37492801,18398
2026-07-25 00:00:37,[MV] ABM - 'ヤラララ' (YARARARA) feat. 重音テト,37523769,30968
2026-07-25 01:00:37,[MV] ABM - 'ヤラララ' (YARARARA) feat. 重音テト,37542755,18986
2026-07-25 02:00:35,[MV] ABM - 'ヤラララ' (YARARARA) feat. 重音テト,37564037,21282
2026-07-25 03:00:35,[MV] ABM - 'ヤラララ' (YARARARA) feat. 重音テト,37584667,20630
2026-07-25 04:00:32,[MV] ABM - 'ヤラララ' (YARARARA) feat. 重音テト,37601672,17005
2026-07-25 05:00:35,[MV] ABM - 'ヤラララ' (YARARARA) feat. 重音テト,37621654,19982
2026-07-25 06:00:30,[MV] ABM - 'ヤラララ' (YARARARA) feat. 重音テト,37636447,14793
2026-07-25 07:00:36,[MV] ABM - 'ヤラララ' (YARARARA) feat. 重音テト,37655737,19290
2026-07-25 08:00:34,[MV] ABM - 'ヤラララ' (YARARARA) feat. 重音テト,37675608,19871
2026-07-25 09:00:40,[MV] ABM - 'ヤラララ' (YARARARA) feat. 重音テト,37694748,19140
2026-07-25 10:00:31,[MV] ABM - 'ヤラララ' (YARARARA) feat. 重音テト,37715416,20668
2026-07-25 11:00:32,[MV] ABM - 'ヤラララ' (YARARARA) feat. 重音テト,37740385,24969
2026-07-25 12:00:43,[MV] ABM - 'ヤラララ' (YARARARA) feat. 重音テト,37764706,24321
2026-07-25 13:00:38,[MV] ABM - 'ヤラララ' (YARARARA) feat. 重音テト,37786024,21318
2026-07-25 14:00:36,[MV] ABM - 'ヤラララ' (YARARARA) feat. 重音テト,37806890,20866
2026-07-25 15:00:29,[MV] ABM - 'ヤラララ' (YARARARA) feat. 重音テト,37828153,21263
2026-07-25 16:00:38,[MV] ABM - 'ヤラララ' (YARARARA) feat. 重音テト,37850997,22844
2026-07-25 17:00:31,[MV] ABM - 'ヤラララ' (YARARARA) feat. 重音テト,37873418,22421
2026-07-25 18:00:35,[MV] ABM - 'ヤラララ' (YARARARA) feat. 重音テト,37898061,24643
2026-07-25 19:00:35,[MV] ABM - 'ヤラララ' (YARARARA) feat. 重音テト,37919846,21785
2026-07-25 20:00:34,[MV] ABM - 'ヤラララ' (YARARARA) feat. 重音テト,37941823,21977
2026-07-25 21:00:31,[MV] ABM - 'ヤラララ' (YARARARA) feat. 重音テト,37962615,20792
2026-07-25 22:00:37,[MV] ABM - 'ヤラララ' (YARARARA) feat. 重音テト,37982912,20297
2026-07-25 23:00:34,[MV] ABM - 'ヤラララ' (YARARARA) feat. 重音テト,38004773,21861
2026-07-26 00:00:36,[MV] ABM - 'ヤラララ' (YARARARA) feat. 重音テト,38036144,31371
2026-07-26 01:00:29,[MV] ABM - 'ヤラララ' (YARARARA) feat. 重音テト,38057752,21608
2026-07-26 02:00:32,[MV] ABM - 'ヤラララ' (YARARARA) feat. 重音テト,38079872,22120
2026-07-26 03:00:29,[MV] ABM - 'ヤラララ' (YARARARA) feat. 重音テト,38098064,18192
2026-07-26 04:00:33,[MV] ABM - 'ヤラララ' (YARARARA) feat. 重音テト,38120313,22249
2026-07-26 05:00:29,[MV] ABM - 'ヤラララ' (YARARARA) feat. 重音テト,38139000,18687
2026-07-26 06:00:33,[MV] ABM - 'ヤラララ' (YARARARA) feat. 重音テト,38154352,15352
2026-07-26 07:00:35,[MV] ABM - 'ヤラララ' (YARARARA) feat. 重音テト,38172332,17980
2026-07-26 08:00:34,[MV] ABM - 'ヤラララ' (YARARARA) feat. 重音テト,38189152,16820
2026-07-26 09:00:33,[MV] ABM - 'ヤラララ' (YARARARA) feat. 重音テト,38207935,18783
2026-07-26 10:00:31,[MV] ABM - 'ヤラララ' (YARARARA) feat. 重音テト,38229006,21071
2026-07-26 11:01:30,[MV] ABM - 'ヤラララ' (YARARARA) feat. 重音テト,38254941,25935
2026-07-26 12:00:30,[MV] ABM - 'ヤラララ' (YARARARA) feat. 重音テト,38275676,20735
2026-07-26 13:00:32,[MV] ABM - 'ヤラララ' (YARARARA) feat. 重音テト,38298266,22590
2026-07-26 14:00:34,[MV] ABM - 'ヤラララ' (YARARARA) feat. 重音テト,38322271,24005
2026-07-26 15:00:30,[MV] ABM - 'ヤラララ' (YARARARA) feat. 重音テト,38342251,19980
2026-07-26 16:00:33,[MV] ABM - 'ヤラララ' (YARARARA) feat. 重音テト,38361016,18765
2026-07-26 17:00:32,[MV] ABM - 'ヤラララ' (YARARARA) feat. 重音テト,38387550,26534
2026-07-26 18:00:33,[MV] ABM - 'ヤラララ' (YARARARA) feat. 重音テト,38406840,19290
2026-07-26 19:00:34,[MV] ABM - 'ヤラララ' (YARARARA) feat. 重音テト,38426472,19632
2026-07-26 20:00:33,[MV] ABM - 'ヤラララ' (YARARARA) feat. 重音テト,38452437,25965
2026-07-26 21:00:32,[MV] ABM - 'ヤラララ' (YARARARA) feat. 重音テト,38476656,24219
2026-07-26 22:00:42,[MV] ABM - 'ヤラララ' (YARARARA) feat. 重音テト,38501644,24988
2026-07-26 23:00:32,[MV] ABM - 'ヤラララ' (YARARARA) feat. 重音テト,38521539,19895
2026-07-27 00:00:36,[MV] ABM - 'ヤラララ' (YARARARA) feat. 重音テト,38544256,22717
2026-07-27 01:00:35,[MV] ABM - 'ヤラララ' (YARARARA) feat. 重音テト,38563244,18988
2026-07-27 02:00:30,[MV] ABM - 'ヤラララ' (YARARARA) feat. 重音テト,38579750,16506
2026-07-27 03:00:30,[MV] ABM - 'ヤラララ' (YARARARA) feat. 重音テト,38599818,20068
2026-07-27 04:00:47,[MV] ABM - 'ヤラララ' (YARARARA) feat. 重音テト,38617179,17361
2026-07-27 05:00:30,[MV] ABM - 'ヤラララ' (YARARARA) feat. 重音テト,38634772,17593
2026-07-27 06:00:35,[MV] ABM - 'ヤラララ' (YARARARA) feat. 重音テト,38651273,16501
2026-07-27 07:00:34,[MV] ABM - 'ヤラララ' (YARARARA) feat. 重音テト,38667607,16334
2026-07-27 08:00:35,[MV] ABM - 'ヤラララ' (YARARARA) feat. 重音テト,38688651,21044
2026-07-27 09:00:34,[MV] ABM - 'ヤラララ' (YARARARA) feat. 重音テト,38709107,20456
2026-07-27 10:00:30,[MV] ABM - 'ヤラララ' (YARARARA) feat. 重音テト,38729074,19967
2026-07-27 11:00:31,[MV] ABM - 'ヤラララ' (YARARARA) feat. 重音テト,38747567,18493
2026-07-27 12:00:33,[MV] ABM - 'ヤラララ' (YARARARA) feat. 重音テト,38768347,20780
2026-07-27 13:00:28,[MV] ABM - 'ヤラララ' (YARARARA) feat. 重音テト,38787698,19351
2026-07-27 14:00:35,[MV] ABM - 'ヤラララ' (YARARARA) feat. 重音テト,38807872,20174
2026-07-27 15:00:33,[MV] ABM - 'ヤラララ' (YARARARA) feat. 重音テト,38827996,20124
2026-07-27 16:00:30,[MV] ABM - 'ヤラララ' (YARARARA) feat. 重音テト,38847997,20001
2026-07-27 17:00:34,[MV] ABM - 'ヤラララ' (YARARARA) feat. 重音テト,38869007,21010
2026-07-27 18:00:31,[MV] ABM - 'ヤラララ' (YARARARA) feat. 重音テト,38888989,19982
2026-07-27 19:00:34,[MV] ABM - 'ヤラララ' (YARARARA) feat. 重音テト,38910514,21525
2026-07-27 20:00:55,[MV] ABM - 'ヤラララ' (YARARARA) feat. 重音テト,38931399,20885
2026-07-27 21:00:33,[MV] ABM - 'ヤラララ' (YARARARA) feat. 重音テト,38956413,25014
2026-07-27 22:00:34,[MV] ABM - 'ヤラララ' (YARARARA) feat. 重音テト,38979881,23468
2026-07-27 23:00:33,[MV] ABM - 'ヤラララ' (YARARARA) feat. 重音テト,38997835,17954
2026-07-28 00:00:41,[MV] ABM - 'ヤラララ' (YARARARA) feat. 重音テト,39020615,22780
2026-07-28 01:00:33,[MV] ABM - 'ヤラララ' (YARARARA) feat. 重音テト,39040348,19733
2026-07-28 02:00:34,[MV] ABM - 'ヤラララ' (YARARARA) feat. 重音テト,39059633,19285
2026-07-28 03:00:31,[MV] ABM - 'ヤラララ' (YARARARA) feat. 重音テト,39078002,18369
2026-07-28 04:00:39,[MV] ABM - 'ヤラララ' (YARARARA) feat. 重音テト,39094113,16111
2026-07-28 05:00:34,[MV] ABM - 'ヤラララ' (YARARARA) feat. 重音テト,39112265,18152
2026-07-28 06:00:33,[MV] ABM - 'ヤラララ' (YARARARA) feat. 重音テト,39127318,15053
2026-07-28 07:00:36,[MV] ABM - 'ヤラララ' (YARARARA) feat. 重音テト,39145017,17699
2026-07-28 08:00:30,[MV] ABM - 'ヤラララ' (YARARARA) feat. 重音テト,39164428,19411
2026-07-28 09:00:32,[MV] ABM - 'ヤラララ' (YARARARA) feat. 重音テト,39184072,19644
2026-07-28 10:00:34,[MV] ABM - 'ヤラララ' (YARARARA) feat. 重音テト,39204588,20516
2026-07-28 11:00:37,[MV] ABM - 'ヤラララ' (YARARARA) feat. 重音テト,39224607,20019
2026-07-28 12:00:30,[MV] ABM - 'ヤラララ' (YARARARA) feat. 重音テト,39240016,15409
2026-07-28 13:00:38,[MV] ABM - 'ヤラララ' (YARARARA) feat. 重音テト,39259336,19320
2026-07-28 14:00:40,[MV] ABM - 'ヤラララ' (YARARARA) feat. 重音テト,39280940,21604
2026-07-28 15:00:36,[MV] ABM - 'ヤラララ' (YARARARA) feat. 重音テト,39298013,17073
2026-07-28 16:00:33,[MV] ABM - 'ヤラララ' (YARARARA) feat. 重音テト,39314376,16363
2026-07-28 17:00:32,[MV] ABM - 'ヤラララ' (YARARARA) feat. 重音テト,39339471,25095
2026-07-28 18:00:36,[MV] ABM - 'ヤラララ' (YARARARA) feat. 重音テト,39354293,14822
2026-07-28 19:00:55,[MV] ABM - 'ヤラララ' (YARARARA) feat. 重音テト,39373263,18970
2026-07-28 20:00:38,[MV] ABM - 'ヤラララ' (YARARARA) feat. 重音テト,39401822,28559
2026-07-28 21:00:35,[MV] ABM - 'ヤラララ' (YARARARA) feat. 重音テト,39421204,19382
2026-07-28 22:00:33,[MV] ABM - 'ヤラララ' (YARARARA) feat. 重音テト,39442453,21249
2026-07-28 23:00:42,[MV] ABM - 'ヤラララ' (YARARARA) feat. 重音テト,39471172,28719
2026-07-29 00:00:30,[MV] ABM - 'ヤラララ' (YARARARA) feat. 重音テト,39496703,25531
2026-07-29 01:00:33,[MV] ABM - 'ヤラララ' (YARARARA) feat. 重音テト,39520544,23841
2026-07-29 02:00:32,[MV] ABM - 'ヤラララ' (YARARARA) feat. 重音テト,39537264,16720
2026-07-29 03:00:37,[MV] ABM - 'ヤラララ' (YARARARA) feat. 重音テト,39558164,20900
2026-07-29 04:00:37,[MV] ABM - 'ヤラララ' (YARARARA) feat. 重音テト,39575597,17433
2026-07-29 05:00:40,[MV] ABM - 'ヤラララ' (YARARARA) feat. 重音テト,39591825,16228
2026-07-29 06:00:34,[MV] ABM - 'ヤラララ' (YARARARA) feat. 重音テト,39610070,18245
2026-07-29 07:00:34,[MV] ABM - 'ヤラララ' (YARARARA) feat. 重音テト,39625478,15408
2026-07-29 08:00:42,[MV] ABM - 'ヤラララ' (YARARARA) feat. 重音テト,39646444,20966
2026-07-29 09:00:33,[MV] ABM - 'ヤラララ' (YARARARA) feat. 重音テト,39663550,17106
2026-07-29 10:00:38,[MV] ABM - 'ヤラララ' (YARARARA) feat. 重音テト,39682738,19188
2026-07-29 11:00:33,[MV] ABM - 'ヤラララ' (YARARARA) feat. 重音テト,39703009,20271
2026-07-29 12:00:37,[MV] ABM - 'ヤラララ' (YARARARA) feat. 重音テト,39722498,19489
2026-07-29 13:00:45,[MV] ABM - 'ヤラララ' (YARARARA) feat. 重音テト,39743541,21043
2026-07-29 14:00:35,[MV] ABM - 'ヤラララ' (YARARARA) feat. 重音テト,39760106,16565
2026-07-29 15:00:32,[MV] ABM - 'ヤラララ' (YARARARA) feat. 重音テト,39781505,21399
2026-07-29 16:00:34,[MV] ABM - 'ヤラララ' (YARARARA) feat. 重音テト,39799542,18037
2026-07-29 17:00:35,[MV] ABM - 'ヤラララ' (YARARARA) feat. 重音テト,39818409,18867
2026-07-29 18:00:35,[MV] ABM - 'ヤラララ' (YARARARA) feat. 重音テト,39836112,17703
2026-07-29 19:00:45,[MV] ABM - 'ヤラララ' (YARARARA) feat. 重音テト,39853567,17455
2026-07-29 20:00:43,[MV] ABM - 'ヤラララ' (YARARARA) feat. 重音テト,39871477,17910
2026-07-29 21:00:34,[MV] ABM - 'ヤラララ' (YARARARA) feat. 重音テト,39899514,28037
2026-07-29 22:16:53,[MV] ABM - 'ヤラララ' (YARARARA) feat. 重音テト,39930137,30623
2026-07-29 23:00:37,[MV] ABM - 'ヤラララ' (YARARARA) feat. 重音テト,39946644,16507
2026-07-30 00:00:51,[MV] ABM - 'ヤラララ' (YARARARA) feat. 重音テト,39968122,21478
2026-07-30 01:00:38,[MV] ABM - 'ヤラララ' (YARARARA) feat. 重音テト,39981133,13011
2026-07-30 02:00:40,[MV] ABM - 'ヤラララ' (YARARARA) feat. 重音テト,40002908,21775
2026-07-30 03:00:33,[MV] ABM - 'ヤラララ' (YARARARA) feat. 重音テト,40024502,21594
2026-07-30 04:00:34,[MV] ABM - 'ヤラララ' (YARARARA) feat. 重音テト,40040123,15621
2026-07-30 05:00:35,[MV] ABM - 'ヤラララ' (YARARARA) feat. 重音テト,40054929,14806
2026-07-30 06:00:32,[MV] ABM - 'ヤラララ' (YARARARA) feat. 重音テト,40070559,15630
2026-07-30 07:00:36,[MV] ABM - 'ヤラララ' (YARARARA) feat. 重音テト,40088709,18150
2026-07-30 08:00:30,[MV] ABM - 'ヤラララ' (YARARARA) feat. 重音テト,40105947,17238
2026-07-30 09:00:32,[MV] ABM - 'ヤラララ' (YARARARA) feat. 重音テト,40125619,19672
2026-07-30 10:00:34,[MV] ABM - 'ヤラララ' (YARARARA) feat. 重音テト,40146262,20643
2026-07-30 11:00:33,[MV] ABM - 'ヤラララ' (YARARARA) feat. 重音テト,40163303,17041
2026-07-30 12:00:29,[MV] ABM - 'ヤラララ' (YARARARA) feat. 重音テト,40180202,16899
2026-07-30 13:00:33,[MV] ABM - 'ヤラララ' (YARARARA) feat. 重音テト,40200957,20755
2026-07-30 14:00:32,[MV] ABM - 'ヤラララ' (YARARARA) feat. 重音テト,40221203,20246
2026-07-30 15:00:45,[MV] ABM - 'ヤラララ' (YARARARA) feat. 重音テト,40239934,18731
2026-07-30 16:00:35,[MV] ABM - 'ヤラララ' (YARARARA) feat. 重音テト,40259251,19317
2026-07-30 17:00:32,[MV] ABM - 'ヤラララ' (YARARARA) feat. 重音テト,40278686,19435
2026-07-30 18:00:40,[MV] ABM - 'ヤラララ' (YARARARA) feat. 重音テト,40297709,19023
2026-07-30 19:00:39,[MV] ABM - 'ヤラララ' (YARARARA) feat. 重音テト,40317790,20081
2026-07-30 20:00:38,[MV] ABM - 'ヤラララ' (YARARARA) feat. 重音テト,40337305,19515
2026-07-30 21:00:36,[MV] ABM - 'ヤラララ' (YARARARA) feat. 重音テト,40355322,18017
2026-07-30 22:00:34,[MV] ABM - 'ヤラララ' (YARARARA) feat. 重音テト,40376645,21323
2026-07-30 23:00:36,[MV] ABM - 'ヤラララ' (YARARARA) feat. 重音テト,40399361,22716
2026-07-31 00:00:34,[MV] ABM - 'ヤラララ' (YARARARA) feat. 重音テト,40419105,19744
2026-07-31 01:00:37,[MV] ABM - 'ヤラララ' (YARARARA) feat. 重音テト,40437295,18190
2026-07-31 02:00:40,[MV] ABM - 'ヤラララ' (YARARARA) feat. 重音テト,40452257,14962
2026-07-31 03:00:32,[MV] ABM - 'ヤラララ' (YARARARA) feat. 重音テト,40474965,22708
2026-07-31 04:00:32,[MV] ABM - 'ヤラララ' (YARARARA) feat. 重音テト,40494831,19866
2026-07-31 05:00:29,[MV] ABM - 'ヤラララ' (YARARARA) feat. 重音テト,40514249,19418
2026-07-31 06:00:35,[MV] ABM - 'ヤラララ' (YARARARA) feat. 重音テト,40530143,15894
2026-07-31 07:00:33,[MV] ABM - 'ヤラララ' (YARARARA) feat. 重音テト,40546841,16698
2026-07-31 08:00:29,[MV] ABM - 'ヤラララ' (YARARARA) feat. 重音テト,40564567,17726
2026-07-31 09:00:38,[MV] ABM - 'ヤラララ' (YARARARA) feat. 重音テト,40584564,19997
2026-07-31 10:00:33,[MV] ABM - 'ヤラララ' (YARARARA) feat. 重音テト,40604540,19976
2026-07-31 11:00:36,[MV] ABM - 'ヤラララ' (YARARARA) feat. 重音テト,40625392,20852
2026-07-31 12:00:29,[MV] ABM - 'ヤラララ' (YARARARA) feat. 重音テト,40646854,21462
2026-07-31 13:00:31,[MV] ABM - 'ヤラララ' (YARARARA) feat. 重音テト,40666172,19318
2026-07-31 14:00:33,[MV] ABM - 'ヤラララ' (YARARARA) feat. 重音テト,40685902,19730
2026-07-31 15:00:34,[MV] ABM - 'ヤラララ' (YARARARA) feat. 重音テト,40705667,19765
2026-07-31 16:00:33,[MV] ABM - 'ヤラララ' (YARARARA) feat. 重音テト,40726083,20416
2026-07-31 17:00:34,[MV] ABM - 'ヤラララ' (YARARARA) feat. 重音テト,40745062,18979
2026-07-31 18:00:34,[MV] ABM - 'ヤラララ' (YARARARA) feat. 重音テト,40763867,18805
2026-07-31 19:00:33,[MV] ABM - 'ヤラララ' (YARARARA) feat. 重音テト,40779129,15262
2026-07-31 20:00:42,[MV] ABM - 'ヤラララ' (YARARARA) feat. 重音テト,40799911,20782
2026-07-31 21:00:36,[MV] ABM - 'ヤラララ' (YARARARA) feat. 重音テト,40830364,30453
2026-07-31 22:00:32,[MV] ABM - 'ヤラララ' (YARARARA) feat. 重音テト,40854631,24267
2026-07-31 23:00:35,[MV] ABM - 'ヤラララ' (YARARARA) feat. 重音テト,40879218,24587
2026-08-01 00:00:38,[MV] ABM - 'ヤラララ' (YARARARA) feat. 重音テト,40894072,14854
2026-08-01 01:00:38,[MV] ABM - 'ヤラララ' (YARARARA) feat. 重音テト,40925090,31018
2026-08-01 02:00:37,[MV] ABM - 'ヤラララ' (YARARARA) feat. 重音テト,40943735,18645
2026-08-01 03:00:41,[MV] ABM - 'ヤラララ' (YARARARA) feat. 重音テト,40962492,18757
2026-08-01 04:00:36,[MV] ABM - 'ヤラララ' (YARARARA) feat. 重音テト,40980791,18299
2026-08-01 05:00:41,[MV] ABM - 'ヤラララ' (YARARARA) feat. 重音テト,41002271,21480
2026-08-01 06:00:33,[MV] ABM - 'ヤラララ' (YARARARA) feat. 重音テト,41015488,13217
2026-08-01 07:00:38,[MV] ABM - 'ヤラララ' (YARARARA) feat. 重音テト,41033709,18221
2026-08-01 08:00:30,[MV] ABM - 'ヤラララ' (YARARARA) feat. 重音テト,41049740,16031
2026-08-01 09:00:34,[MV] ABM - 'ヤラララ' (YARARARA) feat. 重音テト,41072992,23252
2026-08-01 10:00:34,[MV] ABM - 'ヤラララ' (YARARARA) feat. 重音テト,41096425,23433
2026-08-01 11:00:39,[MV] ABM - 'ヤラララ' (YARARARA) feat. 重音テト,41116521,20096
2026-08-01 12:00:38,[MV] ABM - 'ヤラララ' (YARARARA) feat. 重音テト,41142927,26406
2026-08-01 13:00:44,[MV] ABM - 'ヤラララ' (YARARARA) feat. 重音テト,41165359,22432
2026-08-01 14:00:40,[MV] ABM - 'ヤラララ' (YARARARA) feat. 重音テト,41185530,20171
2026-08-01 15:00:39,[MV] ABM - 'ヤラララ' (YARARARA) feat. 重音テト,41205713,20183
2026-08-01 16:00:39,[MV] ABM - 'ヤラララ' (YARARARA) feat. 重音テト,41221666,15953
2026-08-01 17:00:28,[MV] ABM - 'ヤラララ' (YARARARA) feat. 重音テト,41249205,27539
2026-08-01 18:00:32,[MV] ABM - 'ヤラララ' (YARARARA) feat. 重音テト,41265042,15837
2026-08-01 19:00:37,[MV] ABM - 'ヤラララ' (YARARARA) feat. 重音テト,41284813,19771
2026-08-01 20:00:34,[MV] ABM - 'ヤラララ' (YARARARA) feat. 重音テト,41307338,22525
2026-08-01 21:00:41,[MV] ABM - 'ヤラララ' (YARARARA) feat. 重音テト,41325200,17862
2026-08-01 22:00:32,[MV] ABM - 'ヤラララ' (YARARARA) feat. 重音テト,41356564,31364
2026-08-01 23:00:41,[MV] ABM - 'ヤラララ' (YARARARA) feat. 重音テト,41378480,21916
2026-08-02 00:00:34,[MV] ABM - 'ヤラララ' (YARARARA) feat. 重音テト,41402577,24097
2026-08-02 01:00:28,[MV] ABM - 'ヤラララ' (YARARARA) feat. 重音テト,41423406,20829
2026-08-02 02:00:33,[MV] ABM - 'ヤラララ' (YARARARA) feat. 重音テト,41440886,17480
2026-08-02 03:00:35,[MV] ABM - 'ヤラララ' (YARARARA) feat. 重音テト,41464587,23701
2026-08-02 04:01:26,[MV] ABM - 'ヤラララ' (YARARARA) feat. 重音テト,41481472,16885
2026-08-02 05:00:37,[MV] ABM - 'ヤラララ' (YARARARA) feat. 重音テト,41496335,14863
2026-08-02 06:00:30,[MV] ABM - 'ヤラララ' (YARARARA) feat. 重音テト,41514257,17922
2026-08-02 07:00:30,[MV] ABM - 'ヤラララ' (YARARARA) feat. 重音テト,41526753,12496
2026-08-02 08:00:34,[MV] ABM - 'ヤラララ' (YARARARA) feat. 重音テト,41538452,11699
2026-08-02 09:00:33,[MV] ABM - 'ヤラララ' (YARARARA) feat. 重音テト,41557218,18766
2026-08-02 10:00:34,[MV] ABM - 'ヤラララ' (YARARARA) feat. 重音テト,41573017,15799
2026-08-02 11:00:37,[MV] ABM - 'ヤラララ' (YARARARA) feat. 重音テト,41595261,22244
2026-08-02 12:00:33,[MV] ABM - 'ヤラララ' (YARARARA) feat. 重音テト,41618269,23008
2026-08-02 13:00:34,[MV] ABM - 'ヤラララ' (YARARARA) feat. 重音テト,41638625,20356
2026-08-02 14:00:31,[MV] ABM - 'ヤラララ' (YARARARA) feat. 重音テト,41658222,19597
2026-08-02 15:00:33,[MV] ABM - 'ヤラララ' (YARARARA) feat. 重音テト,41678987,20765
2026-08-02 16:00:31,[MV] ABM - 'ヤラララ' (YARARARA) feat. 重音テト,41699646,20659
2026-08-02 17:00:31,[MV] ABM - 'ヤラララ' (YARARARA) feat. 重音テト,41727775,28129
2026-08-02 18:00:32,[MV] ABM - 'ヤラララ' (YARARARA) feat. 重音テト,41742084,14309
2026-08-02 19:00:33,[MV] ABM - 'ヤラララ' (YARARARA) feat. 重音テト,41758045,15961
2026-08-02 20:00:35,[MV] ABM - 'ヤラララ' (YARARARA) feat. 重音テト,41779858,21813
2026-08-02 21:00:32,[MV] ABM - 'ヤラララ' (YARARARA) feat. 重音テト,41797813,17955
2026-08-02 22:00:40,[MV] ABM - 'ヤラララ' (YARARARA) feat. 重音テト,41818688,20875
2026-08-02 23:00:36,[MV] ABM - 'ヤラララ' (YARARARA) feat. 重音テト,41840074,21386
2026-08-03 00:00:31,[MV] ABM - 'ヤラララ' (YARARARA) feat. 重音テト,41857131,17057
2026-08-03 01:00:31,[MV] ABM - 'ヤラララ' (YARARARA) feat. 重音テト,41876185,19054
2026-08-03 02:00:33,[MV] ABM - 'ヤラララ' (YARARARA) feat. 重音テト,41894143,17958
2026-08-03 03:00:35,[MV] ABM - 'ヤラララ' (YARARARA) feat. 重音テト,41911443,17300
2026-08-03 04:00:37,[MV] ABM - 'ヤラララ' (YARARARA) feat. 重音テト,41926814,15371
2026-08-03 05:00:30,[MV] ABM - 'ヤラララ' (YARARARA) feat. 重音テト,41944072,17258
2026-08-03 06:00:28,[MV] ABM - 'ヤラララ' (YARARARA) feat. 重音テト,41958928,14856
2026-08-03 07:00:35,[MV] ABM - 'ヤラララ' (YARARARA) feat. 重音テト,41973271,14343
2026-08-03 08:00:32,[MV] ABM - 'ヤラララ' (YARARARA) feat. 重音テト,41988795,15524
2026-08-03 09:00:31,[MV] ABM - 'ヤラララ' (YARARARA) feat. 重音テト,42008047,19252
2026-08-03 10:00:34,[MV] ABM - 'ヤラララ' (YARARARA) feat. 重音テト,42026841,18794
2026-08-03 11:00:33,[MV] ABM - 'ヤラララ' (YARARARA) feat. 重音テト,42046019,19178
2026-08-03 12:00:32,[MV] ABM - 'ヤラララ' (YARARARA) feat. 重音テト,42063124,17105
2026-08-03 13:00:31,[MV] ABM - 'ヤラララ' (YARARARA) feat. 重音テト,42082455,19331
2026-08-03 14:00:29,[MV] ABM - 'ヤラララ' (YARARARA) feat. 重音テト,42100464,18009
2026-08-03 15:01:03,[MV] ABM - 'ヤラララ' (YARARARA) feat. 重音テト,42118299,17835
2026-08-03 16:00:35,[MV] ABM - 'ヤラララ' (YARARARA) feat. 重音テト,42135207,16908
2026-08-03 17:00:36,[MV] ABM - 'ヤラララ' (YARARARA) feat. 重音テト,42161472,26265
2026-08-03 18:00:40,[MV] ABM - 'ヤラララ' (YARARARA) feat. 重音テト,42170105,8633
2026-08-03 19:00:34,[MV] ABM - 'ヤラララ' (YARARARA) feat. 重音テト,42187585,17480
2026-08-03 20:00:47,[MV] ABM - 'ヤラララ' (YARARARA) feat. 重音テト,42208745,21160
2026-08-03 21:00:42,[MV] ABM - 'ヤラララ' (YARARARA) feat. 重音テト,42229168,20423
2026-08-03 22:00:39,[MV] ABM - 'ヤラララ' (YARARARA) feat. 重音テト,42250462,21294
2026-08-03 23:00:35,[MV] ABM - 'ヤラララ' (YARARARA) feat. 重音テト,42272277,21815
2026-08-04 00:00:35,[MV] ABM - 'ヤラララ' (YARARARA) feat. 重音テト,42292415,20138
2026-08-04 01:00:38,[MV] ABM - 'ヤラララ' (YARARARA) feat. 重音テト,42312438,20023
2026-08-04 02:00:34,[MV] ABM - 'ヤラララ' (YARARARA) feat. 重音テト,42330239,17801
2026-08-04 03:00:39,[MV] ABM - 'ヤラララ' (YARARARA) feat. 重音テト,42348438,18199
2026-08-04 04:00:38,[MV] ABM - 'ヤラララ' (YARARARA) feat. 重音テト,42363651,15213
2026-08-04 05:00:39,[MV] ABM - 'ヤラララ' (YARARARA) feat. 重音テト,42379010,15359
2026-08-04 06:00:46,[MV] ABM - 'ヤラララ' (YARARARA) feat. 重音テト,42394748,15738
2026-08-04 07:00:34,[MV] ABM - 'ヤラララ' (YARARARA) feat. 重音テト,42410579,15831
2026-08-04 08:00:34,[MV] ABM - 'ヤラララ' (YARARARA) feat. 重音テト,42427228,16649
2026-08-04 09:00:33,[MV] ABM - 'ヤラララ' (YARARARA) feat. 重音テト,42444230,17002
2026-08-04 10:00:32,[MV] ABM - 'ヤラララ' (YARARARA) feat. 重音テト,42462648,18418
2026-08-04 11:00:37,[MV] ABM - 'ヤラララ' (YARARARA) feat. 重音テト,42481783,19135
2026-08-04 12:00:41,[MV] ABM - 'ヤラララ' (YARARARA) feat. 重音テト,42499529,17746
2026-08-04 13:00:38,[MV] ABM - 'ヤラララ' (YARARARA) feat. 重音テト,42518061,18532
2026-08-04 14:00:31,[MV] ABM - 'ヤラララ' (YARARARA) feat. 重音テト,42534728,16667
2026-08-04 15:00:35,[MV] ABM - 'ヤラララ' (YARARARA) feat. 重音テト,42551462,16734
2026-08-04 16:00:40,[MV] ABM - 'ヤラララ' (YARARARA) feat. 重音テト,42568925,17463
2026-08-04 17:00:49,[MV] ABM - 'ヤラララ' (YARARARA) feat. 重音テト,42592949,24024
2026-08-04 18:00:36,[MV] ABM - 'ヤラララ' (YARARARA) feat. 重音テト,42603881,10932
2026-08-04 19:00:44,[MV] ABM - 'ヤラララ' (YARARARA) feat. 重音テト,42618045,14164
2026-08-04 20:00:41,[MV] ABM - 'ヤラララ' (YARARARA) feat. 重音テト,42639075,21030
2026-08-04 21:00:39,[MV] ABM - 'ヤラララ' (YARARARA) feat. 重音テト,42659617,20542
2026-08-04 22:00:43,[MV] ABM - 'ヤラララ' (YARARARA) feat. 重音テト,42678922,19305
2026-08-04 23:00:40,[MV] ABM - 'ヤラララ' (YARARARA) feat. 重音テト,42699094,20172
2026-08-05 00:00:42,[MV] ABM - 'ヤラララ' (YARARARA) feat. 重音テト,42718496,19402
2026-08-05 01:00:35,[MV] ABM - 'ヤラララ' (YARARARA) feat. 重音テト,42735507,17011
2026-08-05 02:00:43,[MV] ABM - 'ヤラララ' (YARARARA) feat. 重音テト,42752286,16779
2026-08-05 03:00:35,[MV] ABM - 'ヤラララ' (YARARARA) feat. 重音テト,42767355,15069
2026-08-05 04:00:38,[MV] ABM - 'ヤラララ' (YARARARA) feat. 重音テト,42785636,18281
2026-08-05 05:00:38,[MV] ABM - 'ヤラララ' (YARARARA) feat. 重音テト,42800007,14371
2026-08-05 06:00:34,[MV] ABM - 'ヤラララ' (YARARARA) feat. 重音テト,42812271,12264
2026-08-05 07:00:40,[MV] ABM - 'ヤラララ' (YARARARA) feat. 重音テト,42826751,14480
2026-08-05 08:00:32,[MV] ABM - 'ヤラララ' (YARARARA) feat. 重音テト,42843048,16297
2026-08-05 09:00:33,[MV] ABM - 'ヤラララ' (YARARARA) feat. 重音テト,42860560,17512
2026-08-05 10:00:37,[MV] ABM - 'ヤラララ' (YARARARA) feat. 重音テト,42878942,18382
2026-08-05 11:00:42,[MV] ABM - 'ヤラララ' (YARARARA) feat. 重音テト,42897530,18588
2026-08-05 12:00:34,[MV] ABM - 'ヤラララ' (YARARARA) feat. 重音テト,42914988,17458
2026-08-05 13:00:34,[MV] ABM - 'ヤラララ' (YARARARA) feat. 重音テト,42933645,18657
2026-08-05 14:00:40,[MV] ABM - 'ヤラララ' (YARARARA) feat. 重音テト,42949383,15738
2026-08-05 15:00:35,[MV] ABM - 'ヤラララ' (YARARARA) feat. 重音テト,42964805,15422
2026-08-05 16:00:34,[MV] ABM - 'ヤラララ' (YARARARA) feat. 重音テト,42983428,18623
2026-08-05 17:00:38,[MV] ABM - 'ヤラララ' (YARARARA) feat. 重音テト,43003562,20134
2026-08-05 18:00:36,[MV] ABM - 'ヤラララ' (YARARARA) feat. 重音テト,43016676,13114
2026-08-05 19:00:35,[MV] ABM - 'ヤラララ' (YARARARA) feat. 重音テト,43030532,13856
2026-08-05 20:00:36,[MV] ABM - 'ヤラララ' (YARARARA) feat. 重音テト,43048810,18278
2026-08-05 21:00:41,[MV] ABM - 'ヤラララ' (YARARARA) feat. 重音テト,43068459,19649
2026-08-05 22:00:42,[MV] ABM - 'ヤラララ' (YARARARA) feat. 重音テト,43088561,20102
2026-08-05 23:00:35,[MV] ABM - 'ヤラララ' (YARARARA) feat. 重音テト,43107226,18665
2026-08-06 00:00:42,[MV] ABM - 'ヤラララ' (YARARARA) feat. 重音テト,43126629,19403
2026-08-06 01:00:43,[MV] ABM - 'ヤラララ' (YARARARA) feat. 重音テト,43144067,17438
2026-08-06 02:00:38,[MV] ABM - 'ヤラララ' (YARARARA) feat. 重音テト,43160191,16124
2026-08-06 03:00:35,[MV] ABM - 'ヤラララ' (YARARARA) feat. 重音テト,43174761,14570
2026-08-06 04:00:38,[MV] ABM - 'ヤラララ' (YARARARA) feat. 重音テト,43189704,14943
2026-08-06 05:00:34,[MV] ABM - 'ヤラララ' (YARARARA) feat. 重音テト,43203656,13952
2026-08-06 06:00:42,[MV] ABM - 'ヤラララ' (YARARARA) feat. 重音テト,43215405,11749
2026-08-06 07:00:39,[MV] ABM - 'ヤラララ' (YARARARA) feat. 重音テト,43230184,14779
2026-08-06 08:00:32,[MV] ABM - 'ヤラララ' (YARARARA) feat. 重音テト,43245084,14900
2026-08-06 09:00:30,[MV] ABM - 'ヤラララ' (YARARARA) feat. 重音テト,43262000,16916
2026-08-06 10:00:35,[MV] ABM - 'ヤラララ' (YARARARA) feat. 重音テト,43280080,18080
2026-08-06 11:00:34,[MV] ABM - 'ヤラララ' (YARARARA) feat. 重音テト,43295613,15533
2026-08-06 12:00:32,[MV] ABM - 'ヤラララ' (YARARARA) feat. 重音テト,43312329,16716
2026-08-06 13:00:34,[MV] ABM - 'ヤラララ' (YARARARA) feat. 重音テト,43329485,17156
2026-08-06 14:00:33,[MV] ABM - 'ヤラララ' (YARARARA) feat. 重音テト,43345937,16452
2026-08-06 15:00:39,[MV] ABM - 'ヤラララ' (YARARARA) feat. 重音テト,43357607,11670
2026-08-06 16:00:47,[MV] ABM - 'ヤラララ' (YARARARA) feat. 重音テト,43373630,16023
2026-08-06 17:00:36,[MV] ABM - 'ヤラララ' (YARARARA) feat. 重音テト,43398406,24776
2026-08-06 18:00:37,[MV] ABM - 'ヤラララ' (YARARARA) feat. 重音テト,43409073,10667
2026-08-06 19:00:38,[MV] ABM - 'ヤラララ' (YARARARA) feat. 重音テト,43424838,15765
2026-08-06 20:00:40,[MV] ABM - 'ヤラララ' (YARARARA) feat. 重音テト,43440524,15686
2026-08-06 21:00:47,[MV] ABM - 'ヤラララ' (YARARARA) feat. 重音テト,43461678,21154
2026-08-06 22:00:43,[MV] ABM - 'ヤラララ' (YARARARA) feat. 重音テト,43481348,19670
2026-08-07 00:05:18,[MV] ABM - 'ヤラララ' (YARARARA) feat. 重音テト,43523036,41688
2026-08-07 06:14:50,[MV] ABM - 'ヤラララ' (YARARARA) feat. 重音テト,43613149,90113
2026-08-07 07:00:44,[MV] ABM - 'ヤラララ' (YARARARA) feat. 重音テト,43625751,12602
2026-08-07 08:00:42,[MV] ABM - 'ヤラララ' (YARARARA) feat. 重音テト,43642476,16725
2026-08-07 09:00:34,[MV] ABM - 'ヤラララ' (YARARARA) feat. 重音テト,43660965,18489
2026-08-07 10:00:36,[MV] ABM - 'ヤラララ' (YARARARA) feat. 重音テト,43678061,17096
2026-08-07 11:00:33,[MV] ABM - 'ヤラララ' (YARARARA) feat. 重音テト,43695426,17365
2026-08-07 12:00:34,[MV] ABM - 'ヤラララ' (YARARARA) feat. 重音テト,43715075,19649
2026-08-07 13:00:36,[MV] ABM - 'ヤラララ' (YARARARA) feat. 重音テト,43724212,9137
2026-08-07 14:00:39,[MV] ABM - 'ヤラララ' (YARARARA) feat. 重音テト,43745798,21586
2026-08-07 15:00:38,[MV] ABM - 'ヤラララ' (YARARARA) feat. 重音テト,43769738,23940
2026-08-07 16:00:39,[MV] ABM - 'ヤラララ' (YARARARA) feat. 重音テト,43788220,18482
2026-08-07 17:00:39,[MV] ABM - 'ヤラララ' (YARARARA) feat. 重音テト,43804263,16043
2026-08-07 18:00:34,[MV] ABM - 'ヤラララ' (YARARARA) feat. 重音テト,43819191,14928
2026-08-07 19:00:35,[MV] ABM - 'ヤラララ' (YARARARA) feat. 重音テト,43838883,19692
2026-08-07 20:00:36,[MV] ABM - 'ヤラララ' (YARARARA) feat. 重音テト,43856755,17872
2026-08-07 21:00:32,[MV] ABM - 'ヤラララ' (YARARARA) feat. 重音テト,43873274,16519
2026-08-07 22:00:45,[MV] ABM - 'ヤラララ' (YARARARA) feat. 重音テト,43891632,18358
2026-08-07 23:00:43,[MV] ABM - 'ヤラララ' (YARARARA) feat. 重音テト,43907839,16207
2026-08-08 00:00:43,[MV] ABM - 'ヤラララ' (YARARARA) feat. 重音テト,43928020,20181
2026-08-08 01:00:38,[MV] ABM - 'ヤラララ' (YARARARA) feat. 重音テト,43949147,21127
2026-08-08 02:00:39,[MV] ABM - 'ヤラララ' (YARARARA) feat. 重音テト,43968124,18977
2026-08-08 03:00:51,[MV] ABM - 'ヤラララ' (YARARARA) feat. 重音テト,43980462,12338
2026-08-08 04:00:36,[MV] ABM - 'ヤラララ' (YARARARA) feat. 重音テト,43997111,16649
2026-08-08 05:00:38,[MV] ABM - 'ヤラララ' (YARARARA) feat. 重音テト,44012092,14981
2026-08-08 06:00:42,[MV] ABM - 'ヤラララ' (YARARARA) feat. 重音テト,44025340,13248
2026-08-08 07:00:36,[MV] ABM - 'ヤラララ' (YARARARA) feat. 重音テト,44039199,13859
2026-08-08 08:00:39,[MV] ABM - 'ヤラララ' (YARARARA) feat. 重音テト,44053005,13806
2026-08-08 09:00:35,[MV] ABM - 'ヤラララ' (YARARARA) feat. 重音テト,44070050,17045
2026-08-08 10:00:32,[MV] ABM - 'ヤラララ' (YARARARA) feat. 重音テト,44088081,18031
2026-08-08 11:00:39,[MV] ABM - 'ヤラララ' (YARARARA) feat. 重音テト,44107215,19134
2026-08-08 12:00:34,[MV] ABM - 'ヤラララ' (YARARARA) feat. 重音テト,44126501,19286
2026-08-08 13:00:30,[MV] ABM - 'ヤラララ' (YARARARA) feat. 重音テト,44140295,13794
2026-08-08 14:00:40,[MV] ABM - 'ヤラララ' (YARARARA) feat. 重音テト,44156570,16275
2026-08-08 15:00:31,[MV] ABM - 'ヤラララ' (YARARARA) feat. 重音テト,44174669,18099
2026-08-08 16:00:33,[MV] ABM - 'ヤラララ' (YARARARA) feat. 重音テト,44191740,17071
2026-08-08 17:00:30,[MV] ABM - 'ヤラララ' (YARARARA) feat. 重音テト,44207362,15622
2026-08-08 18:00:33,[MV] ABM - 'ヤラララ' (YARARARA) feat. 重音テト,44224786,17424
2026-08-08 19:00:39,[MV] ABM - 'ヤラララ' (YARARARA) feat. 重音テト,44240117,15331
2026-08-08 20:00:38,[MV] ABM - 'ヤラララ' (YARARARA) feat. 重音テト,44255623,15506
2026-08-08 21:00:33,[MV] ABM - 'ヤラララ' (YARARARA) feat. 重音テト,44273682,18059
2026-08-08 22:00:33,[MV] ABM - 'ヤラララ' (YARARARA) feat. 重音テト,44291070,17388
2026-08-08 23:00:34,[MV] ABM - 'ヤラララ' (YARARARA) feat. 重音テト,44309475,18405
2026-08-09 00:00:30,[MV] ABM - 'ヤラララ' (YARARARA) feat. 重音テト,44326967,17492
2026-08-09 01:00:37,[MV] ABM - 'ヤラララ' (YARARARA) feat. 重音テト,44342693,15726
2026-08-09 02:00:38,[MV] ABM - 'ヤラララ' (YARARARA) feat. 重音テト,44359458,16765
2026-08-09 03:00:31,[MV] ABM - 'ヤラララ' (YARARARA) feat. 重音テト,44375517,16059
2026-08-09 04:00:33,[MV] ABM - 'ヤラララ' (YARARARA) feat. 重音テト,44389772,14255
2026-08-09 05:00:29,[MV] ABM - 'ヤラララ' (YARARARA) feat. 重音テト,44403975,14203
2026-08-09 06:00:37,[MV] ABM - 'ヤラララ' (YARARARA) feat. 重音テト,44415840,11865
2026-08-09 07:00:37,[MV] ABM - 'ヤラララ' (YARARARA) feat. 重音テト,44427777,11937
2026-08-09 08:00:30,[MV] ABM - 'ヤラララ' (YARARARA) feat. 重音テト,44442772,14995
2026-08-09 09:00:38,[MV] ABM - 'ヤラララ' (YARARARA) feat. 重音テト,44458394,15622
2026-08-09 10:00:33,[MV] ABM - 'ヤラララ' (YARARARA) feat. 重音テト,44475018,16624
2026-08-09 11:00:35,[MV] ABM - 'ヤラララ' (YARARARA) feat. 重音テト,44492593,17575
2026-08-09 12:00:29,[MV] ABM - 'ヤラララ' (YARARARA) feat. 重音テト,44510061,17468
2026-08-09 13:00:31,[MV] ABM - 'ヤラララ' (YARARARA) feat. 重音テト,44526395,16334
2026-08-09 14:00:31,[MV] ABM - 'ヤラララ' (YARARARA) feat. 重音テト,44543560,17165
2026-08-09 15:00:30,[MV] ABM - 'ヤラララ' (YARARARA) feat. 重音テト,44560355,16795
2026-08-09 16:00:34,[MV] ABM - 'ヤラララ' (YARARARA) feat. 重音テト,44575833,15478
2026-08-09 17:00:34,[MV] ABM - 'ヤラララ' (YARARARA) feat. 重音テト,44593408,17575
2026-08-09 18:00:39,[MV] ABM - 'ヤラララ' (YARARARA) feat. 重音テト,44609075,15667
2026-08-09 19:00:32,[MV] ABM - 'ヤラララ' (YARARARA) feat. 重音テト,44622706,13631
2026-08-09 20:00:31,[MV] ABM - 'ヤラララ' (YARARARA) feat. 重音テト,44638861,16155
2026-08-09 21:00:34,[MV] ABM - 'ヤラララ' (YARARARA) feat. 重音テト,44656680,17819
2026-08-09 22:00:32,[MV] ABM - 'ヤラララ' (YARARARA) feat. 重音テト,44674115,17435
2026-08-09 23:00:32,[MV] ABM - 'ヤラララ' (YARARARA) feat. 重音テト,44689454,15339
2026-08-10 00:00:33,[MV] ABM - 'ヤラララ' (YARARARA) feat. 重音テト,44706058,16604
2026-08-10 01:00:31,[MV] ABM - 'ヤラララ' (YARARARA) feat. 重音テト,44721744,15686
2026-08-10 02:00:34,[MV] ABM - 'ヤラララ' (YARARARA) feat. 重音テト,44735448,13704
2026-08-10 03:00:40,[MV] ABM - 'ヤラララ' (YARARARA) feat. 重音テト,44751069,15621
2026-08-10 04:00:33,[MV] ABM - 'ヤラララ' (YARARARA) feat. 重音テト,44765159,14090
2026-08-10 05:00:32,[MV] ABM - 'ヤラララ' (YARARARA) feat. 重音テト,44777818,12659
2026-08-10 06:00:36,[MV] ABM - 'ヤラララ' (YARARARA) feat. 重音テト,44791285,13467
2026-08-10 07:00:29,[MV] ABM - 'ヤラララ' (YARARARA) feat. 重音テト,44803047,11762
2026-08-10 08:00:32,[MV] ABM - 'ヤラララ' (YARARARA) feat. 重音テト,44815587,12540
2026-08-10 09:00:32,[MV] ABM - 'ヤラララ' (YARARARA) feat. 重音テト,44832907,17320
2026-08-10 10:00:31,[MV] ABM - 'ヤラララ' (YARARARA) feat. 重音テト,44848574,15667
2026-08-10 11:00:30,[MV] ABM - 'ヤラララ' (YARARARA) feat. 重音テト,44865895,17321
2026-08-10 12:00:32,[MV] ABM - 'ヤラララ' (YARARARA) feat. 重音テト,44879740,13845
2026-08-10 13:00:31,[MV] ABM - 'ヤラララ' (YARARARA) feat. 重音テト,44894430,14690
2026-08-10 14:00:34,[MV] ABM - 'ヤラララ' (YARARARA) feat. 重音テト,44908829,14399
2026-08-10 15:00:31,[MV] ABM - 'ヤラララ' (YARARARA) feat. 重音テト,44923729,14900
2026-08-10 16:00:41,[MV] ABM - 'ヤラララ' (YARARARA) feat. 重音テト,44938018,14289
2026-08-10 17:00:32,[MV] ABM - 'ヤラララ' (YARARARA) feat. 重音テト,44952846,14828
2026-08-10 18:00:32,[MV] ABM - 'ヤラララ' (YARARARA) feat. 重音テト,44968482,15636
2026-08-10 19:00:37,[MV] ABM - 'ヤラララ' (YARARARA) feat. 重音テト,44983470,14988
2026-08-10 20:00:37,[MV] ABM - 'ヤラララ' (YARARARA) feat. 重音テト,45000165,16695
2026-08-10 21:00:38,[MV] ABM - 'ヤラララ' (YARARARA) feat. 重音テト,45016112,15947
2026-08-10 22:00:37,[MV] ABM - 'ヤラララ' (YARARARA) feat. 重音テト,45037065,20953
2026-08-10 23:00:35,[MV] ABM - 'ヤラララ' (YARARARA) feat. 重音テト,45053020,15955
2026-08-11 00:00:34,[MV] ABM - 'ヤラララ' (YARARARA) feat. 重音テト,45071108,18088
2026-08-11 01:00:37,[MV] ABM - 'ヤラララ' (YARARARA) feat. 重音テト,45086311,15203
2026-08-11 02:00:33,[MV] ABM - 'ヤラララ' (YARARARA) feat. 重音テト,45100102,13791
2026-08-11 03:00:34,[MV] ABM - 'ヤラララ' (YARARARA) feat. 重音テト,45112566,12464
2026-08-11 04:00:36,[MV] ABM - 'ヤラララ' (YARARARA) feat. 重音テト,45124032,11466
2026-08-11 05:00:34,[MV] ABM - 'ヤラララ' (YARARARA) feat. 重音テト,45136383,12351
2026-08-11 06:00:37,[MV] ABM - 'ヤラララ' (YARARARA) feat. 重音テト,45150082,13699
2026-08-11 07:00:37,[MV] ABM - 'ヤラララ' (YARARARA) feat. 重音テト,45162306,12224
2026-08-11 08:00:34,[MV] ABM - 'ヤラララ' (YARARARA) feat. 重音テト,45176341,14035
2026-08-11 09:00:34,[MV] ABM - 'ヤラララ' (YARARARA) feat. 重音テト,45190879,14538
2026-08-11 10:00:36,[MV] ABM - 'ヤラララ' (YARARARA) feat. 重音テト,45208847,17968
2026-08-11 11:00:31,[MV] ABM - 'ヤラララ' (YARARARA) feat. 重音テト,45222863,14016
2026-08-11 12:00:33,[MV] ABM - 'ヤラララ' (YARARARA) feat. 重音テト,45239405,16542
2026-08-11 13:00:33,[MV] ABM - 'ヤラララ' (YARARARA) feat. 重音テト,45252523,13118
2026-08-11 14:00:38,[MV] ABM - 'ヤラララ' (YARARARA) feat. 重音テト,45267540,15017
2026-08-11 15:00:31,[MV] ABM - 'ヤラララ' (YARARARA) feat. 重音テト,45280676,13136
2026-08-11 16:00:35,[MV] ABM - 'ヤラララ' (YARARARA) feat. 重音テト,45293514,12838
2026-08-11 17:00:38,[MV] ABM - 'ヤラララ' (YARARARA) feat. 重音テト,45308182,14668
2026-08-11 18:00:38,[MV] ABM - 'ヤラララ' (YARARARA) feat. 重音テト,45322887,14705
2026-08-11 19:00:42,[MV] ABM - 'ヤラララ' (YARARARA) feat. 重音テト,45337829,14942
2026-08-11 20:00:35,[MV] ABM - 'ヤラララ' (YARARARA) feat. 重音テト,45353396,15567
2026-08-11 21:00:31,[MV] ABM - 'ヤラララ' (YARARARA) feat. 重音テト,45369032,15636
2026-08-11 22:00:33,[MV] ABM - 'ヤラララ' (YARARARA) feat. 重音テト,45387200,18168
2026-08-11 23:00:33,[MV] ABM - 'ヤラララ' (YARARARA) feat. 重音テト,45401767,14567
2026-08-12 00:00:39,[MV] ABM - 'ヤラララ' (YARARARA) feat. 重音テト,45417606,15839
2026-08-12 01:03:26,[MV] ABM - 'ヤラララ' (YARARARA) feat. 重音テト,45430807,13201
2026-08-12 02:00:35,[MV] ABM - 'ヤラララ' (YARARARA) feat. 重音テト,45439378,8571
2026-08-12 03:00:45,[MV] ABM - 'ヤラララ' (YARARARA) feat. 重音テト,45448285,8907
2026-08-12 04:00:40,[MV] ABM - 'ヤラララ' (YARARARA) feat. 重音テト,45461039,12754
2026-08-12 05:00:35,[MV] ABM - 'ヤラララ' (YARARARA) feat. 重音テト,45472069,11030
2026-08-12 06:00:34,[MV] ABM - 'ヤラララ' (YARARARA) feat. 重音テト,45484023,11954
2026-08-12 07:00:38,[MV] ABM - 'ヤラララ' (YARARARA) feat. 重音テト,45497603,13580
2026-08-12 08:00:31,[MV] ABM - 'ヤラララ' (YARARARA) feat. 重音テト,45511675,14072
2026-08-12 09:00:33,[MV] ABM - 'ヤラララ' (YARARARA) feat. 重音テト,45525632,13957
2026-08-12 10:00:44,[MV] ABM - 'ヤラララ' (YARARARA) feat. 重音テト,45540300,14668
2026-08-12 11:00:29,[MV] ABM - 'ヤラララ' (YARARARA) feat. 重音テト,45555101,14801
2026-08-12 12:00:35,[MV] ABM - 'ヤラララ' (YARARARA) feat. 重音テト,45568410,13309
2026-08-12 13:00:34,[MV] ABM - 'ヤラララ' (YARARARA) feat. 重音テト,45583309,14899
2026-08-12 14:00:33,[MV] ABM - 'ヤラララ' (YARARARA) feat. 重音テト,45597455,14146
2026-08-12 15:00:37,[MV] ABM - 'ヤラララ' (YARARARA) feat. 重音テト,45612713,15258
2026-08-12 16:00:33,[MV] ABM - 'ヤラララ' (YARARARA) feat. 重音テト,45627146,14433
2026-08-12 17:00:34,[MV] ABM - 'ヤラララ' (YARARARA) feat. 重音テト,45647832,20686
2026-08-12 18:00:37,[MV] ABM - 'ヤラララ' (YARARARA) feat. 重音テト,45656934,9102
2026-08-12 19:00:35,[MV] ABM - 'ヤラララ' (YARARARA) feat. 重音テト,45668686,11752
2026-08-12 20:00:34,[MV] ABM - 'ヤラララ' (YARARARA) feat. 重音テト,45682962,14276
2026-08-12 21:00:33,[MV] ABM - 'ヤラララ' (YARARARA) feat. 重音テト,45700319,17357
2026-08-12 22:00:39,[MV] ABM - 'ヤラララ' (YARARARA) feat. 重音テト,45714745,14426
2026-08-12 23:00:35,[MV] ABM - 'ヤラララ' (YARARARA) feat. 重音テト,45733992,19247
2026-08-13 00:00:36,[MV] ABM - 'ヤラララ' (YARARARA) feat. 重音テト,45748899,14907
2026-08-13 01:00:35,[MV] ABM - 'ヤラララ' (YARARARA) feat. 重音テト,45764259,15360
2026-08-13 02:00:33,[MV] ABM - 'ヤラララ' (YARARARA) feat. 重音テト,45778554,14295
2026-08-13 03:00:33,[MV] ABM - 'ヤラララ' (YARARARA) feat. 重音テト,45791761,13207
2026-08-13 04:00:34,[MV] ABM - 'ヤラララ' (YARARARA) feat. 重音テト,45803152,11391
2026-08-13 05:00:32,[MV] ABM - 'ヤラララ' (YARARARA) feat. 重音テト,45816259,13107
2026-08-13 06:00:36,[MV] ABM - 'ヤラララ' (YARARARA) feat. 重音テト,45828296,12037
2026-08-13 07:00:32,[MV] ABM - 'ヤラララ' (YARARARA) feat. 重音テト,45838612,10316
2026-08-13 08:00:32,[MV] ABM - 'ヤラララ' (YARARARA) feat. 重音テト,45853236,14624
2026-08-13 09:00:35,[MV] ABM - 'ヤラララ' (YARARARA) feat. 重音テト,45867172,13936
2026-08-13 10:00:33,[MV] ABM - 'ヤラララ' (YARARARA) feat. 重音テト,45881748,14576
2026-08-13 11:00:34,[MV] ABM - 'ヤラララ' (YARARARA) feat. 重音テト,45897495,15747
2026-08-13 12:00:35,[MV] ABM - 'ヤラララ' (YARARARA) feat. 重音テト,45913254,15759
2026-08-13 13:00:37,[MV] ABM - 'ヤラララ' (YARARARA) feat. 重音テト,45929261,16007
2026-08-13 14:00:35,[MV] ABM - 'ヤラララ' (YARARARA) feat. 重音テト,45942584,13323
2026-08-13 15:00:37,[MV] ABM - 'ヤラララ' (YARARARA) feat. 重音テト,45957892,15308
2026-08-13 16:00:33,[MV] ABM - 'ヤラララ' (YARARARA) feat. 重音テト,45972811,14919
2026-08-13 17:00:32,[MV] ABM - 'ヤラララ' (YARARARA) feat. 重音テト,45991735,18924
2026-08-13 18:00:43,[MV] ABM - 'ヤラララ' (YARARARA) feat. 重音テト,46000748,9013
2026-08-13 19:00:38,[MV] ABM - 'ヤラララ' (YARARARA) feat. 重音テト,46013875,13127
2026-08-13 20:00:38,[MV] ABM - 'ヤラララ' (YARARARA) feat. 重音テト,46029016,15141
2026-08-13 21:00:55,[MV] ABM - 'ヤラララ' (YARARARA) feat. 重音テト,46045155,16139
2026-08-13 22:00:41,[MV] ABM - 'ヤラララ' (YARARARA) feat. 重音テト,46061710,16555
2026-08-13 23:00:32,[MV] ABM - 'ヤラララ' (YARARARA) feat. 重音テト,46078623,16913
2026-08-14 00:00:36,[MV] ABM - 'ヤラララ' (YARARARA) feat. 重音テト,46094922,16299
2026-08-14 01:00:36,[MV] ABM - 'ヤラララ' (YARARARA) feat. 重音テト,46108049,13127
2026-08-14 02:00:38,[MV] ABM - 'ヤラララ' (YARARARA) feat. 重音テト,46123112,15063
2026-08-14 03:00:35,[MV] ABM - 'ヤラララ' (YARARARA) feat. 重音テト,46134927,11815
2026-08-14 04:00:36,[MV] ABM - 'ヤラララ' (YARARARA) feat. 重音テト,46148434,13507
2026-08-14 05:00:35,[MV] ABM - 'ヤラララ' (YARARARA) feat. 重音テト,46159083,10649
2026-08-14 06:00:37,[MV] ABM - 'ヤラララ' (YARARARA) feat. 重音テト,46169964,10881
2026-08-14 07:00:32,[MV] ABM - 'ヤラララ' (YARARARA) feat. 重音テト,46183189,13225
2026-08-14 08:00:34,[MV] ABM - 'ヤラララ' (YARARARA) feat. 重音テト,46194011,10822
2026-08-14 09:00:35,[MV] ABM - 'ヤラララ' (YARARARA) feat. 重音テト,46206467,12456
2026-08-14 10:00:36,[MV] ABM - 'ヤラララ' (YARARARA) feat. 重音テト,46231401,24934
2026-08-14 11:00:40,[MV] ABM - 'ヤラララ' (YARARARA) feat. 重音テト,46249021,17620
2026-08-14 12:00:35,[MV] ABM - 'ヤラララ' (YARARARA) feat. 重音テト,46262664,13643
2026-08-14 13:00:39,[MV] ABM - 'ヤラララ' (YARARARA) feat. 重音テト,46277125,14461
2026-08-14 14:02:36,[MV] ABM - 'ヤラララ' (YARARARA) feat. 重音テト,46291037,13912
2026-08-14 16:00:33,[MV] ABM - 'ヤラララ' (YARARARA) feat. 重音テト,46316660,25623
2026-08-14 17:00:33,[MV] ABM - 'ヤラララ' (YARARARA) feat. 重音テト,46326855,10195
2026-08-14 18:00:33,[MV] ABM - 'ヤラララ' (YARARARA) feat. 重音テト,46345383,18528
2026-08-14 19:00:34,[MV] ABM - 'ヤラララ' (YARARARA) feat. 重音テト,46359432,14049
2026-08-14 20:00:38,[MV] ABM - 'ヤラララ' (YARARARA) feat. 重音テト,46373511,14079
2026-08-14 21:00:32,[MV] ABM - 'ヤラララ' (YARARARA) feat. 重音テト,46387898,14387
2026-08-14 22:00:36,[MV] ABM - 'ヤラララ' (YARARARA) feat. 重音テト,46403003,15105
2026-08-14 23:00:35,[MV] ABM - 'ヤラララ' (YARARARA) feat. 重音テト,46420357,17354
2026-08-15 00:00:35,[MV] ABM - 'ヤラララ' (YARARARA) feat. 重音テト,46434189,13832
2026-08-15 01:00:35,[MV] ABM - 'ヤラララ' (YARARARA) feat. 重音テト,46448130,13941
2026-08-15 02:00:37,[MV] ABM - 'ヤラララ' (YARARARA) feat. 重音テト,46458891,10761
2026-08-15 03:00:34,[MV] ABM - 'ヤラララ' (YARARARA) feat. 重音テト,46469562,10671
2026-08-15 04:00:32,[MV] ABM - 'ヤラララ' (YARARARA) feat. 重音テト,46482667,13105
2026-08-15 05:00:36,[MV] ABM - 'ヤラララ' (YARARARA) feat. 重音テト,46504122,21455
2026-08-15 06:00:37,[MV] ABM - 'ヤラララ' (YARARARA) feat. 重音テト,46515870,11748
2026-08-15 07:00:32,[MV] ABM - 'ヤラララ' (YARARARA) feat. 重音テト,46527860,11990
2026-08-15 08:00:36,[MV] ABM - 'ヤラララ' (YARARARA) feat. 重音テト,46540110,12250
2026-08-15 09:00:33,[MV] ABM - 'ヤラララ' (YARARARA) feat. 重音テト,46555504,15394
2026-08-15 10:00:36,[MV] ABM - 'ヤラララ' (YARARARA) feat. 重音テト,46570555,15051
2026-08-15 11:00:31,[MV] ABM - 'ヤラララ' (YARARARA) feat. 重音テト,46587496,16941
2026-08-15 12:00:37,[MV] ABM - 'ヤラララ' (YARARARA) feat. 重音テト,46605336,17840
2026-08-15 13:00:34,[MV] ABM - 'ヤラララ' (YARARARA) feat. 重音テト,46620324,14988
2026-08-15 14:00:35,[MV] ABM - 'ヤラララ' (YARARARA) feat. 重音テト,46636101,15777
2026-08-15 15:00:34,[MV] ABM - 'ヤラララ' (YARARARA) feat. 重音テト,46650129,14028
2026-08-15 16:00:31,[MV] ABM - 'ヤラララ' (YARARARA) feat. 重音テト,46664294,14165
2026-08-15 17:00:38,[MV] ABM - 'ヤラララ' (YARARARA) feat. 重音テト,46677728,13434
2026-08-15 18:00:36,[MV] ABM - 'ヤラララ' (YARARARA) feat. 重音テト,46693013,15285
2026-08-15 19:00:32,[MV] ABM - 'ヤラララ' (YARARARA) feat. 重音テト,46706676,13663
2026-08-15 20:00:34,[MV] ABM - 'ヤラララ' (YARARARA) feat. 重音テト,46720268,13592
2026-08-15 21:00:30,[MV] ABM - 'ヤラララ' (YARARARA) feat. 重音テト,46733127,12859
2026-08-15 22:00:36,[MV] ABM - 'ヤラララ' (YARARARA) feat. 重音テト,46749076,15949
2026-08-15 23:00:33,[MV] ABM - 'ヤラララ' (YARARARA) feat. 重音テト,46765867,16791
2026-08-16 00:00:33,[MV] ABM - 'ヤラララ' (YARARARA) feat. 重音テト,46780474,14607
2026-08-16 01:00:31,[MV] ABM - 'ヤラララ' (YARARARA) feat. 重音テト,46796834,16360
2026-08-16 02:00:33,[MV] ABM - 'ヤラララ' (YARARARA) feat. 重音テト,46812261,15427
2026-08-16 03:00:31,[MV] ABM - 'ヤラララ' (YARARARA) feat. 重音テト,46825018,12757
2026-08-16 04:00:33,[MV] ABM - 'ヤラララ' (YARARARA) feat. 重音テト,46838267,13249
2026-08-16 05:00:35,[MV] ABM - 'ヤラララ' (YARARARA) feat. 重音テト,46851678,13411
2026-08-16 06:00:34,[MV] ABM - 'ヤラララ' (YARARARA) feat. 重音テト,46863402,11724
2026-08-16 07:00:31,[MV] ABM - 'ヤラララ' (YARARARA) feat. 重音テト,46874413,11011
2026-08-16 08:00:34,[MV] ABM - 'ヤラララ' (YARARARA) feat. 重音テト,46886394,11981
2026-08-16 09:00:32,[MV] ABM - 'ヤラララ' (YARARARA) feat. 重音テト,46897483,11089
2026-08-16 10:00:30,[MV] ABM - 'ヤラララ' (YARARARA) feat. 重音テト,46913144,15661
2026-08-16 11:00:34,[MV] ABM - 'ヤラララ' (YARARARA) feat. 重音テト,46925795,12651
2026-08-16 12:00:32,[MV] ABM - 'ヤラララ' (YARARARA) feat. 重音テト,46943883,18088
2026-08-16 13:00:33,[MV] ABM - 'ヤラララ' (YARARARA) feat. 重音テト,46957460,13577
2026-08-16 14:00:33,[MV] ABM - 'ヤラララ' (YARARARA) feat. 重音テト,46971046,13586
2026-08-16 15:00:31,[MV] ABM - 'ヤラララ' (YARARARA) feat. 重音テト,46985260,14214
2026-08-16 16:00:32,[MV] ABM - 'ヤラララ' (YARARARA) feat. 重音テト,46999079,13819
2026-08-16 17:00:35,[MV] ABM - 'ヤラララ' (YARARARA) feat. 重音テト,47013106,14027
2026-08-16 18:00:34,[MV] ABM - 'ヤラララ' (YARARARA) feat. 重音テト,47025355,12249
2026-08-16 19:00:34,[MV] ABM - 'ヤラララ' (YARARARA) feat. 重音テト,47038142,12787
2026-08-16 20:00:32,[MV] ABM - 'ヤラララ' (YARARARA) feat. 重音テト,47050958,12816
2026-08-16 21:00:37,[MV] ABM - 'ヤラララ' (YARARARA) feat. 重音テト,47064409,13451
2026-08-16 22:00:34,[MV] ABM - 'ヤラララ' (YARARARA) feat. 重音テト,47077278,12869
2026-08-16 23:00:30,[MV] ABM - 'ヤラララ' (YARARARA) feat. 重音テト,47091792,14514
2026-08-17 00:00:35,[MV] ABM - 'ヤラララ' (YARARARA) feat. 重音テト,47104927,13135
2026-08-17 01:00:33,[MV] ABM - 'ヤラララ' (YARARARA) feat. 重音テト,47119188,14261
2026-08-17 02:00:30,[MV] ABM - 'ヤラララ' (YARARARA) feat. 重音テト,47132062,12874
2026-08-17 03:00:31,[MV] ABM - 'ヤラララ' (YARARARA) feat. 重音テト,47145303,13241
2026-08-17 04:00:34,[MV] ABM - 'ヤラララ' (YARARARA) feat. 重音テト,47156881,11578
2026-08-17 05:00:34,[MV] ABM - 'ヤラララ' (YARARARA) feat. 重音テト,47168929,12048
2026-08-17 06:00:30,[MV] ABM - 'ヤラララ' (YARARARA) feat. 重音テト,47179752,10823
2026-08-17 07:00:30,[MV] ABM - 'ヤラララ' (YARARARA) feat. 重音テト,47191999,12247
2026-08-17 08:00:34,[MV] ABM - 'ヤラララ' (YARARARA) feat. 重音テト,47203851,11852
2026-08-17 09:00:30,[MV] ABM - 'ヤラララ' (YARARARA) feat. 重音テト,47215972,12121
2026-08-17 10:00:38,[MV] ABM - 'ヤラララ' (YARARARA) feat. 重音テト,47230091,14119
2026-08-17 11:00:36,[MV] ABM - 'ヤラララ' (YARARARA) feat. 重音テト,47242242,12151
2026-08-17 12:00:30,[MV] ABM - 'ヤラララ' (YARARARA) feat. 重音テト,47256296,14054
2026-08-17 13:00:32,[MV] ABM - 'ヤラララ' (YARARARA) feat. 重音テト,47269725,13429
2026-08-17 14:00:34,[MV] ABM - 'ヤラララ' (YARARARA) feat. 重音テト,47282561,12836
2026-08-17 15:00:32,[MV] ABM - 'ヤラララ' (YARARARA) feat. 重音テト,47294605,12044
2026-08-17 16:00:33,[MV] ABM - 'ヤラララ' (YARARARA) feat. 重音テト,47307765,13160
2026-08-17 17:00:47,[MV] ABM - 'ヤラララ' (YARARARA) feat. 重音テト,47320904,13139
2026-08-17 18:00:31,[MV] ABM - 'ヤラララ' (YARARARA) feat. 重音テト,47333885,12981
2026-08-17 19:00:33,[MV] ABM - 'ヤラララ' (YARARARA) feat. 重音テト,47347260,13375
2026-08-17 20:00:32,[MV] ABM - 'ヤラララ' (YARARARA) feat. 重音テト,47360208,12948
2026-08-17 21:00:37,[MV] ABM - 'ヤラララ' (YARARARA) feat. 重音テト,47374652,14444
2026-08-17 22:00:35,[MV] ABM - 'ヤラララ' (YARARARA) feat. 重音テト,47390781,16129
2026-08-17 23:00:34,[MV] ABM - 'ヤラララ' (YARARARA) feat. 重音テト,47403042,12261
2026-08-18 00:00:34,[MV] ABM - 'ヤラララ' (YARARARA) feat. 重音テト,47415345,12303
2026-08-18 01:00:33,[MV] ABM - 'ヤラララ' (YARARARA) feat. 重音テト,47425049,9704
2026-08-18 02:00:37,[MV] ABM - 'ヤラララ' (YARARARA) feat. 重音テト,47436492,11443
2026-08-18 03:00:41,[MV] ABM - 'ヤラララ' (YARARARA) feat. 重音テト,47447684,11192
2026-08-18 04:00:32,[MV] ABM - 'ヤラララ' (YARARARA) feat. 重音テト,47457994,10310
2026-08-18 05:00:29,[MV] ABM - 'ヤラララ' (YARARARA) feat. 重音テト,47471699,13705
2026-08-18 06:00:35,[MV] ABM - 'ヤラララ' (YARARARA) feat. 重音テト,47485234,13535
2026-08-18 07:00:37,[MV] ABM - 'ヤラララ' (YARARARA) feat. 重音テト,47497100,11866
2026-08-18 08:00:32,[MV] ABM - 'ヤラララ' (YARARARA) feat. 重音テト,47509700,12600
2026-08-18 09:00:35,[MV] ABM - 'ヤラララ' (YARARARA) feat. 重音テト,47524392,14692
2026-08-18 10:00:33,[MV] ABM - 'ヤラララ' (YARARARA) feat. 重音テト,47537927,13535
2026-08-18 11:00:37,[MV] ABM - 'ヤラララ' (YARARARA) feat. 重音テト,47551305,13378
2026-08-18 12:00:35,[MV] ABM - 'ヤラララ' (YARARARA) feat. 重音テト,47562935,11630
2026-08-18 13:00:34,[MV] ABM - 'ヤラララ' (YARARARA) feat. 重音テト,47575093,12158
2026-08-18 14:00:45,[MV] ABM - 'ヤラララ' (YARARARA) feat. 重音テト,47586590,11497
2026-08-18 15:00:32,[MV] ABM - 'ヤラララ' (YARARARA) feat. 重音テト,47595744,9154
2026-08-18 16:00:45,[MV] ABM - 'ヤラララ' (YARARARA) feat. 重音テト,47606534,10790
2026-08-18 17:00:35,[MV] ABM - 'ヤラララ' (YARARARA) feat. 重音テト,47620185,13651
2026-08-18 18:00:33,[MV] ABM - 'ヤラララ' (YARARARA) feat. 重音テト,47630035,9850
2026-08-18 19:00:35,[MV] ABM - 'ヤラララ' (YARARARA) feat. 重音テト,47643716,13681
2026-08-18 20:00:34,[MV] ABM - 'ヤラララ' (YARARARA) feat. 重音テト,47655206,11490
2026-08-18 21:00:37,[MV] ABM - 'ヤラララ' (YARARARA) feat. 重音テト,47667945,12739
2026-08-18 22:00:39,[MV] ABM - 'ヤラララ' (YARARARA) feat. 重音テト,47679998,12053
2026-08-18 23:00:35,[MV] ABM - 'ヤラララ' (YARARARA) feat. 重音テト,47695594,15596
2026-08-19 00:00:37,[MV] ABM - 'ヤラララ' (YARARARA) feat. 重音テト,47707701,12107
2026-08-19 01:00:37,[MV] ABM - 'ヤラララ' (YARARARA) feat. 重音テト,47721672,13971
2026-08-19 02:00:35,[MV] ABM - 'ヤラララ' (YARARARA) feat. 重音テト,47734139,12467
2026-08-19 03:00:34,[MV] ABM - 'ヤラララ' (YARARARA) feat. 重音テト,47745229,11090
2026-08-19 04:00:44,[MV] ABM - 'ヤラララ' (YARARARA) feat. 重音テト,47753791,8562
2026-08-19 05:00:32,[MV] ABM - 'ヤラララ' (YARARARA) feat. 重音テト,47766240,12449
2026-08-19 06:00:35,[MV] ABM - 'ヤラララ' (YARARARA) feat. 重音テト,47777820,11580
2026-08-19 07:00:31,[MV] ABM - 'ヤラララ' (YARARARA) feat. 重音テト,47788566,10746
2026-08-19 08:00:33,[MV] ABM - 'ヤラララ' (YARARARA) feat. 重音テト,47800516,11950
2026-08-19 09:00:34,[MV] ABM - 'ヤラララ' (YARARARA) feat. 重音テト,47815070,14554
2026-08-19 10:00:33,[MV] ABM - 'ヤラララ' (YARARARA) feat. 重音テト,47828410,13340
2026-08-19 11:00:31,[MV] ABM - 'ヤラララ' (YARARARA) feat. 重音テト,47837894,9484
2026-08-19 12:00:33,[MV] ABM - 'ヤラララ' (YARARARA) feat. 重音テト,47846029,8135
2026-08-19 13:00:30,[MV] ABM - 'ヤラララ' (YARARARA) feat. 重音テト,47857651,11622
2026-08-19 14:00:32,[MV] ABM - 'ヤラララ' (YARARARA) feat. 重音テト,47869275,11624
2026-08-19 15:00:33,[MV] ABM - 'ヤラララ' (YARARARA) feat. 重音テト,47879604,10329
2026-08-19 16:00:34,[MV] ABM - 'ヤラララ' (YARARARA) feat. 重音テト,47891451,11847
2026-08-19 17:00:33,[MV] ABM - 'ヤラララ' (YARARARA) feat. 重音テト,47908569,17118
2026-08-19 18:00:36,[MV] ABM - 'ヤラララ' (YARARARA) feat. 重音テト,47917632,9063
2026-08-19 19:00:37,[MV] ABM - 'ヤラララ' (YARARARA) feat. 重音テト,47932502,14870
2026-08-19 20:00:36,[MV] ABM - 'ヤラララ' (YARARARA) feat. 重音テト,47942563,10061
2026-08-19 21:00:37,[MV] ABM - 'ヤラララ' (YARARARA) feat. 重音テト,47952781,10218
2026-08-19 22:00:37,[MV] ABM - 'ヤラララ' (YARARARA) feat. 重音テト,47975541,22760
2026-08-19 23:00:33,[MV] ABM - 'ヤラララ' (YARARARA) feat. 重音テト,47993520,17979
2026-08-20 00:00:36,[MV] ABM - 'ヤラララ' (YARARARA) feat. 重音テト,48005154,11634
2026-08-20 01:00:38,[MV] ABM - 'ヤラララ' (YARARARA) feat. 重音テト,48018061,12907
2026-08-20 02:00:36,[MV] ABM - 'ヤラララ' (YARARARA) feat. 重音テト,48028828,10767
2026-08-20 03:00:33,[MV] ABM - 'ヤラララ' (YARARARA) feat. 重音テト,48039701,10873
2026-08-20 04:00:34,[MV] ABM - 'ヤラララ' (YARARARA) feat. 重音テト,48050907,11206
2026-08-20 05:00:36,[MV] ABM - 'ヤラララ' (YARARARA) feat. 重音テト,48061837,10930
2026-08-20 06:00:33,[MV] ABM - 'ヤラララ' (YARARARA) feat. 重音テト,48071870,10033
2026-08-20 07:00:41,[MV] ABM - 'ヤラララ' (YARARARA) feat. 重音テト,48083253,11383
2026-08-20 08:00:36,[MV] ABM - 'ヤラララ' (YARARARA) feat. 重音テト,48095893,12640
2026-08-20 09:00:29,[MV] ABM - 'ヤラララ' (YARARARA) feat. 重音テト,48109860,13967
2026-08-20 10:00:39,[MV] ABM - 'ヤラララ' (YARARARA) feat. 重音テト,48121714,11854
2026-08-20 11:00:32,[MV] ABM - 'ヤラララ' (YARARARA) feat. 重音テト,48135472,13758
2026-08-20 12:00:36,[MV] ABM - 'ヤラララ' (YARARARA) feat. 重音テト,48147592,12120
2026-08-20 13:00:40,[MV] ABM - 'ヤラララ' (YARARARA) feat. 重音テト,48159014,11422
2026-08-20 14:00:40,[MV] ABM - 'ヤラララ' (YARARARA) feat. 重音テト,48169530,10516
2026-08-20 15:00:39,[MV] ABM - 'ヤラララ' (YARARARA) feat. 重音テト,48180160,10630
2026-08-20 16:00:33,[MV] ABM - 'ヤラララ' (YARARARA) feat. 重音テト,48191549,11389
2026-08-20 17:00:32,[MV] ABM - 'ヤラララ' (YARARARA) feat. 重音テト,48202847,11298
2026-08-20 18:00:34,[MV] ABM - 'ヤラララ' (YARARARA) feat. 重音テト,48214283,11436
2026-08-20 19:00:34,[MV] ABM - 'ヤラララ' (YARARARA) feat. 重音テト,48226768,12485
2026-08-20 20:00:36,[MV] ABM - 'ヤラララ' (YARARARA) feat. 重音テト,48239564,12796
2026-08-20 21:00:36,[MV] ABM - 'ヤラララ' (YARARARA) feat. 重音テト,48253041,13477
2026-08-20 22:00:38,[MV] ABM - 'ヤラララ' (YARARARA) feat. 重音テト,48269979,16938
2026-08-20 23:00:36,[MV] ABM - 'ヤラララ' (YARARARA) feat. 重音テト,48284393,14414
2026-08-21 00:00:36,[MV] ABM - 'ヤラララ' (YARARARA) feat. 重音テト,48295534,11141
2026-08-21 01:00:36,[MV] ABM - 'ヤラララ' (YARARARA) feat. 重音テト,48309316,13782
2026-08-21 02:00:37,[MV] ABM - 'ヤラララ' (YARARARA) feat. 重音テト,48320594,11278
2026-08-21 03:00:36,[MV] ABM - 'ヤラララ' (YARARARA) feat. 重音テト,48329423,8829
2026-08-21 04:00:35,[MV] ABM - 'ヤラララ' (YARARARA) feat. 重音テト,48341101,11678
2026-08-21 05:00:33,[MV] ABM - 'ヤラララ' (YARARARA) feat. 重音テト,48352089,10988
2026-08-21 06:00:36,[MV] ABM - 'ヤラララ' (YARARARA) feat. 重音テト,48362766,10677
2026-08-21 07:00:35,[MV] ABM - 'ヤラララ' (YARARARA) feat. 重音テト,48373106,10340
2026-08-21 08:00:36,[MV] ABM - 'ヤラララ' (YARARARA) feat. 重音テト,48386398,13292
2026-08-21 09:00:37,[MV] ABM - 'ヤラララ' (YARARARA) feat. 重音テト,48401085,14687
2026-08-21 10:00:38,[MV] ABM - 'ヤラララ' (YARARARA) feat. 重音テト,48413514,12429
2026-08-21 11:00:31,[MV] ABM - 'ヤラララ' (YARARARA) feat. 重音テト,48425842,12328
2026-08-21 12:00:34,[MV] ABM - 'ヤラララ' (YARARARA) feat. 重音テト,48435379,9537
2026-08-21 13:00:34,[MV] ABM - 'ヤラララ' (YARARARA) feat. 重音テト,48447313,11934
2026-08-21 14:00:34,[MV] ABM - 'ヤラララ' (YARARARA) feat. 重音テト,48461136,13823
2026-08-21 15:00:33,[MV] ABM - 'ヤラララ' (YARARARA) feat. 重音テト,48468931,7795
2026-08-21 16:00:31,[MV] ABM - 'ヤラララ' (YARARARA) feat. 重音テト,48481515,12584
2026-08-21 17:00:40,[MV] ABM - 'ヤラララ' (YARARARA) feat. 重音テト,48494499,12984
2026-08-21 18:00:32,[MV] ABM - 'ヤラララ' (YARARARA) feat. 重音テト,48506155,11656
2026-08-21 19:00:35,[MV] ABM - 'ヤラララ' (YARARARA) feat. 重音テト,48522316,16161
2026-08-21 20:00:38,[MV] ABM - 'ヤラララ' (YARARARA) feat. 重音テト,48535711,13395
2026-08-21 21:00:33,[MV] ABM - 'ヤラララ' (YARARARA) feat. 重音テト,48549374,13663
2026-08-21 22:00:35,[MV] ABM - 'ヤラララ' (YARARARA) feat. 重音テト,48565344,15970
2026-08-21 23:00:37,[MV] ABM - 'ヤラララ' (YARARARA) feat. 重音テト,48579541,14197
2026-08-22 00:00:38,[MV] ABM - 'ヤラララ' (YARARARA) feat. 重音テト,48592288,12747
2026-08-22 01:00:35,[MV] ABM - 'ヤラララ' (YARARARA) feat. 重音テト,48605475,13187
2026-08-22 02:00:31,[MV] ABM - 'ヤラララ' (YARARARA) feat. 重音テト,48619380,13905
2026-08-22 03:00:35,[MV] ABM - 'ヤラララ' (YARARARA) feat. 重音テト,48629927,10547
2026-08-22 04:00:35,[MV] ABM - 'ヤラララ' (YARARARA) feat. 重音テト,48641686,11759
2026-08-22 05:00:36,[MV] ABM - 'ヤラララ' (YARARARA) feat. 重音テト,48651487,9801
2026-08-22 06:00:33,[MV] ABM - 'ヤラララ' (YARARARA) feat. 重音テト,48662139,10652
2026-08-22 07:00:32,[MV] ABM - 'ヤラララ' (YARARARA) feat. 重音テト,48672612,10473
2026-08-22 08:00:34,[MV] ABM - 'ヤラララ' (YARARARA) feat. 重音テト,48684453,11841
2026-08-22 09:00:37,[MV] ABM - 'ヤラララ' (YARARARA) feat. 重音テト,48695825,11372
2026-08-22 10:00:34,[MV] ABM - 'ヤラララ' (YARARARA) feat. 重音テト,48711068,15243
2026-08-22 11:00:36,[MV] ABM - 'ヤラララ' (YARARARA) feat. 重音テト,48724744,13676
2026-08-22 12:00:35,[MV] ABM - 'ヤラララ' (YARARARA) feat. 重音テト,48739996,15252
2026-08-22 13:00:32,[MV] ABM - 'ヤラララ' (YARARARA) feat. 重音テト,48752438,12442
2026-08-22 14:00:34,[MV] ABM - 'ヤラララ' (YARARARA) feat. 重音テト,48766798,14360
2026-08-22 15:00:29,[MV] ABM - 'ヤラララ' (YARARARA) feat. 重音テト,48779706,12908
2026-08-22 16:00:32,[MV] ABM - 'ヤラララ' (YARARARA) feat. 重音テト,48792794,13088
2026-08-22 17:00:34,[MV] ABM - 'ヤラララ' (YARARARA) feat. 重音テト,48805576,12782
2026-08-22 18:00:31,[MV] ABM - 'ヤラララ' (YARARARA) feat. 重音テト,48817719,12143
2026-08-22 19:00:37,[MV] ABM - 'ヤラララ' (YARARARA) feat. 重音テト,48829558,11839
2026-08-22 20:00:39,[MV] ABM - 'ヤラララ' (YARARARA) feat. 重音テト,48842657,13099
2026-08-22 21:00:32,[MV] ABM - 'ヤラララ' (YARARARA) feat. 重音テト,48856510,13853
2026-08-22 22:00:34,[MV] ABM - 'ヤラララ' (YARARARA) feat. 重音テト,48872328,15818
2026-08-22 23:00:34,[MV] ABM - 'ヤラララ' (YARARARA) feat. 重音テト,48888117,15789
2026-08-23 00:00:33,[MV] ABM - 'ヤラララ' (YARARARA) feat. 重音テト,48903997,15880
2026-08-23 01:00:33,[MV] ABM - 'ヤラララ' (YARARARA) feat. 重音テト,48918614,14617
2026-08-23 02:00:43,[MV] ABM - 'ヤラララ' (YARARARA) feat. 重音テト,48931290,12676
2026-08-23 03:00:36,[MV] ABM - 'ヤラララ' (YARARARA) feat. 重音テト,48944993,13703
2026-08-23 04:00:40,[MV] ABM - 'ヤラララ' (YARARARA) feat. 重音テト,48957159,12166
2026-08-23 05:00:31,[MV] ABM - 'ヤラララ' (YARARARA) feat. 重音テト,48968555,11396
2026-08-23 06:00:33,[MV] ABM - 'ヤラララ' (YARARARA) feat. 重音テト,48978179,9624
2026-08-23 07:00:30,[MV] ABM - 'ヤラララ' (YARARARA) feat. 重音テト,48987993,9814
2026-08-23 08:00:28,[MV] ABM - 'ヤラララ' (YARARARA) feat. 重音テト,48999055,11062
2026-08-23 09:00:34,[MV] ABM - 'ヤラララ' (YARARARA) feat. 重音テト,49011202,12147
2026-08-23 10:00:36,[MV] ABM - 'ヤラララ' (YARARARA) feat. 重音テト,49025134,13932
2026-08-23 11:00:34,[MV] ABM - 'ヤラララ' (YARARARA) feat. 重音テト,49040601,15467
2026-08-23 12:00:33,[MV] ABM - 'ヤラララ' (YARARARA) feat. 重音テト,49054786,14185
2026-08-23 13:00:32,[MV] ABM - 'ヤラララ' (YARARARA) feat. 重音テト,49069083,14297
2026-08-23 14:00:32,[MV] ABM - 'ヤラララ' (YARARARA) feat. 重音テト,49083401,14318
2026-08-23 15:00:32,[MV] ABM - 'ヤラララ' (YARARARA) feat. 重音テト,49095878,12477
2026-08-23 16:00:33,[MV] ABM - 'ヤラララ' (YARARARA) feat. 重音テト,49109027,13149
2026-08-23 17:00:32,[MV] ABM - 'ヤラララ' (YARARARA) feat. 重音テト,49122976,13949
2026-08-23 18:00:29,[MV] ABM - 'ヤラララ' (YARARARA) feat. 重音テト,49135452,12476
2026-08-23 19:00:36,[MV] ABM - 'ヤラララ' (YARARARA) feat. 重音テト,49147928,12476
2026-08-23 20:00:35,[MV] ABM - 'ヤラララ' (YARARARA) feat. 重音テト,49161752,13824
2026-08-23 21:00:33,[MV] ABM - 'ヤラララ' (YARARARA) feat. 重音テト,49172162,10410
2026-08-23 22:00:32,[MV] ABM - 'ヤラララ' (YARARARA) feat. 重音テト,49188623,16461
2026-08-23 23:00:36,[MV] ABM - 'ヤラララ' (YARARARA) feat. 重音テト,49202282,13659
2026-08-24 00:00:41,[MV] ABM - 'ヤラララ' (YARARARA) feat. 重音テト,49215797,13515
2026-08-24 01:00:31,[MV] ABM - 'ヤラララ' (YARARARA) feat. 重音テト,49228054,12257
2026-08-24 02:00:34,[MV] ABM - 'ヤラララ' (YARARARA) feat. 重音テト,49241336,13282
2026-08-24 03:00:33,[MV] ABM - 'ヤラララ' (YARARARA) feat. 重音テト,49251867,10531
2026-08-24 04:00:34,[MV] ABM - 'ヤラララ' (YARARARA) feat. 重音テト,49264152,12285
2026-08-24 05:00:32,[MV] ABM - 'ヤラララ' (YARARARA) feat. 重音テト,49274920,10768
2026-08-24 06:00:33,[MV] ABM - 'ヤラララ' (YARARARA) feat. 重音テト,49285169,10249
2026-08-24 07:00:35,[MV] ABM - 'ヤラララ' (YARARARA) feat. 重音テト,49296197,11028
2026-08-24 08:00:33,[MV] ABM - 'ヤラララ' (YARARARA) feat. 重音テト,49307701,11504
2026-08-24 09:00:33,[MV] ABM - 'ヤラララ' (YARARARA) feat. 重音テト,49320177,12476
2026-08-24 10:00:36,[MV] ABM - 'ヤラララ' (YARARARA) feat. 重音テト,49332974,12797
2026-08-24 11:00:33,[MV] ABM - 'ヤラララ' (YARARARA) feat. 重音テト,49344523,11549
2026-08-24 12:00:33,[MV] ABM - 'ヤラララ' (YARARARA) feat. 重音テト,49355995,11472
2026-08-24 13:00:32,[MV] ABM - 'ヤラララ' (YARARARA) feat. 重音テト,49367003,11008
2026-08-24 14:00:34,[MV] ABM - 'ヤラララ' (YARARARA) feat. 重音テト,49378297,11294
2026-08-24 15:00:35,[MV] ABM - 'ヤラララ' (YARARARA) feat. 重音テト,49389049,10752
2026-08-24 16:00:33,[MV] ABM - 'ヤラララ' (YARARARA) feat. 重音テト,49399033,9984
2026-08-24 17:00:33,[MV] ABM - 'ヤラララ' (YARARARA) feat. 重音テト,49410267,11234
2026-08-24 18:00:34,[MV] ABM - 'ヤラララ' (YARARARA) feat. 重音テト,49421991,11724
2026-08-24 19:00:44,[MV] ABM - 'ヤラララ' (YARARARA) feat. 重音テト,49434420,12429
2026-08-24 20:00:38,[MV] ABM - 'ヤラララ' (YARARARA) feat. 重音テト,49447180,12760
2026-08-24 21:00:36,[MV] ABM - 'ヤラララ' (YARARARA) feat. 重音テト,49461172,13992
2026-08-24 22:00:37,[MV] ABM - 'ヤラララ' (YARARARA) feat. 重音テト,49473766,12594
2026-08-24 23:00:39,[MV] ABM - 'ヤラララ' (YARARARA) feat. 重音テト,49485717,11951
2026-08-25 00:00:38,[MV] ABM - 'ヤラララ' (YARARARA) feat. 重音テト,49496492,10775
2026-08-25 01:00:34,[MV] ABM - 'ヤラララ' (YARARARA) feat. 重音テト,49508515,12023
2026-08-25 02:00:37,[MV] ABM - 'ヤラララ' (YARARARA) feat. 重音テト,49519966,11451
2026-08-25 03:00:40,[MV] ABM - 'ヤラララ' (YARARARA) feat. 重音テト,49531226,11260
2026-08-25 04:00:36,[MV] ABM - 'ヤラララ' (YARARARA) feat. 重音テト,49541477,10251
2026-08-25 05:00:37,[MV] ABM - 'ヤラララ' (YARARARA) feat. 重音テト,49551531,10054
2026-08-25 06:00:32,[MV] ABM - 'ヤラララ' (YARARARA) feat. 重音テト,49562139,10608
2026-08-25 07:00:36,[MV] ABM - 'ヤラララ' (YARARARA) feat. 重音テト,49572064,9925
2026-08-25 08:00:33,[MV] ABM - 'ヤラララ' (YARARARA) feat. 重音テト,49584306,12242
2026-08-25 09:00:29,[MV] ABM - 'ヤラララ' (YARARARA) feat. 重音テト,49596406,12100
2026-08-25 10:00:31,[MV] ABM - 'ヤラララ' (YARARARA) feat. 重音テト,49609426,13020
2026-08-25 11:00:36,[MV] ABM - 'ヤラララ' (YARARARA) feat. 重音テト,49622409,12983
2026-08-25 12:00:34,[MV] ABM - 'ヤラララ' (YARARARA) feat. 重音テト,49634787,12378
2026-08-25 13:00:39,[MV] ABM - 'ヤラララ' (YARARARA) feat. 重音テト,49645657,10870
2026-08-25 14:00:32,[MV] ABM - 'ヤラララ' (YARARARA) feat. 重音テト,49656865,11208
2026-08-25 15:00:38,[MV] ABM - 'ヤラララ' (YARARARA) feat. 重音テト,49667868,11003
2026-08-25 16:00:34,[MV] ABM - 'ヤラララ' (YARARARA) feat. 重音テト,49679181,11313
2026-08-25 17:00:32,[MV] ABM - 'ヤラララ' (YARARARA) feat. 重音テト,49694308,15127
2026-08-25 18:00:30,[MV] ABM - 'ヤラララ' (YARARARA) feat. 重音テト,49701713,7405
2026-08-25 19:00:36,[MV] ABM - 'ヤラララ' (YARARARA) feat. 重音テト,49712338,10625
2026-08-25 20:00:37,[MV] ABM - 'ヤラララ' (YARARARA) feat. 重音テト,49730707,18369
2026-08-25 21:00:36,[MV] ABM - 'ヤラララ' (YARARARA) feat. 重音テト,49747472,16765
2026-08-25 22:00:40,[MV] ABM - 'ヤラララ' (YARARARA) feat. 重音テト,49760552,13080
2026-08-25 23:00:39,[MV] ABM - 'ヤラララ' (YARARARA) feat. 重音テト,49773473,12921
2026-08-26 00:00:36,[MV] ABM - 'ヤラララ' (YARARARA) feat. 重音テト,49787110,13637
2026-08-26 01:00:36,[MV] ABM - 'ヤラララ' (YARARARA) feat. 重音テト,49798065,10955
2026-08-26 02:00:34,[MV] ABM - 'ヤラララ' (YARARARA) feat. 重音テト,49809322,11257
2026-08-26 03:00:33,[MV] ABM - 'ヤラララ' (YARARARA) feat. 重音テト,49819472,10150
2026-08-26 04:00:37,[MV] ABM - 'ヤラララ' (YARARARA) feat. 重音テト,49828853,9381
2026-08-26 05:00:40,[MV] ABM - 'ヤラララ' (YARARARA) feat. 重音テト,49837689,8836
2026-08-26 06:00:36,[MV] ABM - 'ヤラララ' (YARARARA) feat. 重音テト,49848814,11125
2026-08-26 07:00:40,[MV] ABM - 'ヤラララ' (YARARARA) feat. 重音テト,49858460,9646
2026-08-26 08:00:34,[MV] ABM - 'ヤラララ' (YARARARA) feat. 重音テト,49871044,12584
2026-08-26 09:00:31,[MV] ABM - 'ヤラララ' (YARARARA) feat. 重音テト,49883580,12536
2026-08-26 10:00:32,[MV] ABM - 'ヤラララ' (YARARARA) feat. 重音テト,49894762,11182
2026-08-26 11:00:32,[MV] ABM - 'ヤラララ' (YARARARA) feat. 重音テト,49906044,11282
2026-08-26 12:00:32,[MV] ABM - 'ヤラララ' (YARARARA) feat. 重音テト,49916889,10845
2026-08-26 13:00:36,[MV] ABM - 'ヤラララ' (YARARARA) feat. 重音テト,49926263,9374
2026-08-26 14:00:35,[MV] ABM - 'ヤラララ' (YARARARA) feat. 重音テト,49934133,7870
2026-08-26 15:00:35,[MV] ABM - 'ヤラララ' (YARARARA) feat. 重音テト,49944462,10329
2026-08-26 16:00:32,[MV] ABM - 'ヤラララ' (YARARARA) feat. 重音テト,49952861,8399
2026-08-26 17:00:34,[MV] ABM - 'ヤラララ' (YARARARA) feat. 重音テト,49967764,14903
2026-08-26 18:00:35,[MV] ABM - 'ヤラララ' (YARARARA) feat. 重音テト,49976680,8916
2026-08-26 19:00:44,[MV] ABM - 'ヤラララ' (YARARARA) feat. 重音テト,49986405,9725
2026-08-26 20:00:35,[MV] ABM - 'ヤラララ' (YARARARA) feat. 重音テト,50000979,14574
2026-08-26 21:00:37,[MV] ABM - 'ヤラララ' (YARARARA) feat. 重音テト,50013825,12846
2026-08-26 22:00:40,[MV] ABM - 'ヤラララ' (YARARARA) feat. 重音テト,50025915,12090
2026-08-26 23:04:28,[MV] ABM - 'ヤラララ' (YARARARA) feat. 重音テト,50038739,12824
2026-08-26 23:20:30,[MV] ABM - 'ヤラララ' (YARARARA) feat. 重音テト,50043477,4738
2026-08-27 00:10:19,[MV] ABM - 'ヤラララ' (YARARARA) feat. 重音テト,50055566,12089
2026-08-27 01:00:40,[MV] ABM - 'ヤラララ' (YARARARA) feat. 重音テト,50064362,8796
2026-08-27 02:00:35,[MV] ABM - 'ヤラララ' (YARARARA) feat. 重音テト,50076834,12472
2026-08-27 03:00:36,[MV] ABM - 'ヤラララ' (YARARARA) feat. 重音テト,50089610,12776
2026-08-27 04:00:37,[MV] ABM - 'ヤラララ' (YARARARA) feat. 重音テト,50101300,11690
2026-08-27 05:00:33,[MV] ABM - 'ヤラララ' (YARARARA) feat. 重音テト,50111034,9734
2026-08-27 06:00:35,[MV] ABM - 'ヤラララ' (YARARARA) feat. 重音テト,50121689,10655
2026-08-27 07:00:33,[MV] ABM - 'ヤラララ' (YARARARA) feat. 重音テト,50131880,10191
2026-08-27 08:00:31,[MV] ABM - 'ヤラララ' (YARARARA) feat. 重音テト,50142312,10432
2026-08-27 09:00:31,[MV] ABM - 'ヤラララ' (YARARARA) feat. 重音テト,50154042,11730
2026-08-27 10:00:34,[MV] ABM - 'ヤラララ' (YARARARA) feat. 重音テト,50165543,11501
2026-08-27 11:00:30,[MV] ABM - 'ヤラララ' (YARARARA) feat. 重音テト,50176119,10576
2026-08-27 12:00:35,[MV] ABM - 'ヤラララ' (YARARARA) feat. 重音テト,50187743,11624
2026-08-27 13:00:35,[MV] ABM - 'ヤラララ' (YARARARA) feat. 重音テト,50197679,9936
2026-08-27 14:00:32,[MV] ABM - 'ヤラララ' (YARARARA) feat. 重音テト,50206650,8971
2026-08-27 15:00:33,[MV] ABM - 'ヤラララ' (YARARARA) feat. 重音テト,50215236,8586
2026-08-27 16:00:32,[MV] ABM - 'ヤラララ' (YARARARA) feat. 重音テト,50226999,11763
2026-08-27 17:00:33,[MV] ABM - 'ヤラララ' (YARARARA) feat. 重音テト,50240523,13524
2026-08-27 18:00:41,[MV] ABM - 'ヤラララ' (YARARARA) feat. 重音テト,50252770,12247
2026-08-27 19:00:38,[MV] ABM - 'ヤラララ' (YARARARA) feat. 重音テト,50267460,14690
2026-08-27 20:00:35,[MV] ABM - 'ヤラララ' (YARARARA) feat. 重音テト,50282106,14646
2026-08-27 21:00:42,[MV] ABM - 'ヤラララ' (YARARARA) feat. 重音テト,50296427,14321
2026-08-27 22:00:39,[MV] ABM - 'ヤラララ' (YARARARA) feat. 重音テト,50311958,15531
2026-08-27 23:00:35,[MV] ABM - 'ヤラララ' (YARARARA) feat. 重音テト,50328011,16053
2026-08-28 00:00:41,[MV] ABM - 'ヤラララ' (YARARARA) feat. 重音テト,50344741,16730
2026-08-28 01:00:36,[MV] ABM - 'ヤラララ' (YARARARA) feat. 重音テト,50358442,13701
2026-08-28 02:00:34,[MV] ABM - 'ヤラララ' (YARARARA) feat. 重音テト,50371401,12959
2026-08-28 03:00:37,[MV] ABM - 'ヤラララ' (YARARARA) feat. 重音テト,50384364,12963
2026-08-28 04:00:37,[MV] ABM - 'ヤラララ' (YARARARA) feat. 重音テト,50396201,11837
2026-08-28 05:00:43,[MV] ABM - 'ヤラララ' (YARARARA) feat. 重音テト,50407238,11037
2026-08-28 06:00:35,[MV] ABM - 'ヤラララ' (YARARARA) feat. 重音テト,50419173,11935
2026-08-28 07:00:35,[MV] ABM - 'ヤラララ' (YARARARA) feat. 重音テト,50430727,11554
2026-08-28 08:00:37,[MV] ABM - 'ヤラララ' (YARARARA) feat. 重音テト,50446168,15441
2026-08-28 09:00:33,[MV] ABM - 'ヤラララ' (YARARARA) feat. 重音テト,50458241,12073
2026-08-28 10:00:31,[MV] ABM - 'ヤラララ' (YARARARA) feat. 重音テト,50472894,14653
2026-08-28 11:00:36,[MV] ABM - 'ヤラララ' (YARARARA) feat. 重音テト,50484859,11965
2026-08-28 12:00:36,[MV] ABM - 'ヤラララ' (YARARARA) feat. 重音テト,50498205,13346
2026-08-28 13:00:34,[MV] ABM - 'ヤラララ' (YARARARA) feat. 重音テト,50509894,11689
2026-08-28 14:00:34,[MV] ABM - 'ヤラララ' (YARARARA) feat. 重音テト,50520008,10114
2026-08-28 15:00:33,[MV] ABM - 'ヤラララ' (YARARARA) feat. 重音テト,50532726,12718
2026-08-28 16:00:34,[MV] ABM - 'ヤラララ' (YARARARA) feat. 重音テト,50543874,11148
2026-08-28 17:00:34,[MV] ABM - 'ヤラララ' (YARARARA) feat. 重音テト,50559805,15931
2026-08-28 18:00:36,[MV] ABM - 'ヤラララ' (YARARARA) feat. 重音テト,50572637,12832
2026-08-28 19:00:37,[MV] ABM - 'ヤラララ' (YARARARA) feat. 重音テト,50586768,14131
2026-08-28 20:00:35,[MV] ABM - 'ヤラララ' (YARARARA) feat. 重音テト,50601560,14792
2026-08-28 21:00:44,[MV] ABM - 'ヤラララ' (YARARARA) feat. 重音テト,50615318,13758
2026-08-28 22:00:36,[MV] ABM - 'ヤラララ' (YARARARA) feat. 重音テト,50631036,15718
2026-08-28 23:00:35,[MV] ABM - 'ヤラララ' (YARARARA) feat. 重音テト,50644693,13657
2026-08-29 00:00:37,[MV] ABM - 'ヤラララ' (YARARARA) feat. 重音テト,50661235,16542
2026-08-29 01:00:38,[MV] ABM - 'ヤラララ' (YARARARA) feat. 重音テト,50675435,14200
2026-08-29 02:00:37,[MV] ABM - 'ヤラララ' (YARARARA) feat. 重音テト,50693687,18252
2026-08-29 03:00:35,[MV] ABM - 'ヤラララ' (YARARARA) feat. 重音テト,50706771,13084
2026-08-29 04:00:37,[MV] ABM - 'ヤラララ' (YARARARA) feat. 重音テト,50720031,13260
2026-08-29 05:00:33,[MV] ABM - 'ヤラララ' (YARARARA) feat. 重音テト,50729234,9203
2026-08-29 06:00:33,[MV] ABM - 'ヤラララ' (YARARARA) feat. 重音テト,50742450,13216
2026-08-29 07:00:36,[MV] ABM - 'ヤラララ' (YARARARA) feat. 重音テト,50752313,9863
2026-08-29 08:00:36,[MV] ABM - 'ヤラララ' (YARARARA) feat. 重音テト,50766392,14079
2026-08-29 09:00:32,[MV] ABM - 'ヤラララ' (YARARARA) feat. 重音テト,50781645,15253
2026-08-29 10:00:33,[MV] ABM - 'ヤラララ' (YARARARA) feat. 重音テト,50798140,16495
2026-08-29 11:00:30,[MV] ABM - 'ヤラララ' (YARARARA) feat. 重音テト,50815554,17414
2026-08-29 12:00:31,[MV] ABM - 'ヤラララ' (YARARARA) feat. 重音テト,50830927,15373
2026-08-29 13:00:33,[MV] ABM - 'ヤラララ' (YARARARA) feat. 重音テト,50846939,16012
2026-08-29 14:00:31,[MV] ABM - 'ヤラララ' (YARARARA) feat. 重音テト,50859994,13055
2026-08-29 15:00:32,[MV] ABM - 'ヤラララ' (YARARARA) feat. 重音テト,50876339,16345
2026-08-29 16:00:34,[MV] ABM - 'ヤラララ' (YARARARA) feat. 重音テト,50891324,14985
2026-08-29 17:00:32,[MV] ABM - 'ヤラララ' (YARARARA) feat. 重音テト,50905169,13845
2026-08-29 18:00:30,[MV] ABM - 'ヤラララ' (YARARARA) feat. 重音テト,50919414,14245
2026-08-29 19:00:32,[MV] ABM - 'ヤラララ' (YARARARA) feat. 重音テト,50931648,12234
2026-08-29 20:00:32,[MV] ABM - 'ヤラララ' (YARARARA) feat. 重音テト,50944214,12566
2026-08-29 21:00:42,[MV] ABM - 'ヤラララ' (YARARARA) feat. 重音テト,50959486,15272
2026-08-29 22:00:33,[MV] ABM - 'ヤラララ' (YARARARA) feat. 重音テト,50972662,13176
2026-08-29 23:00:32,[MV] ABM - 'ヤラララ' (YARARARA) feat. 重音テト,50988264,15602
2026-08-30 00:00:33,[MV] ABM - 'ヤラララ' (YARARARA) feat. 重音テト,51001466,13202
2026-08-30 01:00:32,[MV] ABM - 'ヤラララ' (YARARARA) feat. 重音テト,51017007,15541
2026-08-30 02:00:32,[MV] ABM - 'ヤラララ' (YARARARA) feat. 重音テト,51034429,17422
2026-08-30 03:00:32,[MV] ABM - 'ヤラララ' (YARARARA) feat. 重音テト,51047737,13308
2026-08-30 04:00:31,[MV] ABM - 'ヤラララ' (YARARARA) feat. 重音テト,51062871,15134
2026-08-30 05:00:32,[MV] ABM - 'ヤラララ' (YARARARA) feat. 重音テト,51075112,12241
2026-08-30 06:00:32,[MV] ABM - 'ヤラララ' (YARARARA) feat. 重音テト,51086760,11648
2026-08-30 07:00:33,[MV] ABM - 'ヤラララ' (YARARARA) feat. 重音テト,51099346,12586
2026-08-30 08:00:33,[MV] ABM - 'ヤラララ' (YARARARA) feat. 重音テト,51109622,10276
2026-08-30 09:00:35,[MV] ABM - 'ヤラララ' (YARARARA) feat. 重音テト,51121477,11855
2026-08-30 10:00:35,[MV] ABM - 'ヤラララ' (YARARARA) feat. 重音テト,51135339,13862
2026-08-30 11:00:34,[MV] ABM - 'ヤラララ' (YARARARA) feat. 重音テト,51149810,14471
2026-08-30 12:00:33,[MV] ABM - 'ヤラララ' (YARARARA) feat. 重音テト,51163705,13895
2026-08-30 13:00:30,[MV] ABM - 'ヤラララ' (YARARARA) feat. 重音テト,51176891,13186
2026-08-30 14:00:32,[MV] ABM - 'ヤラララ' (YARARARA) feat. 重音テト,51192172,15281
2026-08-30 15:00:31,[MV] ABM - 'ヤラララ' (YARARARA) feat. 重音テト,51206881,14709
2026-08-30 16:00:32,[MV] ABM - 'ヤラララ' (YARARARA) feat. 重音テト,51221124,14243
2026-08-30 17:00:30,[MV] ABM - 'ヤラララ' (YARARARA) feat. 重音テト,51234049,12925
2026-08-30 18:00:34,[MV] ABM - 'ヤラララ' (YARARARA) feat. 重音テト,51247624,13575
2026-08-30 19:00:35,[MV] ABM - 'ヤラララ' (YARARARA) feat. 重音テト,51259479,11855
2026-08-30 20:00:35,[MV] ABM - 'ヤラララ' (YARARARA) feat. 重音テト,51271728,12249
2026-08-30 21:00:33,[MV] ABM - 'ヤラララ' (YARARARA) feat. 重音テト,51285659,13931
2026-08-30 22:00:31,[MV] ABM - 'ヤラララ' (YARARARA) feat. 重音テト,51300210,14551
2026-08-30 23:00:33,[MV] ABM - 'ヤラララ' (YARARARA) feat. 重音テト,51310617,10407
2026-08-31 00:00:31,[MV] ABM - 'ヤラララ' (YARARARA) feat. 重音テト,51327490,16873
2026-08-31 01:00:35,[MV] ABM - 'ヤラララ' (YARARARA) feat. 重音テト,51339087,11597
2026-08-31 02:00:31,[MV] ABM - 'ヤラララ' (YARARARA) feat. 重音テト,51354555,15468
2026-08-31 03:00:31,[MV] ABM - 'ヤラララ' (YARARARA) feat. 重音テト,51366742,12187
2026-08-31 04:00:32,[MV] ABM - 'ヤラララ' (YARARARA) feat. 重音テト,51378355,11613
2026-08-31 05:00:34,[MV] ABM - 'ヤラララ' (YARARARA) feat. 重音テト,51389745,11390
2026-08-31 06:00:30,[MV] ABM - 'ヤラララ' (YARARARA) feat. 重音テト,51400377,10632
2026-08-31 07:00:33,[MV] ABM - 'ヤラララ' (YARARARA) feat. 重音テト,51412274,11897
2026-08-31 08:00:31,[MV] ABM - 'ヤラララ' (YARARARA) feat. 重音テト,51425227,12953
2026-08-31 09:00:32,[MV] ABM - 'ヤラララ' (YARARARA) feat. 重音テト,51436623,11396
2026-08-31 10:00:33,[MV] ABM - 'ヤラララ' (YARARARA) feat. 重音テト,51448573,11950
2026-08-31 11:00:34,[MV] ABM - 'ヤラララ' (YARARARA) feat. 重音テト,51460103,11530
2026-08-31 12:00:32,[MV] ABM - 'ヤラララ' (YARARARA) feat. 重音テト,51467209,7106
2026-08-31 13:00:35,[MV] ABM - 'ヤラララ' (YARARARA) feat. 重音テト,51475952,8743
2026-08-31 14:00:33,[MV] ABM - 'ヤラララ' (YARARARA) feat. 重音テト,51490530,14578
2026-08-31 15:00:36,[MV] ABM - 'ヤラララ' (YARARARA) feat. 重音テト,51501504,10974
2026-08-31 16:00:34,[MV] ABM - 'ヤラララ' (YARARARA) feat. 重音テト,51513060,11556
2026-08-31 17:00:34,[MV] ABM - 'ヤラララ' (YARARARA) feat. 重音テト,51524597,11537
2026-08-31 18:00:39,[MV] ABM - 'ヤラララ' (YARARARA) feat. 重音テト,51536364,11767
2026-08-31 19:00:34,[MV] ABM - 'ヤラララ' (YARARARA) feat. 重音テト,51548741,12377
2026-08-31 20:00:41,[MV] ABM - 'ヤラララ' (YARARARA) feat. 重音テト,51561149,12408
2026-08-31 21:00:33,[MV] ABM - 'ヤラララ' (YARARARA) feat. 重音テト,51575687,14538
2026-08-31 22:00:37,[MV] ABM - 'ヤラララ' (YARARARA) feat. 重音テト,51590590,14903
2026-08-31 23:00:33,[MV] ABM - 'ヤラララ' (YARARARA) feat. 重音テト,51602070,11480
2026-09-01 00:00:34,[MV] ABM - 'ヤラララ' (YARARARA) feat. 重音テト,51616126,14056
2026-09-01 01:00:34,[MV] ABM - 'ヤラララ' (YARARARA) feat. 重音テト,51627012,10886
2026-09-01 02:00:33,[MV] ABM - 'ヤラララ' (YARARARA) feat. 重音テト,51638659,11647
2026-09-01 03:00:34,[MV] ABM - 'ヤラララ' (YARARARA) feat. 重音テト,51650043,11384
2026-09-01 04:00:32,[MV] ABM - 'ヤラララ' (YARARARA) feat. 重音テト,51659038,8995
2026-09-01 05:00:37,[MV] ABM - 'ヤラララ' (YARARARA) feat. 重音テト,51668203,9165
2026-09-01 06:00:32,[MV] ABM - 'ヤラララ' (YARARARA) feat. 重音テト,51678735,10532
2026-09-01 07:00:34,[MV] ABM - 'ヤラララ' (YARARARA) feat. 重音テト,51689763,11028
2026-09-01 08:00:35,[MV] ABM - 'ヤラララ' (YARARARA) feat. 重音テト,51701246,11483
2026-09-01 09:00:31,[MV] ABM - 'ヤラララ' (YARARARA) feat. 重音テト,51712786,11540
2026-09-01 10:00:40,[MV] ABM - 'ヤラララ' (YARARARA) feat. 重音テト,51724027,11241
2026-09-01 11:00:31,[MV] ABM - 'ヤラララ' (YARARARA) feat. 重音テト,51731704,7677
2026-09-01 12:02:11,[MV] ABM - 'ヤラララ' (YARARARA) feat. 重音テト,51743600,11896
2026-09-01 13:00:32,[MV] ABM - 'ヤラララ' (YARARARA) feat. 重音テト,51754034,10434
2026-09-01 14:00:36,[MV] ABM - 'ヤラララ' (YARARARA) feat. 重音テト,51763429,9395
2026-09-01 15:00:34,[MV] ABM - 'ヤラララ' (YARARARA) feat. 重音テト,51771470,8041
2026-09-01 16:00:37,[MV] ABM - 'ヤラララ' (YARARARA) feat. 重音テト,51781065,9595
2026-09-01 17:00:45,[MV] ABM - 'ヤラララ' (YARARARA) feat. 重音テト,51792743,11678
2026-09-01 18:00:32,[MV] ABM - 'ヤラララ' (YARARARA) feat. 重音テト,51804089,11346
2026-09-01 19:00:35,[MV] ABM - 'ヤラララ' (YARARARA) feat. 重音テト,51810635,6546
2026-09-01 20:00:34,[MV] ABM - 'ヤラララ' (YARARARA) feat. 重音テト,51826406,15771
2026-09-01 21:00:36,[MV] ABM - 'ヤラララ' (YARARARA) feat. 重音テト,51840502,14096
2026-09-01 22:00:36,[MV] ABM - 'ヤラララ' (YARARARA) feat. 重音テト,51856246,15744
2026-09-01 23:00:33,[MV] ABM - 'ヤラララ' (YARARARA) feat. 重音テト,51869122,12876
2026-09-02 00:00:35,[MV] ABM - 'ヤラララ' (YARARARA) feat. 重音テト,51879403,10281
2026-09-02 01:00:45,[MV] ABM - 'ヤラララ' (YARARARA) feat. 重音テト,51891511,12108
2026-09-02 02:00:33,[MV] ABM - 'ヤラララ' (YARARARA) feat. 重音テト,51893535,2024
2026-09-02 03:00:37,[MV] ABM - 'ヤラララ' (YARARARA) feat. 重音テト,51913132,19597
2026-09-02 04:00:34,[MV] ABM - 'ヤラララ' (YARARARA) feat. 重音テト,51922818,9686
2026-09-02 05:00:32,[MV] ABM - 'ヤラララ' (YARARARA) feat. 重音テト,51934307,11489
2026-09-02 06:00:35,[MV] ABM - 'ヤラララ' (YARARARA) feat. 重音テト,51943947,9640
2026-09-02 07:00:36,[MV] ABM - 'ヤラララ' (YARARARA) feat. 重音テト,51954668,10721
2026-09-02 08:00:34,[MV] ABM - 'ヤラララ' (YARARARA) feat. 重音テト,51966999,12331
2026-09-02 09:00:30,[MV] ABM - 'ヤラララ' (YARARARA) feat. 重音テト,51978126,11127
2026-09-02 10:00:35,[MV] ABM - 'ヤラララ' (YARARARA) feat. 重音テト,51988201,10075
2026-09-02 11:00:33,[MV] ABM - 'ヤラララ' (YARARARA) feat. 重音テト,51993991,5790
2026-09-02 12:00:45,[MV] ABM - 'ヤラララ' (YARARARA) feat. 重音テト,52003354,9363
2026-09-02 13:00:40,[MV] ABM - 'ヤラララ' (YARARARA) feat. 重音テト,52017726,14372
2026-09-02 14:00:31,[MV] ABM - 'ヤラララ' (YARARARA) feat. 重音テト,52026105,8379
2026-09-02 15:00:38,[MV] ABM - 'ヤラララ' (YARARARA) feat. 重音テト,52036249,10144
2026-09-02 16:00:32,[MV] ABM - 'ヤラララ' (YARARARA) feat. 重音テト,52046018,9769
2026-09-02 17:00:36,[MV] ABM - 'ヤラララ' (YARARARA) feat. 重音テト,52057485,11467
2026-09-02 18:00:38,[MV] ABM - 'ヤラララ' (YARARARA) feat. 重音テト,52068733,11248
2026-09-02 19:00:38,[MV] ABM - 'ヤラララ' (YARARARA) feat. 重音テト,52079367,10634
2026-09-02 20:00:38,[MV] ABM - 'ヤラララ' (YARARARA) feat. 重音テト,52089194,9827
2026-09-02 21:00:36,[MV] ABM - 'ヤラララ' (YARARARA) feat. 重音テト,52101009,11815
2026-09-02 22:00:38,[MV] ABM - 'ヤラララ' (YARARARA) feat. 重音テト,52111803,10794
2026-09-02 23:00:35,[MV] ABM - 'ヤラララ' (YARARARA) feat. 重音テト,52117014,5211
2026-09-03 00:00:36,[MV] ABM - 'ヤラララ' (YARARARA) feat. 重音テト,52139681,22667
2026-09-03 01:00:35,[MV] ABM - 'ヤラララ' (YARARARA) feat. 重音テト,52151226,11545
2026-09-03 02:00:31,[MV] ABM - 'ヤラララ' (YARARARA) feat. 重音テト,52164069,12843
2026-09-03 03:00:33,[MV] ABM - 'ヤラララ' (YARARARA) feat. 重音テト,52175076,11007
2026-09-03 04:00:38,[MV] ABM - 'ヤラララ' (YARARARA) feat. 重音テト,52185170,10094
2026-09-03 05:00:29,[MV] ABM - 'ヤラララ' (YARARARA) feat. 重音テト,52194934,9764
2026-09-03 06:00:34,[MV] ABM - 'ヤラララ' (YARARARA) feat. 重音テト,52203161,8227
2026-09-03 07:00:33,[MV] ABM - 'ヤラララ' (YARARARA) feat. 重音テト,52214886,11725
2026-09-03 08:00:32,[MV] ABM - 'ヤラララ' (YARARARA) feat. 重音テト,52227127,12241
2026-09-03 09:00:30,[MV] ABM - 'ヤラララ' (YARARARA) feat. 重音テト,52238742,11615
2026-09-03 10:00:32,[MV] ABM - 'ヤラララ' (YARARARA) feat. 重音テト,52249528,10786
2026-09-03 11:00:35,[MV] ABM - 'ヤラララ' (YARARARA) feat. 重音テト,52257058,7530
2026-09-03 12:00:33,[MV] ABM - 'ヤラララ' (YARARARA) feat. 重音テト,52272888,15830
2026-09-03 13:00:36,[MV] ABM - 'ヤラララ' (YARARARA) feat. 重音テト,52281392,8504
2026-09-03 14:00:34,[MV] ABM - 'ヤラララ' (YARARARA) feat. 重音テト,52290072,8680
2026-09-03 15:00:33,[MV] ABM - 'ヤラララ' (YARARARA) feat. 重音テト,52300666,10594
2026-09-03 16:00:30,[MV] ABM - 'ヤラララ' (YARARARA) feat. 重音テト,52309276,8610
2026-09-03 17:00:39,[MV] ABM - 'ヤラララ' (YARARARA) feat. 重音テト,52321087,11811
2026-09-03 18:00:36,[MV] ABM - 'ヤラララ' (YARARARA) feat. 重音テト,52328004,6917
2026-09-03 19:00:37,[MV] ABM - 'ヤラララ' (YARARARA) feat. 重音テト,52332713,4709
2026-09-03 20:00:47,[MV] ABM - 'ヤラララ' (YARARARA) feat. 重音テト,52353840,21127
2026-09-03 21:00:34,[MV] ABM - 'ヤラララ' (YARARARA) feat. 重音テト,52363914,10074
2026-09-03 22:00:38,[MV] ABM - 'ヤラララ' (YARARARA) feat. 重音テト,52382486,18572
2026-09-03 23:00:37,[MV] ABM - 'ヤラララ' (YARARARA) feat. 重音テト,52397405,14919
2026-09-04 00:00:39,[MV] ABM - 'ヤラララ' (YARARARA) feat. 重音テト,52409741,12336
2026-09-04 01:00:46,[MV] ABM - 'ヤラララ' (YARARARA) feat. 重音テト,52412084,2343
2026-09-04 02:00:38,[MV] ABM - 'ヤラララ' (YARARARA) feat. 重音テト,52435377,23293
2026-09-04 03:00:32,[MV] ABM - 'ヤラララ' (YARARARA) feat. 重音テト,52445147,9770
2026-09-04 04:00:32,[MV] ABM - 'ヤラララ' (YARARARA) feat. 重音テト,52455583,10436
2026-09-04 05:00:38,[MV] ABM - 'ヤラララ' (YARARARA) feat. 重音テト,52462109,6526
2026-09-04 06:00:57,[MV] ABM - 'ヤラララ' (YARARARA) feat. 重音テト,52467403,5294
2026-09-04 07:00:34,[MV] ABM - 'ヤラララ' (YARARARA) feat. 重音テト,52472032,4629
2026-09-04 08:00:33,[MV] ABM - 'ヤラララ' (YARARARA) feat. 重音テト,52481825,9793
2026-09-04 09:00:35,[MV] ABM - 'ヤラララ' (YARARARA) feat. 重音テト,52490942,9117
2026-09-04 10:00:30,[MV] ABM - 'ヤラララ' (YARARARA) feat. 重音テト,52511588,20646
2026-09-04 11:00:34,[MV] ABM - 'ヤラララ' (YARARARA) feat. 重音テト,52519547,7959
2026-09-04 12:00:28,[MV] ABM - 'ヤラララ' (YARARARA) feat. 重音テト,52538731,19184
2026-09-04 13:00:29,[MV] ABM - 'ヤラララ' (YARARARA) feat. 重音テト,52550781,12050
2026-09-04 14:00:38,[MV] ABM - 'ヤラララ' (YARARARA) feat. 重音テト,52555439,4658
2026-09-04 15:00:33,[MV] ABM - 'ヤラララ' (YARARARA) feat. 重音テト,52572166,16727
2026-09-04 16:00:33,[MV] ABM - 'ヤラララ' (YARARARA) feat. 重音テト,52579049,6883
2026-09-04 17:00:36,[MV] ABM - 'ヤラララ' (YARARARA) feat. 重音テト,52587761,8712
