Timestamp,Video Title,Views,View Gain
2026-05-30 18:09:03,승인해주세요 지니님! / 카사네 테토・오토마치 우나,4687,0
2026-05-30 18:30:23,승인해주세요 지니님! / 카사네 테토・오토마치 우나,5067,380
2026-05-30 19:00:28,승인해주세요 지니님! / 카사네 테토・오토마치 우나,11199,6132
2026-05-30 19:30:29,승인해주세요 지니님! / 카사네 테토・오토마치 우나,32979,21780
2026-05-30 20:00:29,승인해주세요 지니님! / 카사네 테토・오토마치 우나,55239,22260
2026-05-30 20:30:26,승인해주세요 지니님! / 카사네 테토・오토마치 우나,68583,13344
2026-05-30 21:00:28,승인해주세요 지니님! / 카사네 테토・오토마치 우나,84693,16110
2026-05-30 21:30:24,승인해주세요 지니님! / 카사네 테토・오토마치 우나,96705,12012
2026-05-30 22:00:26,승인해주세요 지니님! / 카사네 테토・오토마치 우나,108479,11774
2026-05-30 22:30:24,승인해주세요 지니님! / 카사네 테토・오토마치 우나,120912,12433
2026-05-30 23:00:26,승인해주세요 지니님! / 카사네 테토・오토마치 우나,129074,8162
2026-05-30 23:30:25,승인해주세요 지니님! / 카사네 테토・오토마치 우나,140013,10939
2026-05-31 00:00:31,승인해주세요 지니님! / 카사네 테토・오토마치 우나,151446,11433
2026-05-31 00:30:25,승인해주세요 지니님! / 카사네 테토・오토마치 우나,160232,8786
2026-05-31 01:00:26,승인해주세요 지니님! / 카사네 테토・오토마치 우나,169616,9384
2026-05-31 01:30:23,승인해주세요 지니님! / 카사네 테토・오토마치 우나,175663,6047
2026-05-31 02:00:26,승인해주세요 지니님! / 카사네 테토・오토마치 우나,182773,7110
2026-05-31 02:30:21,승인해주세요 지니님! / 카사네 테토・오토마치 우나,189839,7066
2026-05-31 03:00:28,승인해주세요 지니님! / 카사네 테토・오토마치 우나,195933,6094
2026-05-31 03:30:23,승인해주세요 지니님! / 카사네 테토・오토마치 우나,201288,5355
2026-05-31 04:00:27,승인해주세요 지니님! / 카사네 테토・오토마치 우나,205803,4515
2026-05-31 04:30:26,승인해주세요 지니님! / 카사네 테토・오토마치 우나,209836,4033
2026-05-31 05:00:30,승인해주세요 지니님! / 카사네 테토・오토마치 우나,214108,4272
2026-05-31 05:30:25,승인해주세요 지니님! / 카사네 테토・오토마치 우나,217425,3317
2026-05-31 06:00:30,승인해주세요 지니님! / 카사네 테토・오토마치 우나,220928,3503
2026-05-31 06:30:24,승인해주세요 지니님! / 카사네 테토・오토마치 우나,223990,3062
2026-05-31 07:00:34,승인해주세요 지니님! / 카사네 테토・오토마치 우나,227685,3695
2026-05-31 08:00:25,승인해주세요 지니님! / 카사네 테토・오토마치 우나,235243,7558
2026-05-31 09:00:28,승인해주세요 지니님! / 카사네 테토・오토마치 우나,245221,9978
2026-05-31 10:00:31,승인해주세요 지니님! / 카사네 테토・오토마치 우나,256702,11481
2026-05-31 11:00:28,승인해주세요 지니님! / 카사네 테토・오토마치 우나,268294,11592
2026-05-31 12:00:24,승인해주세요 지니님! / 카사네 테토・오토마치 우나,280342,12048
2026-05-31 13:00:28,승인해주세요 지니님! / 카사네 테토・오토마치 우나,293502,13160
2026-05-31 14:00:30,승인해주세요 지니님! / 카사네 테토・오토마치 우나,306809,13307
2026-05-31 15:00:29,승인해주세요 지니님! / 카사네 테토・오토마치 우나,320880,14071
2026-05-31 16:00:26,승인해주세요 지니님! / 카사네 테토・오토마치 우나,336446,15566
2026-05-31 17:00:26,승인해주세요 지니님! / 카사네 테토・오토마치 우나,350486,14040
2026-05-31 18:00:26,승인해주세요 지니님! / 카사네 테토・오토마치 우나,365360,14874
2026-05-31 19:00:29,승인해주세요 지니님! / 카사네 테토・오토마치 우나,378281,12921
2026-05-31 20:00:28,승인해주세요 지니님! / 카사네 테토・오토마치 우나,393162,14881
2026-05-31 21:00:31,승인해주세요 지니님! / 카사네 테토・오토마치 우나,405572,12410
2026-05-31 22:00:28,승인해주세요 지니님! / 카사네 테토・오토마치 우나,422013,16441
2026-05-31 23:00:26,승인해주세요 지니님! / 카사네 테토・오토마치 우나,436146,14133
2026-06-01 00:00:28,승인해주세요 지니님! / 카사네 테토・오토마치 우나,449539,13393
2026-06-01 01:00:29,승인해주세요 지니님! / 카사네 테토・오토마치 우나,462092,12553
2026-06-01 02:00:27,승인해주세요 지니님! / 카사네 테토・오토마치 우나,471932,9840
2026-06-01 03:00:29,승인해주세요 지니님! / 카사네 테토・오토마치 우나,480654,8722
2026-06-01 04:00:30,승인해주세요 지니님! / 카사네 테토・오토마치 우나,488180,7526
2026-06-01 05:00:27,승인해주세요 지니님! / 카사네 테토・오토마치 우나,494571,6391
2026-06-01 06:00:26,승인해주세요 지니님! / 카사네 테토・오토마치 우나,500746,6175
2026-06-01 07:00:27,승인해주세요 지니님! / 카사네 테토・오토마치 우나,507452,6706
2026-06-01 08:00:28,승인해주세요 지니님! / 카사네 테토・오토마치 우나,517626,10174
2026-06-01 09:00:27,승인해주세요 지니님! / 카사네 테토・오토마치 우나,524880,7254
2026-06-01 10:00:26,승인해주세요 지니님! / 카사네 테토・오토마치 우나,532023,7143
2026-06-01 11:00:26,승인해주세요 지니님! / 카사네 테토・오토마치 우나,537986,5963
2026-06-01 12:00:28,승인해주세요 지니님! / 카사네 테토・오토마치 우나,544858,6872
2026-06-01 13:00:30,승인해주세요 지니님! / 카사네 테토・오토마치 우나,552125,7267
2026-06-01 14:00:31,승인해주세요 지니님! / 카사네 테토・오토마치 우나,559972,7847
2026-06-01 15:00:33,승인해주세요 지니님! / 카사네 테토・오토마치 우나,567253,7281
2026-06-01 16:12:00,승인해주세요 지니님! / 카사네 테토・오토마치 우나,581451,14198
2026-06-01 17:00:33,승인해주세요 지니님! / 카사네 테토・오토마치 우나,591440,9989
2026-06-01 18:00:35,승인해주세요 지니님! / 카사네 테토・오토마치 우나,603009,11569
2026-06-01 19:00:34,승인해주세요 지니님! / 카사네 테토・오토마치 우나,615371,12362
2026-06-01 20:00:36,승인해주세요 지니님! / 카사네 테토・오토마치 우나,630001,14630
2026-06-01 21:00:42,승인해주세요 지니님! / 카사네 테토・오토마치 우나,643759,13758
2026-06-01 22:00:36,승인해주세요 지니님! / 카사네 테토・오토마치 우나,657578,13819
2026-06-01 23:00:37,승인해주세요 지니님! / 카사네 테토・오토마치 우나,669832,12254
2026-06-02 00:00:43,승인해주세요 지니님! / 카사네 테토・오토마치 우나,683065,13233
2026-06-02 01:00:32,승인해주세요 지니님! / 카사네 테토・오토마치 우나,694271,11206
2026-06-02 02:00:30,승인해주세요 지니님! / 카사네 테토・오토마치 우나,704265,9994
2026-06-02 03:00:31,승인해주세요 지니님! / 카사네 테토・오토마치 우나,712703,8438
2026-06-02 04:00:37,승인해주세요 지니님! / 카사네 테토・오토마치 우나,720145,7442
2026-06-02 05:00:30,승인해주세요 지니님! / 카사네 테토・오토마치 우나,726264,6119
2026-06-02 06:00:29,승인해주세요 지니님! / 카사네 테토・오토마치 우나,732458,6194
2026-06-02 07:00:28,승인해주세요 지니님! / 카사네 테토・오토마치 우나,739795,7337
2026-06-02 08:00:29,승인해주세요 지니님! / 카사네 테토・오토마치 우나,749789,9994
2026-06-02 09:00:33,승인해주세요 지니님! / 카사네 테토・오토마치 우나,758490,8701
2026-06-02 10:00:30,승인해주세요 지니님! / 카사네 테토・오토마치 우나,764998,6508
2026-06-02 11:00:32,승인해주세요 지니님! / 카사네 테토・오토마치 우나,771489,6491
2026-06-02 12:00:31,승인해주세요 지니님! / 카사네 테토・오토마치 우나,777988,6499
2026-06-02 13:00:35,승인해주세요 지니님! / 카사네 테토・오토마치 우나,784261,6273
2026-06-02 14:00:32,승인해주세요 지니님! / 카사네 테토・오토마치 우나,792176,7915
2026-06-02 15:00:38,승인해주세요 지니님! / 카사네 테토・오토마치 우나,800676,8500
2026-06-02 16:00:32,승인해주세요 지니님! / 카사네 테토・오토마치 우나,810787,10111
2026-06-02 17:00:34,승인해주세요 지니님! / 카사네 테토・오토마치 우나,824039,13252
2026-06-02 18:00:38,승인해주세요 지니님! / 카사네 테토・오토마치 우나,836079,12040
2026-06-02 19:00:39,승인해주세요 지니님! / 카사네 테토・오토마치 우나,848278,12199
2026-06-02 20:00:40,승인해주세요 지니님! / 카사네 테토・오토마치 우나,863843,15565
2026-06-02 21:00:43,승인해주세요 지니님! / 카사네 테토・오토마치 우나,878673,14830
2026-06-02 22:00:42,승인해주세요 지니님! / 카사네 테토・오토마치 우나,895820,17147
2026-06-02 23:00:38,승인해주세요 지니님! / 카사네 테토・오토마치 우나,911538,15718
2026-06-03 00:00:31,승인해주세요 지니님! / 카사네 테토・오토마치 우나,924683,13145
2026-06-03 01:00:37,승인해주세요 지니님! / 카사네 테토・오토마치 우나,935662,10979
2026-06-03 02:00:36,승인해주세요 지니님! / 카사네 테토・오토마치 우나,945608,9946
2026-06-03 03:00:36,승인해주세요 지니님! / 카사네 테토・오토마치 우나,953543,7935
2026-06-03 04:00:35,승인해주세요 지니님! / 카사네 테토・오토마치 우나,961453,7910
2026-06-03 05:00:30,승인해주세요 지니님! / 카사네 테토・오토마치 우나,967584,6131
2026-06-03 06:00:31,승인해주세요 지니님! / 카사네 테토・오토마치 우나,974101,6517
2026-06-03 07:00:33,승인해주세요 지니님! / 카사네 테토・오토마치 우나,980527,6426
2026-06-03 08:00:30,승인해주세요 지니님! / 카사네 테토・오토마치 우나,987491,6964
2026-06-03 09:00:27,승인해주세요 지니님! / 카사네 테토・오토마치 우나,996471,8980
2026-06-03 10:00:32,승인해주세요 지니님! / 카사네 테토・오토마치 우나,1006841,10370
2026-06-03 11:00:31,승인해주세요 지니님! / 카사네 테토・오토마치 우나,1017022,10181
2026-06-03 12:00:26,승인해주세요 지니님! / 카사네 테토・오토마치 우나,1028380,11358
2026-06-03 13:00:28,승인해주세요 지니님! / 카사네 테토・오토마치 우나,1038878,10498
2026-06-03 14:00:29,승인해주세요 지니님! / 카사네 테토・오토마치 우나,1050819,11941
2026-06-03 15:00:28,승인해주세요 지니님! / 카사네 테토・오토마치 우나,1063475,12656
2026-06-03 16:00:31,승인해주세요 지니님! / 카사네 테토・오토마치 우나,1076021,12546
2026-06-03 17:00:32,승인해주세요 지니님! / 카사네 테토・오토마치 우나,1086587,10566
2026-06-03 18:00:32,승인해주세요 지니님! / 카사네 테토・오토마치 우나,1097599,11012
2026-06-03 19:00:33,승인해주세요 지니님! / 카사네 테토・오토마치 우나,1109136,11537
2026-06-03 20:00:38,승인해주세요 지니님! / 카사네 테토・오토마치 우나,1121480,12344
2026-06-03 21:00:36,승인해주세요 지니님! / 카사네 테토・오토마치 우나,1134165,12685
2026-06-03 22:00:37,승인해주세요 지니님! / 카사네 테토・오토마치 우나,1146573,12408
2026-06-03 23:00:36,승인해주세요 지니님! / 카사네 테토・오토마치 우나,1159733,13160
2026-06-04 00:00:31,승인해주세요 지니님! / 카사네 테토・오토마치 우나,1169165,9432
2026-06-04 01:00:38,승인해주세요 지니님! / 카사네 테토・오토마치 우나,1179826,10661
2026-06-04 02:00:36,승인해주세요 지니님! / 카사네 테토・오토마치 우나,1188303,8477
2026-06-04 03:00:29,승인해주세요 지니님! / 카사네 테토・오토마치 우나,1196120,7817
2026-06-04 04:00:36,승인해주세요 지니님! / 카사네 테토・오토마치 우나,1203261,7141
2026-06-04 05:00:26,승인해주세요 지니님! / 카사네 테토・오토마치 우나,1210240,6979
2026-06-04 06:00:26,승인해주세요 지니님! / 카사네 테토・오토마치 우나,1219031,8791
2026-06-04 07:00:31,승인해주세요 지니님! / 카사네 테토・오토마치 우나,1226567,7536
2026-06-04 08:00:29,승인해주세요 지니님! / 카사네 테토・오토마치 우나,1237407,10840
2026-06-04 09:00:31,승인해주세요 지니님! / 카사네 테토・오토마치 우나,1246034,8627
2026-06-04 10:00:30,승인해주세요 지니님! / 카사네 테토・오토마치 우나,1252720,6686
2026-06-04 11:00:35,승인해주세요 지니님! / 카사네 테토・오토마치 우나,1260427,7707
2026-06-04 12:00:33,승인해주세요 지니님! / 카사네 테토・오토마치 우나,1266598,6171
2026-06-04 13:00:32,승인해주세요 지니님! / 카사네 테토・오토마치 우나,1274164,7566
2026-06-04 14:00:32,승인해주세요 지니님! / 카사네 테토・오토마치 우나,1280856,6692
2026-06-04 15:00:32,승인해주세요 지니님! / 카사네 테토・오토마치 우나,1287638,6782
2026-06-04 16:00:32,승인해주세요 지니님! / 카사네 테토・오토마치 우나,1295903,8265
2026-06-04 17:00:34,승인해주세요 지니님! / 카사네 테토・오토마치 우나,1310198,14295
2026-06-04 18:00:30,승인해주세요 지니님! / 카사네 테토・오토마치 우나,1319465,9267
2026-06-04 19:00:30,승인해주세요 지니님! / 카사네 테토・오토마치 우나,1333306,13841
2026-06-04 20:00:31,승인해주세요 지니님! / 카사네 테토・오토마치 우나,1350592,17286
2026-06-04 21:00:35,승인해주세요 지니님! / 카사네 테토・오토마치 우나,1366427,15835
2026-06-04 22:00:33,승인해주세요 지니님! / 카사네 테토・오토마치 우나,1383249,16822
2026-06-04 23:00:35,승인해주세요 지니님! / 카사네 테토・오토마치 우나,1395456,12207
2026-06-05 00:00:35,승인해주세요 지니님! / 카사네 테토・오토마치 우나,1409984,14528
2026-06-05 01:00:26,승인해주세요 지니님! / 카사네 테토・오토마치 우나,1419436,9452
2026-06-05 02:00:28,승인해주세요 지니님! / 카사네 테토・오토마치 우나,1432473,13037
2026-06-05 03:00:28,승인해주세요 지니님! / 카사네 테토・오토마치 우나,1441834,9361
2026-06-05 04:00:28,승인해주세요 지니님! / 카사네 테토・오토마치 우나,1452430,10596
2026-06-05 05:00:33,승인해주세요 지니님! / 카사네 테토・오토마치 우나,1464018,11588
2026-06-05 06:00:29,승인해주세요 지니님! / 카사네 테토・오토마치 우나,1474671,10653
2026-06-05 07:00:26,승인해주세요 지니님! / 카사네 테토・오토마치 우나,1483231,8560
2026-06-05 08:00:26,승인해주세요 지니님! / 카사네 테토・오토마치 우나,1495327,12096
2026-06-05 09:00:29,승인해주세요 지니님! / 카사네 테토・오토마치 우나,1504445,9118
2026-06-05 10:00:31,승인해주세요 지니님! / 카사네 테토・오토마치 우나,1512518,8073
2026-06-05 11:00:30,승인해주세요 지니님! / 카사네 테토・오토마치 우나,1520522,8004
2026-06-05 12:00:32,승인해주세요 지니님! / 카사네 테토・오토마치 우나,1528203,7681
2026-06-05 13:00:28,승인해주세요 지니님! / 카사네 테토・오토마치 우나,1536613,8410
2026-06-05 14:00:29,승인해주세요 지니님! / 카사네 테토・오토마치 우나,1545963,9350
2026-06-05 15:00:36,승인해주세요 지니님! / 카사네 테토・오토마치 우나,1556229,10266
2026-06-05 16:00:37,승인해주세요 지니님! / 카사네 테토・오토마치 우나,1566935,10706
2026-06-05 17:00:35,승인해주세요 지니님! / 카사네 테토・오토마치 우나,1582790,15855
2026-06-05 18:00:36,승인해주세요 지니님! / 카사네 테토・오토마치 우나,1595716,12926
2026-06-05 19:00:36,승인해주세요 지니님! / 카사네 테토・오토마치 우나,1609535,13819
2026-06-05 20:00:38,승인해주세요 지니님! / 카사네 테토・오토마치 우나,1625687,16152
2026-06-05 21:00:38,승인해주세요 지니님! / 카사네 테토・오토마치 우나,1641597,15910
2026-06-05 22:00:35,승인해주세요 지니님! / 카사네 테토・오토마치 우나,1661474,19877
2026-06-05 23:00:31,승인해주세요 지니님! / 카사네 테토・오토마치 우나,1677765,16291
2026-06-06 00:00:31,승인해주세요 지니님! / 카사네 테토・오토마치 우나,1694866,17101
2026-06-06 01:00:28,승인해주세요 지니님! / 카사네 테토・오토마치 우나,1705335,10469
2026-06-06 02:00:30,승인해주세요 지니님! / 카사네 테토・오토마치 우나,1721568,16233
2026-06-06 03:00:33,승인해주세요 지니님! / 카사네 테토・오토마치 우나,1732651,11083
2026-06-06 04:00:29,승인해주세요 지니님! / 카사네 테토・오토마치 우나,1743021,10370
2026-06-06 05:00:28,승인해주세요 지니님! / 카사네 테토・오토마치 우나,1752498,9477
2026-06-06 06:00:27,승인해주세요 지니님! / 카사네 테토・오토마치 우나,1761851,9353
2026-06-06 07:00:33,승인해주세요 지니님! / 카사네 테토・오토마치 우나,1770858,9007
2026-06-06 08:00:26,승인해주세요 지니님! / 카사네 테토・오토마치 우나,1780986,10128
2026-06-06 09:00:30,승인해주세요 지니님! / 카사네 테토・오토마치 우나,1791667,10681
2026-06-06 10:00:32,승인해주세요 지니님! / 카사네 테토・오토마치 우나,1804768,13101
2026-06-06 11:00:26,승인해주세요 지니님! / 카사네 테토・오토마치 우나,1817851,13083
2026-06-06 12:00:28,승인해주세요 지니님! / 카사네 테토・오토마치 우나,1831379,13528
2026-06-06 13:00:30,승인해주세요 지니님! / 카사네 테토・오토마치 우나,1845867,14488
2026-06-06 14:00:30,승인해주세요 지니님! / 카사네 테토・오토마치 우나,1860297,14430
2026-06-06 15:00:29,승인해주세요 지니님! / 카사네 테토・오토마치 우나,1874162,13865
2026-06-06 16:00:28,승인해주세요 지니님! / 카사네 테토・오토마치 우나,1889085,14923
2026-06-06 17:00:26,승인해주세요 지니님! / 카사네 테토・오토마치 우나,1903037,13952
2026-06-06 18:00:30,승인해주세요 지니님! / 카사네 테토・오토마치 우나,1917365,14328
2026-06-06 19:00:27,승인해주세요 지니님! / 카사네 테토・오토마치 우나,1929402,12037
2026-06-06 20:00:32,승인해주세요 지니님! / 카사네 테토・오토마치 우나,1944879,15477
2026-06-06 21:00:29,승인해주세요 지니님! / 카사네 테토・오토마치 우나,1959785,14906
2026-06-06 22:00:29,승인해주세요 지니님! / 카사네 테토・오토마치 우나,1975168,15383
2026-06-06 23:00:31,승인해주세요 지니님! / 카사네 테토・오토마치 우나,1990948,15780
2026-06-07 00:00:28,승인해주세요 지니님! / 카사네 테토・오토마치 우나,2005435,14487
2026-06-07 01:00:33,승인해주세요 지니님! / 카사네 테토・오토마치 우나,2019424,13989
2026-06-07 02:00:27,승인해주세요 지니님! / 카사네 테토・오토마치 우나,2032614,13190
2026-06-07 03:00:28,승인해주세요 지니님! / 카사네 테토・오토마치 우나,2043344,10730
2026-06-07 04:00:29,승인해주세요 지니님! / 카사네 테토・오토마치 우나,2055276,11932
2026-06-07 05:00:28,승인해주세요 지니님! / 카사네 테토・오토마치 우나,2064825,9549
2026-06-07 06:00:28,승인해주세요 지니님! / 카사네 테토・오토마치 우나,2072073,7248
2026-06-07 07:00:28,승인해주세요 지니님! / 카사네 테토・오토마치 우나,2079597,7524
2026-06-07 08:00:29,승인해주세요 지니님! / 카사네 테토・오토마치 우나,2088166,8569
2026-06-07 09:00:29,승인해주세요 지니님! / 카사네 테토・오토마치 우나,2097543,9377
2026-06-07 10:00:28,승인해주세요 지니님! / 카사네 테토・오토마치 우나,2108394,10851
2026-06-07 11:00:27,승인해주세요 지니님! / 카사네 테토・오토마치 우나,2119385,10991
2026-06-07 12:00:30,승인해주세요 지니님! / 카사네 테토・오토마치 우나,2131612,12227
2026-06-07 13:00:32,승인해주세요 지니님! / 카사네 테토・오토마치 우나,2144111,12499
2026-06-07 14:00:29,승인해주세요 지니님! / 카사네 테토・오토마치 우나,2156657,12546
2026-06-07 15:00:26,승인해주세요 지니님! / 카사네 테토・오토마치 우나,2168641,11984
2026-06-07 16:00:30,승인해주세요 지니님! / 카사네 테토・오토마치 우나,2182306,13665
2026-06-07 17:00:27,승인해주세요 지니님! / 카사네 테토・오토마치 우나,2195787,13481
2026-06-07 18:00:26,승인해주세요 지니님! / 카사네 테토・오토마치 우나,2209386,13599
2026-06-07 19:00:30,승인해주세요 지니님! / 카사네 테토・오토마치 우나,2221637,12251
2026-06-07 20:00:29,승인해주세요 지니님! / 카사네 테토・오토마치 우나,2234379,12742
2026-06-07 21:00:25,승인해주세요 지니님! / 카사네 테토・오토마치 우나,2249336,14957
2026-06-07 22:00:30,승인해주세요 지니님! / 카사네 테토・오토마치 우나,2263387,14051
2026-06-07 23:00:33,승인해주세요 지니님! / 카사네 테토・오토마치 우나,2275063,11676
2026-06-08 00:00:25,승인해주세요 지니님! / 카사네 테토・오토마치 우나,2288288,13225
2026-06-08 01:00:26,승인해주세요 지니님! / 카사네 테토・오토마치 우나,2299902,11614
2026-06-08 02:00:28,승인해주세요 지니님! / 카사네 테토・오토마치 우나,2309096,9194
2026-06-08 03:00:30,승인해주세요 지니님! / 카사네 테토・오토마치 우나,2318310,9214
2026-06-08 04:00:30,승인해주세요 지니님! / 카사네 테토・오토마치 우나,2327127,8817
2026-06-08 05:00:28,승인해주세요 지니님! / 카사네 테토・오토마치 우나,2334452,7325
2026-06-08 06:00:28,승인해주세요 지니님! / 카사네 테토・오토마치 우나,2341353,6901
2026-06-08 07:00:30,승인해주세요 지니님! / 카사네 테토・오토마치 우나,2348552,7199
2026-06-08 08:00:29,승인해주세요 지니님! / 카사네 테토・오토마치 우나,2358146,9594
2026-06-08 09:00:30,승인해주세요 지니님! / 카사네 테토・오토마치 우나,2365495,7349
2026-06-08 10:00:27,승인해주세요 지니님! / 카사네 테토・오토마치 우나,2372432,6937
2026-06-08 11:00:31,승인해주세요 지니님! / 카사네 테토・오토마치 우나,2378721,6289
2026-06-08 12:00:28,승인해주세요 지니님! / 카사네 테토・오토마치 우나,2385304,6583
2026-06-08 13:00:37,승인해주세요 지니님! / 카사네 테토・오토마치 우나,2392751,7447
2026-06-08 14:00:34,승인해주세요 지니님! / 카사네 테토・오토마치 우나,2399861,7110
2026-06-08 15:00:35,승인해주세요 지니님! / 카사네 테토・오토마치 우나,2407956,8095
2026-06-08 16:00:34,승인해주세요 지니님! / 카사네 테토・오토마치 우나,2418282,10326
2026-06-08 17:00:35,승인해주세요 지니님! / 카사네 테토・오토마치 우나,2429473,11191
2026-06-08 18:00:30,승인해주세요 지니님! / 카사네 테토・오토마치 우나,2439388,9915
2026-06-08 19:00:31,승인해주세요 지니님! / 카사네 테토・오토마치 우나,2451909,12521
2026-06-08 20:00:34,승인해주세요 지니님! / 카사네 테토・오토마치 우나,2464540,12631
2026-06-08 21:00:39,승인해주세요 지니님! / 카사네 테토・오토마치 우나,2478759,14219
2026-06-08 22:00:38,승인해주세요 지니님! / 카사네 테토・오토마치 우나,2494433,15674
2026-06-08 23:00:37,승인해주세요 지니님! / 카사네 테토・오토마치 우나,2507054,12621
2026-06-09 00:00:36,승인해주세요 지니님! / 카사네 테토・오토마치 우나,2519705,12651
2026-06-09 01:00:34,승인해주세요 지니님! / 카사네 테토・오토마치 우나,2531123,11418
2026-06-09 02:00:33,승인해주세요 지니님! / 카사네 테토・오토마치 우나,2540818,9695
2026-06-09 03:00:30,승인해주세요 지니님! / 카사네 테토・오토마치 우나,2549419,8601
2026-06-09 04:00:32,승인해주세요 지니님! / 카사네 테토・오토마치 우나,2558022,8603
2026-06-09 05:00:28,승인해주세요 지니님! / 카사네 테토・오토마치 우나,2565085,7063
2026-06-09 06:00:33,승인해주세요 지니님! / 카사네 테토・오토마치 우나,2572183,7098
2026-06-09 07:00:32,승인해주세요 지니님! / 카사네 테토・오토마치 우나,2580280,8097
2026-06-09 08:00:30,승인해주세요 지니님! / 카사네 테토・오토마치 우나,2589727,9447
2026-06-09 09:00:28,승인해주세요 지니님! / 카사네 테토・오토마치 우나,2598258,8531
2026-06-09 10:00:36,승인해주세요 지니님! / 카사네 테토・오토마치 우나,2605626,7368
2026-06-09 11:00:43,승인해주세요 지니님! / 카사네 테토・오토마치 우나,2612120,6494
2026-06-09 12:00:34,승인해주세요 지니님! / 카사네 테토・오토마치 우나,2619794,7674
2026-06-09 13:00:34,승인해주세요 지니님! / 카사네 테토・오토마치 우나,2626652,6858
2026-06-09 14:00:38,승인해주세요 지니님! / 카사네 테토・오토마치 우나,2634742,8090
2026-06-09 15:00:27,승인해주세요 지니님! / 카사네 테토・오토마치 우나,2643039,8297
2026-06-09 16:00:28,승인해주세요 지니님! / 카사네 테토・오토마치 우나,2653385,10346
2026-06-09 17:00:34,승인해주세요 지니님! / 카사네 테토・오토마치 우나,2664507,11122
2026-06-09 18:00:35,승인해주세요 지니님! / 카사네 테토・오토마치 우나,2675914,11407
2026-06-09 19:00:33,승인해주세요 지니님! / 카사네 테토・오토마치 우나,2688264,12350
2026-06-09 20:00:32,승인해주세요 지니님! / 카사네 테토・오토마치 우나,2701450,13186
2026-06-09 21:00:32,승인해주세요 지니님! / 카사네 테토・오토마치 우나,2714539,13089
2026-06-09 22:00:55,승인해주세요 지니님! / 카사네 테토・오토마치 우나,2731046,16507
2026-06-09 23:00:33,승인해주세요 지니님! / 카사네 테토・오토마치 우나,2744709,13663
2026-06-10 00:00:35,승인해주세요 지니님! / 카사네 테토・오토마치 우나,2756463,11754
2026-06-10 01:00:34,승인해주세요 지니님! / 카사네 테토・오토마치 우나,2768588,12125
2026-06-10 02:00:40,승인해주세요 지니님! / 카사네 테토・오토마치 우나,2778264,9676
2026-06-10 03:00:35,승인해주세요 지니님! / 카사네 테토・오토마치 우나,2787749,9485
2026-06-10 04:00:28,승인해주세요 지니님! / 카사네 테토・오토마치 우나,2795685,7936
2026-06-10 05:00:30,승인해주세요 지니님! / 카사네 테토・오토마치 우나,2803497,7812
2026-06-10 06:00:27,승인해주세요 지니님! / 카사네 테토・오토마치 우나,2810541,7044
2026-06-10 07:00:29,승인해주세요 지니님! / 카사네 테토・오토마치 우나,2818380,7839
2026-06-10 08:00:30,승인해주세요 지니님! / 카사네 테토・오토마치 우나,2828685,10305
2026-06-10 09:00:29,승인해주세요 지니님! / 카사네 테토・오토마치 우나,2836296,7611
2026-06-10 10:00:29,승인해주세요 지니님! / 카사네 테토・오토마치 우나,2843768,7472
2026-06-10 11:00:36,승인해주세요 지니님! / 카사네 테토・오토마치 우나,2850150,6382
2026-06-10 12:00:28,승인해주세요 지니님! / 카사네 테토・오토마치 우나,2857576,7426
2026-06-10 13:00:35,승인해주세요 지니님! / 카사네 테토・오토마치 우나,2863904,6328
2026-06-10 14:00:32,승인해주세요 지니님! / 카사네 테토・오토마치 우나,2872992,9088
2026-06-10 15:00:37,승인해주세요 지니님! / 카사네 테토・오토마치 우나,2881854,8862
2026-06-10 16:00:35,승인해주세요 지니님! / 카사네 테토・오토마치 우나,2892858,11004
2026-06-10 17:00:32,승인해주세요 지니님! / 카사네 테토・오토마치 우나,2903911,11053
2026-06-10 18:00:34,승인해주세요 지니님! / 카사네 테토・오토마치 우나,2916638,12727
2026-06-10 19:00:34,승인해주세요 지니님! / 카사네 테토・오토마치 우나,2928821,12183
2026-06-10 20:00:32,승인해주세요 지니님! / 카사네 테토・오토마치 우나,2941255,12434
2026-06-10 21:00:37,승인해주세요 지니님! / 카사네 테토・오토마치 우나,2956158,14903
2026-06-10 22:00:34,승인해주세요 지니님! / 카사네 테토・오토마치 우나,2971096,14938
2026-06-10 23:00:35,승인해주세요 지니님! / 카사네 테토・오토마치 우나,2984738,13642
2026-06-11 00:00:43,승인해주세요 지니님! / 카사네 테토・오토마치 우나,2998893,14155
2026-06-11 01:00:35,승인해주세요 지니님! / 카사네 테토・오토마치 우나,3008471,9578
2026-06-11 02:00:31,승인해주세요 지니님! / 카사네 테토・오토마치 우나,3018986,10515
2026-06-11 03:00:36,승인해주세요 지니님! / 카사네 테토・오토마치 우나,3027048,8062
2026-06-11 04:00:31,승인해주세요 지니님! / 카사네 테토・오토마치 우나,3035934,8886
2026-06-11 05:00:30,승인해주세요 지니님! / 카사네 테토・오토마치 우나,3042948,7014
2026-06-11 06:00:31,승인해주세요 지니님! / 카사네 테토・오토마치 우나,3050297,7349
2026-06-11 07:00:29,승인해주세요 지니님! / 카사네 테토・오토마치 우나,3058114,7817
2026-06-11 08:00:29,승인해주세요 지니님! / 카사네 테토・오토마치 우나,3066888,8774
2026-06-11 09:00:30,승인해주세요 지니님! / 카사네 테토・오토마치 우나,3074384,7496
2026-06-11 10:00:35,승인해주세요 지니님! / 카사네 테토・오토마치 우나,3082039,7655
2026-06-11 11:00:32,승인해주세요 지니님! / 카사네 테토・오토마치 우나,3088451,6412
2026-06-11 12:00:30,승인해주세요 지니님! / 카사네 테토・오토마치 우나,3095153,6702
2026-06-11 13:00:29,승인해주세요 지니님! / 카사네 테토・오토마치 우나,3101150,5997
2026-06-11 14:00:33,승인해주세요 지니님! / 카사네 테토・오토마치 우나,3108696,7546
2026-06-11 15:00:48,승인해주세요 지니님! / 카사네 테토・오토마치 우나,3113646,4950
2026-06-11 16:00:33,승인해주세요 지니님! / 카사네 테토・오토마치 우나,3124199,10553
2026-06-11 17:00:32,승인해주세요 지니님! / 카사네 테토・오토마치 우나,3132318,8119
2026-06-11 18:00:32,승인해주세요 지니님! / 카사네 테토・오토마치 우나,3149067,16749
2026-06-11 19:00:41,승인해주세요 지니님! / 카사네 테토・오토마치 우나,3160784,11717
2026-06-11 20:00:31,승인해주세요 지니님! / 카사네 테토・오토마치 우나,3175796,15012
2026-06-11 21:00:42,승인해주세요 지니님! / 카사네 테토・오토마치 우나,3190064,14268
2026-06-11 22:00:38,승인해주세요 지니님! / 카사네 테토・오토마치 우나,3204849,14785
2026-06-11 23:00:47,승인해주세요 지니님! / 카사네 테토・오토마치 우나,3216487,11638
2026-06-12 00:00:40,승인해주세요 지니님! / 카사네 테토・오토마치 우나,3229867,13380
2026-06-12 01:00:41,승인해주세요 지니님! / 카사네 테토・오토마치 우나,3241939,12072
2026-06-12 02:00:33,승인해주세요 지니님! / 카사네 테토・오토마치 우나,3251910,9971
2026-06-12 03:00:29,승인해주세요 지니님! / 카사네 테토・오토마치 우나,3259465,7555
2026-06-12 04:00:41,승인해주세요 지니님! / 카사네 테토・오토마치 우나,3268418,8953
2026-06-12 05:00:31,승인해주세요 지니님! / 카사네 테토・오토마치 우나,3274764,6346
2026-06-12 06:00:40,승인해주세요 지니님! / 카사네 테토・오토마치 우나,3282994,8230
2026-06-12 07:00:30,승인해주세요 지니님! / 카사네 테토・오토마치 우나,3290797,7803
2026-06-12 08:00:31,승인해주세요 지니님! / 카사네 테토・오토마치 우나,3300347,9550
2026-06-12 09:00:27,승인해주세요 지니님! / 카사네 테토・오토마치 우나,3309171,8824
2026-06-12 10:00:33,승인해주세요 지니님! / 카사네 테토・오토마치 우나,3316625,7454
2026-06-12 11:00:30,승인해주세요 지니님! / 카사네 테토・오토마치 우나,3323196,6571
2026-06-12 12:00:28,승인해주세요 지니님! / 카사네 테토・오토마치 우나,3330822,7626
2026-06-12 13:00:32,승인해주세요 지니님! / 카사네 테토・오토마치 우나,3338030,7208
2026-06-12 14:00:31,승인해주세요 지니님! / 카사네 테토・오토마치 우나,3345151,7121
2026-06-12 15:00:34,승인해주세요 지니님! / 카사네 테토・오토마치 우나,3354925,9774
2026-06-12 16:00:30,승인해주세요 지니님! / 카사네 테토・오토마치 우나,3366613,11688
2026-06-12 17:00:36,승인해주세요 지니님! / 카사네 테토・오토마치 우나,3379516,12903
2026-06-12 18:00:31,승인해주세요 지니님! / 카사네 테토・오토마치 우나,3391850,12334
2026-06-12 19:00:34,승인해주세요 지니님! / 카사네 테토・오토마치 우나,3404588,12738
2026-06-12 20:00:36,승인해주세요 지니님! / 카사네 테토・오토마치 우나,3418333,13745
2026-06-12 21:00:30,승인해주세요 지니님! / 카사네 테토・오토마치 우나,3433532,15199
2026-06-12 22:00:36,승인해주세요 지니님! / 카사네 테토・오토마치 우나,3450049,16517
2026-06-12 23:00:32,승인해주세요 지니님! / 카사네 테토・오토마치 우나,3464141,14092
2026-06-13 00:00:33,승인해주세요 지니님! / 카사네 테토・오토마치 우나,3478706,14565
2026-06-13 01:00:30,승인해주세요 지니님! / 카사네 테토・오토마치 우나,3491117,12411
2026-06-13 02:00:28,승인해주세요 지니님! / 카사네 테토・오토마치 우나,3501719,10602
2026-06-13 03:01:02,승인해주세요 지니님! / 카사네 테토・오토마치 우나,3511886,10167
2026-06-13 04:00:29,승인해주세요 지니님! / 카사네 테토・오토마치 우나,3520538,8652
2026-06-13 05:00:29,승인해주세요 지니님! / 카사네 테토・오토마치 우나,3529032,8494
2026-06-13 06:00:31,승인해주세요 지니님! / 카사네 테토・오토마치 우나,3536881,7849
2026-06-13 07:00:28,승인해주세요 지니님! / 카사네 테토・오토마치 우나,3544744,7863
2026-06-13 08:00:36,승인해주세요 지니님! / 카사네 테토・오토마치 우나,3554251,9507
2026-06-13 09:00:29,승인해주세요 지니님! / 카사네 테토・오토마치 우나,3563936,9685
2026-06-13 10:00:27,승인해주세요 지니님! / 카사네 테토・오토마치 우나,3576254,12318
2026-06-13 11:00:34,승인해주세요 지니님! / 카사네 테토・오토마치 우나,3588722,12468
2026-06-13 12:00:28,승인해주세요 지니님! / 카사네 테토・오토마치 우나,3600423,11701
2026-06-13 13:00:31,승인해주세요 지니님! / 카사네 테토・오토마치 우나,3614780,14357
2026-06-13 14:00:27,승인해주세요 지니님! / 카사네 테토・오토마치 우나,3627365,12585
2026-06-13 15:00:27,승인해주세요 지니님! / 카사네 테토・오토마치 우나,3641667,14302
2026-06-13 16:00:27,승인해주세요 지니님! / 카사네 테토・오토마치 우나,3654671,13004
2026-06-13 17:00:31,승인해주세요 지니님! / 카사네 테토・오토마치 우나,3668610,13939
2026-06-13 18:00:27,승인해주세요 지니님! / 카사네 테토・오토마치 우나,3680956,12346
2026-06-13 19:00:28,승인해주세요 지니님! / 카사네 테토・오토마치 우나,3697989,17033
2026-06-13 20:00:29,승인해주세요 지니님! / 카사네 테토・오토마치 우나,3711376,13387
2026-06-13 21:00:31,승인해주세요 지니님! / 카사네 테토・오토마치 우나,3727868,16492
2026-06-13 22:00:32,승인해주세요 지니님! / 카사네 테토・오토마치 우나,3745338,17470
2026-06-13 23:00:28,승인해주세요 지니님! / 카사네 테토・오토마치 우나,3758187,12849
2026-06-14 00:00:26,승인해주세요 지니님! / 카사네 테토・오토마치 우나,3771842,13655
2026-06-14 01:00:26,승인해주세요 지니님! / 카사네 테토・오토마치 우나,3784517,12675
2026-06-14 02:00:40,승인해주세요 지니님! / 카사네 테토・오토마치 우나,3800106,15589
2026-06-14 03:00:28,승인해주세요 지니님! / 카사네 테토・오토마치 우나,3814054,13948
2026-06-14 04:00:28,승인해주세요 지니님! / 카사네 테토・오토마치 우나,3824818,10764
2026-06-14 05:00:33,승인해주세요 지니님! / 카사네 테토・오토마치 우나,3834302,9484
2026-06-14 06:00:40,승인해주세요 지니님! / 카사네 테토・오토마치 우나,3842849,8547
2026-06-14 07:00:31,승인해주세요 지니님! / 카사네 테토・오토마치 우나,3849768,6919
2026-06-14 08:00:35,승인해주세요 지니님! / 카사네 테토・오토마치 우나,3857867,8099
2026-06-14 09:00:29,승인해주세요 지니님! / 카사네 테토・오토마치 우나,3867495,9628
2026-06-14 10:00:35,승인해주세요 지니님! / 카사네 테토・오토마치 우나,3877661,10166
2026-06-14 11:00:27,승인해주세요 지니님! / 카사네 테토・오토마치 우나,3889354,11693
2026-06-14 12:00:36,승인해주세요 지니님! / 카사네 테토・오토마치 우나,3901314,11960
2026-06-14 13:00:31,승인해주세요 지니님! / 카사네 테토・오토마치 우나,3914744,13430
2026-06-14 14:00:45,승인해주세요 지니님! / 카사네 테토・오토마치 우나,3926922,12178
2026-06-14 15:00:33,승인해주세요 지니님! / 카사네 테토・오토마치 우나,3939235,12313
2026-06-14 16:00:27,승인해주세요 지니님! / 카사네 테토・오토마치 우나,3952214,12979
2026-06-14 17:00:34,승인해주세요 지니님! / 카사네 테토・오토마치 우나,3965709,13495
2026-06-14 18:00:27,승인해주세요 지니님! / 카사네 테토・오토마치 우나,3978249,12540
2026-06-14 19:00:32,승인해주세요 지니님! / 카사네 테토・오토마치 우나,3991113,12864
2026-06-14 20:00:27,승인해주세요 지니님! / 카사네 테토・오토마치 우나,4004866,13753
2026-06-14 21:00:30,승인해주세요 지니님! / 카사네 테토・오토마치 우나,4018518,13652
2026-06-14 22:00:31,승인해주세요 지니님! / 카사네 테토・오토마치 우나,4033813,15295
2026-06-14 23:00:39,승인해주세요 지니님! / 카사네 테토・오토마치 우나,4044589,10776
2026-06-15 00:00:38,승인해주세요 지니님! / 카사네 테토・오토마치 우나,4059217,14628
2026-06-15 01:00:37,승인해주세요 지니님! / 카사네 테토・오토마치 우나,4070497,11280
2026-06-15 02:00:32,승인해주세요 지니님! / 카사네 테토・오토마치 우나,4081068,10571
2026-06-15 03:00:32,승인해주세요 지니님! / 카사네 테토・오토마치 우나,4090350,9282
2026-06-15 04:00:34,승인해주세요 지니님! / 카사네 테토・오토마치 우나,4098193,7843
2026-06-15 05:00:27,승인해주세요 지니님! / 카사네 테토・오토마치 우나,4106138,7945
2026-06-15 06:00:29,승인해주세요 지니님! / 카사네 테토・오토마치 우나,4113119,6981
2026-06-15 07:00:31,승인해주세요 지니님! / 카사네 테토・오토마치 우나,4120787,7668
2026-06-15 08:00:33,승인해주세요 지니님! / 카사네 테토・오토마치 우나,4129118,8331
2026-06-15 09:00:38,승인해주세요 지니님! / 카사네 테토・오토마치 우나,4136727,7609
2026-06-15 10:00:31,승인해주세요 지니님! / 카사네 테토・오토마치 우나,4143972,7245
2026-06-15 11:00:26,승인해주세요 지니님! / 카사네 테토・오토마치 우나,4151462,7490
2026-06-15 12:00:29,승인해주세요 지니님! / 카사네 테토・오토마치 우나,4158109,6647
2026-06-15 13:00:32,승인해주세요 지니님! / 카사네 테토・오토마치 우나,4165150,7041
2026-06-15 14:00:34,승인해주세요 지니님! / 카사네 테토・오토마치 우나,4172743,7593
2026-06-15 15:00:39,승인해주세요 지니님! / 카사네 테토・오토마치 우나,4182252,9509
2026-06-15 16:00:33,승인해주세요 지니님! / 카사네 테토・오토마치 우나,4192632,10380
2026-06-15 17:00:41,승인해주세요 지니님! / 카사네 테토・오토마치 우나,4204892,12260
2026-06-15 18:00:41,승인해주세요 지니님! / 카사네 테토・오토마치 우나,4216868,11976
2026-06-15 19:00:35,승인해주세요 지니님! / 카사네 테토・오토마치 우나,4227902,11034
2026-06-15 20:00:34,승인해주세요 지니님! / 카사네 테토・오토마치 우나,4241170,13268
2026-06-15 21:00:35,승인해주세요 지니님! / 카사네 테토・오토마치 우나,4254702,13532
2026-06-15 22:00:38,승인해주세요 지니님! / 카사네 테토・오토마치 우나,4269820,15118
2026-06-15 23:00:41,승인해주세요 지니님! / 카사네 테토・오토마치 우나,4283169,13349
2026-06-16 00:00:39,승인해주세요 지니님! / 카사네 테토・오토마치 우나,4296098,12929
2026-06-16 01:00:43,승인해주세요 지니님! / 카사네 테토・오토마치 우나,4306420,10322
2026-06-16 02:00:49,승인해주세요 지니님! / 카사네 테토・오토마치 우나,4316412,9992
2026-06-16 03:00:41,승인해주세요 지니님! / 카사네 테토・오토마치 우나,4324337,7925
2026-06-16 04:00:42,승인해주세요 지니님! / 카사네 테토・오토마치 우나,4332549,8212
2026-06-16 05:00:37,승인해주세요 지니님! / 카사네 테토・오토마치 우나,4340224,7675
2026-06-16 06:00:39,승인해주세요 지니님! / 카사네 테토・오토마치 우나,4347352,7128
2026-06-16 07:00:37,승인해주세요 지니님! / 카사네 테토・오토마치 우나,4354300,6948
2026-06-16 08:00:31,승인해주세요 지니님! / 카사네 테토・오토마치 우나,4363351,9051
2026-06-16 09:00:28,승인해주세요 지니님! / 카사네 테토・오토마치 우나,4370982,7631
2026-06-16 10:00:29,승인해주세요 지니님! / 카사네 테토・오토마치 우나,4378004,7022
2026-06-16 11:00:28,승인해주세요 지니님! / 카사네 테토・오토마치 우나,4384738,6734
2026-06-16 12:00:30,승인해주세요 지니님! / 카사네 테토・오토마치 우나,4392127,7389
2026-06-16 13:00:30,승인해주세요 지니님! / 카사네 테토・오토마치 우나,4398764,6637
2026-06-16 14:00:36,승인해주세요 지니님! / 카사네 테토・오토마치 우나,4406516,7752
2026-06-16 15:00:33,승인해주세요 지니님! / 카사네 테토・오토마치 우나,4414794,8278
2026-06-16 16:00:42,승인해주세요 지니님! / 카사네 테토・오토마치 우나,4424453,9659
2026-06-16 17:00:42,승인해주세요 지니님! / 카사네 테토・오토마치 우나,4435911,11458
2026-06-16 18:00:45,승인해주세요 지니님! / 카사네 테토・오토마치 우나,4447619,11708
2026-06-16 19:00:42,승인해주세요 지니님! / 카사네 테토・오토마치 우나,4459424,11805
2026-06-16 20:00:38,승인해주세요 지니님! / 카사네 테토・오토마치 우나,4471908,12484
2026-06-16 21:00:39,승인해주세요 지니님! / 카사네 테토・오토마치 우나,4487325,15417
2026-06-16 22:00:45,승인해주세요 지니님! / 카사네 테토・오토마치 우나,4503360,16035
2026-06-16 23:00:37,승인해주세요 지니님! / 카사네 테토・오토마치 우나,4516830,13470
2026-06-17 00:00:37,승인해주세요 지니님! / 카사네 테토・오토마치 우나,4529940,13110
2026-06-17 01:00:38,승인해주세요 지니님! / 카사네 테토・오토마치 우나,4540450,10510
2026-06-17 02:00:40,승인해주세요 지니님! / 카사네 테토・오토마치 우나,4549948,9498
2026-06-17 03:00:42,승인해주세요 지니님! / 카사네 테토・오토마치 우나,4558797,8849
2026-06-17 04:00:40,승인해주세요 지니님! / 카사네 테토・오토마치 우나,4566781,7984
2026-06-17 05:00:34,승인해주세요 지니님! / 카사네 테토・오토마치 우나,4573413,6632
2026-06-17 06:00:40,승인해주세요 지니님! / 카사네 테토・오토마치 우나,4580281,6868
2026-06-17 07:00:33,승인해주세요 지니님! / 카사네 테토・오토마치 우나,4587910,7629
2026-06-17 08:00:28,승인해주세요 지니님! / 카사네 테토・오토마치 우나,4597058,9148
2026-06-17 09:00:28,승인해주세요 지니님! / 카사네 테토・오토마치 우나,4605001,7943
2026-06-17 10:00:36,승인해주세요 지니님! / 카사네 테토・오토마치 우나,4611707,6706
2026-06-17 11:00:30,승인해주세요 지니님! / 카사네 테토・오토마치 우나,4618444,6737
2026-06-17 12:00:34,승인해주세요 지니님! / 카사네 테토・오토마치 우나,4625357,6913
2026-06-17 13:00:30,승인해주세요 지니님! / 카사네 테토・오토마치 우나,4632369,7012
2026-06-17 14:00:44,승인해주세요 지니님! / 카사네 테토・오토마치 우나,4639696,7327
2026-06-17 15:00:32,승인해주세요 지니님! / 카사네 테토・오토마치 우나,4649139,9443
2026-06-17 16:00:35,승인해주세요 지니님! / 카사네 테토・오토마치 우나,4660160,11021
2026-06-17 17:00:34,승인해주세요 지니님! / 카사네 테토・오토마치 우나,4672123,11963
2026-06-17 18:00:35,승인해주세요 지니님! / 카사네 테토・오토마치 우나,4683800,11677
2026-06-17 19:00:33,승인해주세요 지니님! / 카사네 테토・오토마치 우나,4695828,12028
2026-06-17 20:00:33,승인해주세요 지니님! / 카사네 테토・오토마치 우나,4709901,14073
2026-06-17 21:00:43,승인해주세요 지니님! / 카사네 테토・오토마치 우나,4724230,14329
2026-06-17 22:00:37,승인해주세요 지니님! / 카사네 테토・오토마치 우나,4738286,14056
2026-06-17 23:00:50,승인해주세요 지니님! / 카사네 테토・오토마치 우나,4751857,13571
2026-06-18 00:00:34,승인해주세요 지니님! / 카사네 테토・오토마치 우나,4764199,12342
2026-06-18 01:00:34,승인해주세요 지니님! / 카사네 테토・오토마치 우나,4774468,10269
2026-06-18 02:00:36,승인해주세요 지니님! / 카사네 테토・오토마치 우나,4782567,8099
2026-06-18 03:00:48,승인해주세요 지니님! / 카사네 테토・오토마치 우나,4790531,7964
2026-06-18 04:00:40,승인해주세요 지니님! / 카사네 테토・오토마치 우나,4798761,8230
2026-06-18 05:00:32,승인해주세요 지니님! / 카사네 테토・오토마치 우나,4806108,7347
2026-06-18 06:00:29,승인해주세요 지니님! / 카사네 테토・오토마치 우나,4812196,6088
2026-06-18 07:00:34,승인해주세요 지니님! / 카사네 테토・오토마치 우나,4819603,7407
2026-06-18 08:00:31,승인해주세요 지니님! / 카사네 테토・오토마치 우나,4828108,8505
2026-06-18 09:00:33,승인해주세요 지니님! / 카사네 테토・오토마치 우나,4835825,7717
2026-06-18 10:00:33,승인해주세요 지니님! / 카사네 테토・오토마치 우나,4842696,6871
2026-06-18 11:00:33,승인해주세요 지니님! / 카사네 테토・오토마치 우나,4849291,6595
2026-06-18 12:00:27,승인해주세요 지니님! / 카사네 테토・오토마치 우나,4855066,5775
2026-06-18 13:00:29,승인해주세요 지니님! / 카사네 테토・오토마치 우나,4861958,6892
2026-06-18 14:00:41,승인해주세요 지니님! / 카사네 테토・오토마치 우나,4869115,7157
2026-06-18 15:00:36,승인해주세요 지니님! / 카사네 테토・오토마치 우나,4877157,8042
2026-06-18 16:00:39,승인해주세요 지니님! / 카사네 테토・오토마치 우나,4886955,9798
2026-06-18 17:00:35,승인해주세요 지니님! / 카사네 테토・오토마치 우나,4898541,11586
2026-06-18 18:00:34,승인해주세요 지니님! / 카사네 테토・오토마치 우나,4910499,11958
2026-06-18 19:01:01,승인해주세요 지니님! / 카사네 테토・오토마치 우나,4922373,11874
2026-06-18 20:00:40,승인해주세요 지니님! / 카사네 테토・오토마치 우나,4936256,13883
2026-06-18 21:00:41,승인해주세요 지니님! / 카사네 테토・오토마치 우나,4948742,12486
2026-06-18 22:00:48,승인해주세요 지니님! / 카사네 테토・오토마치 우나,4963984,15242
2026-06-18 23:00:40,승인해주세요 지니님! / 카사네 테토・오토마치 우나,4977510,13526
2026-06-19 00:00:35,승인해주세요 지니님! / 카사네 테토・오토마치 우나,4989065,11555
2026-06-19 01:00:35,승인해주세요 지니님! / 카사네 테토・오토마치 우나,5000319,11254
2026-06-19 02:00:37,승인해주세요 지니님! / 카사네 테토・오토마치 우나,5007603,7284
2026-06-19 03:00:31,승인해주세요 지니님! / 카사네 테토・오토마치 우나,5015881,8278
2026-06-19 04:00:42,승인해주세요 지니님! / 카사네 테토・오토마치 우나,5023372,7491
2026-06-19 05:00:31,승인해주세요 지니님! / 카사네 테토・오토마치 우나,5030468,7096
2026-06-19 06:00:33,승인해주세요 지니님! / 카사네 테토・오토마치 우나,5037077,6609
2026-06-19 07:00:37,승인해주세요 지니님! / 카사네 테토・오토마치 우나,5043986,6909
2026-06-19 08:00:29,승인해주세요 지니님! / 카사네 테토・오토마치 우나,5053573,9587
2026-06-19 09:00:30,승인해주세요 지니님! / 카사네 테토・오토마치 우나,5060997,7424
2026-06-19 10:00:33,승인해주세요 지니님! / 카사네 테토・오토마치 우나,5067383,6386
2026-06-19 11:00:33,승인해주세요 지니님! / 카사네 테토・오토마치 우나,5074188,6805
2026-06-19 12:00:30,승인해주세요 지니님! / 카사네 테토・오토마치 우나,5081174,6986
2026-06-19 13:00:28,승인해주세요 지니님! / 카사네 테토・오토마치 우나,5088382,7208
2026-06-19 14:00:34,승인해주세요 지니님! / 카사네 테토・오토마치 우나,5095609,7227
2026-06-19 15:00:29,승인해주세요 지니님! / 카사네 테토・오토마치 우나,5103728,8119
2026-06-19 16:00:33,승인해주세요 지니님! / 카사네 테토・오토마치 우나,5115883,12155
2026-06-19 17:00:33,승인해주세요 지니님! / 카사네 테토・오토마치 우나,5127280,11397
2026-06-19 18:00:34,승인해주세요 지니님! / 카사네 테토・오토마치 우나,5139617,12337
2026-06-19 19:00:37,승인해주세요 지니님! / 카사네 테토・오토마치 우나,5151856,12239
2026-06-19 20:00:32,승인해주세요 지니님! / 카사네 테토・오토마치 우나,5165451,13595
2026-06-19 21:00:36,승인해주세요 지니님! / 카사네 테토・오토마치 우나,5180623,15172
2026-06-19 22:00:33,승인해주세요 지니님! / 카사네 테토・오토마치 우나,5196154,15531
2026-06-19 23:00:31,승인해주세요 지니님! / 카사네 테토・오토마치 우나,5209725,13571
2026-06-20 00:00:36,승인해주세요 지니님! / 카사네 테토・오토마치 우나,5223134,13409
2026-06-20 01:00:38,승인해주세요 지니님! / 카사네 테토・오토마치 우나,5235894,12760
2026-06-20 02:00:31,승인해주세요 지니님! / 카사네 테토・오토마치 우나,5245263,9369
2026-06-20 03:00:30,승인해주세요 지니님! / 카사네 테토・오토마치 우나,5254059,8796
2026-06-20 04:00:32,승인해주세요 지니님! / 카사네 테토・오토마치 우나,5262998,8939
2026-06-20 05:00:29,승인해주세요 지니님! / 카사네 테토・오토마치 우나,5270146,7148
2026-06-20 06:00:34,승인해주세요 지니님! / 카사네 테토・오토마치 우나,5277156,7010
2026-06-20 07:00:30,승인해주세요 지니님! / 카사네 테토・오토마치 우나,5284260,7104
2026-06-20 08:00:29,승인해주세요 지니님! / 카사네 테토・오토마치 우나,5291532,7272
2026-06-20 09:00:30,승인해주세요 지니님! / 카사네 테토・오토마치 우나,5300343,8811
2026-06-20 10:00:31,승인해주세요 지니님! / 카사네 테토・오토마치 우나,5310621,10278
2026-06-20 11:00:30,승인해주세요 지니님! / 카사네 테토・오토마치 우나,5322142,11521
2026-06-20 12:00:32,승인해주세요 지니님! / 카사네 테토・오토마치 우나,5334225,12083
2026-06-20 13:00:28,승인해주세요 지니님! / 카사네 테토・오토마치 우나,5346839,12614
2026-06-20 14:00:32,승인해주세요 지니님! / 카사네 테토・오토마치 우나,5359119,12280
2026-06-20 15:00:30,승인해주세요 지니님! / 카사네 테토・오토마치 우나,5369845,10726
2026-06-20 16:00:33,승인해주세요 지니님! / 카사네 테토・오토마치 우나,5383335,13490
2026-06-20 17:00:32,승인해주세요 지니님! / 카사네 테토・오토마치 우나,5395347,12012
2026-06-20 18:00:33,승인해주세요 지니님! / 카사네 테토・오토마치 우나,5406823,11476
2026-06-20 19:00:33,승인해주세요 지니님! / 카사네 테토・오토마치 우나,5420513,13690
2026-06-20 20:00:29,승인해주세요 지니님! / 카사네 테토・오토마치 우나,5433092,12579
2026-06-20 21:00:35,승인해주세요 지니님! / 카사네 테토・오토마치 우나,5445494,12402
2026-06-20 22:00:35,승인해주세요 지니님! / 카사네 테토・오토마치 우나,5459949,14455
2026-06-20 23:00:34,승인해주세요 지니님! / 카사네 테토・오토마치 우나,5472253,12304
2026-06-21 00:00:36,승인해주세요 지니님! / 카사네 테토・오토마치 우나,5485084,12831
2026-06-21 01:00:28,승인해주세요 지니님! / 카사네 테토・오토마치 우나,5495338,10254
2026-06-21 02:00:33,승인해주세요 지니님! / 카사네 테토・오토마치 우나,5505669,10331
2026-06-21 03:00:37,승인해주세요 지니님! / 카사네 테토・오토마치 우나,5515021,9352
2026-06-21 04:00:37,승인해주세요 지니님! / 카사네 테토・오토마치 우나,5522517,7496
2026-06-21 05:00:34,승인해주세요 지니님! / 카사네 테토・오토마치 우나,5529371,6854
2026-06-21 06:00:40,승인해주세요 지니님! / 카사네 테토・오토마치 우나,5535991,6620
2026-06-21 07:00:34,승인해주세요 지니님! / 카사네 테토・오토마치 우나,5542466,6475
2026-06-21 08:00:33,승인해주세요 지니님! / 카사네 테토・오토마치 우나,5549916,7450
2026-06-21 09:00:31,승인해주세요 지니님! / 카사네 테토・오토마치 우나,5557762,7846
2026-06-21 10:00:37,승인해주세요 지니님! / 카사네 테토・오토마치 우나,5568208,10446
2026-06-21 11:00:33,승인해주세요 지니님! / 카사네 테토・오토마치 우나,5579577,11369
2026-06-21 12:00:32,승인해주세요 지니님! / 카사네 테토・오토마치 우나,5591344,11767
2026-06-21 13:00:31,승인해주세요 지니님! / 카사네 테토・오토마치 우나,5602331,10987
2026-06-21 14:00:32,승인해주세요 지니님! / 카사네 테토・오토마치 우나,5613364,11033
2026-06-21 15:00:31,승인해주세요 지니님! / 카사네 테토・오토마치 우나,5625350,11986
2026-06-21 16:00:30,승인해주세요 지니님! / 카사네 테토・오토마치 우나,5637249,11899
2026-06-21 17:00:34,승인해주세요 지니님! / 카사네 테토・오토마치 우나,5648448,11199
2026-06-21 18:00:33,승인해주세요 지니님! / 카사네 테토・오토마치 우나,5662098,13650
2026-06-21 19:00:34,승인해주세요 지니님! / 카사네 테토・오토마치 우나,5672528,10430
2026-06-21 20:00:27,승인해주세요 지니님! / 카사네 테토・오토마치 우나,5685034,12506
2026-06-21 21:00:34,승인해주세요 지니님! / 카사네 테토・오토마치 우나,5697259,12225
2026-06-21 22:00:34,승인해주세요 지니님! / 카사네 테토・오토마치 우나,5711355,14096
2026-06-21 23:00:37,승인해주세요 지니님! / 카사네 테토・오토마치 우나,5722778,11423
2026-06-22 00:00:32,승인해주세요 지니님! / 카사네 테토・오토마치 우나,5733320,10542
2026-06-22 01:00:32,승인해주세요 지니님! / 카사네 테토・오토마치 우나,5742222,8902
2026-06-22 02:00:36,승인해주세요 지니님! / 카사네 테토・오토마치 우나,5750410,8188
2026-06-22 03:00:32,승인해주세요 지니님! / 카사네 테토・오토마치 우나,5757716,7306
2026-06-22 04:00:30,승인해주세요 지니님! / 카사네 테토・오토마치 우나,5765397,7681
2026-06-22 05:00:35,승인해주세요 지니님! / 카사네 테토・오토마치 우나,5771175,5778
2026-06-22 06:00:30,승인해주세요 지니님! / 카사네 테토・오토마치 우나,5777587,6412
2026-06-22 07:00:29,승인해주세요 지니님! / 카사네 테토・오토마치 우나,5784045,6458
2026-06-22 08:00:40,승인해주세요 지니님! / 카사네 테토・오토마치 우나,5791168,7123
2026-06-22 09:00:33,승인해주세요 지니님! / 카사네 테토・오토마치 우나,5798306,7138
2026-06-22 10:00:34,승인해주세요 지니님! / 카사네 테토・오토마치 우나,5804636,6330
2026-06-22 11:00:32,승인해주세요 지니님! / 카사네 테토・오토마치 우나,5810820,6184
2026-06-22 12:00:32,승인해주세요 지니님! / 카사네 테토・오토마치 우나,5816964,6144
2026-06-22 13:00:35,승인해주세요 지니님! / 카사네 테토・오토마치 우나,5823740,6776
2026-06-22 14:00:33,승인해주세요 지니님! / 카사네 테토・오토마치 우나,5830424,6684
2026-06-22 15:00:38,승인해주세요 지니님! / 카사네 테토・오토마치 우나,5838085,7661
2026-06-22 16:00:39,승인해주세요 지니님! / 카사네 테토・오토마치 우나,5847894,9809
2026-06-22 17:00:33,승인해주세요 지니님! / 카사네 테토・오토마치 우나,5858500,10606
2026-06-22 18:00:37,승인해주세요 지니님! / 카사네 테토・오토마치 우나,5869453,10953
2026-06-22 19:00:36,승인해주세요 지니님! / 카사네 테토・오토마치 우나,5880379,10926
2026-06-22 20:00:36,승인해주세요 지니님! / 카사네 테토・오토마치 우나,5892944,12565
2026-06-22 21:00:38,승인해주세요 지니님! / 카사네 테토・오토마치 우나,5904354,11410
2026-06-22 22:00:38,승인해주세요 지니님! / 카사네 테토・오토마치 우나,5917284,12930
2026-06-22 23:00:41,승인해주세요 지니님! / 카사네 테토・오토마치 우나,5930170,12886
2026-06-23 00:00:39,승인해주세요 지니님! / 카사네 테토・오토마치 우나,5940244,10074
2026-06-23 01:00:37,승인해주세요 지니님! / 카사네 테토・오토마치 우나,5949773,9529
2026-06-23 02:00:42,승인해주세요 지니님! / 카사네 테토・오토마치 우나,5958582,8809
2026-06-23 03:00:34,승인해주세요 지니님! / 카사네 테토・오토마치 우나,5965366,6784
2026-06-23 04:00:40,승인해주세요 지니님! / 카사네 테토・오토마치 우나,5971959,6593
2026-06-23 05:00:34,승인해주세요 지니님! / 카사네 테토・오토마치 우나,5979787,7828
2026-06-23 06:00:34,승인해주세요 지니님! / 카사네 테토・오토마치 우나,5985866,6079
2026-06-23 07:00:31,승인해주세요 지니님! / 카사네 테토・오토마치 우나,5992599,6733
2026-06-23 08:00:33,승인해주세요 지니님! / 카사네 테토・오토마치 우나,5999889,7290
2026-06-23 09:00:41,승인해주세요 지니님! / 카사네 테토・오토마치 우나,6007724,7835
2026-06-23 10:00:33,승인해주세요 지니님! / 카사네 테토・오토마치 우나,6013876,6152
2026-06-23 11:00:35,승인해주세요 지니님! / 카사네 테토・오토마치 우나,6020231,6355
2026-06-23 12:00:34,승인해주세요 지니님! / 카사네 테토・오토마치 우나,6026629,6398
2026-06-23 13:00:32,승인해주세요 지니님! / 카사네 테토・오토마치 우나,6032554,5925
2026-06-23 14:00:30,승인해주세요 지니님! / 카사네 테토・오토마치 우나,6040011,7457
2026-06-23 15:00:34,승인해주세요 지니님! / 카사네 테토・오토마치 우나,6046920,6909
2026-06-23 16:00:41,승인해주세요 지니님! / 카사네 테토・오토마치 우나,6056974,10054
2026-06-23 17:00:36,승인해주세요 지니님! / 카사네 테토・오토마치 우나,6066341,9367
2026-06-23 18:00:37,승인해주세요 지니님! / 카사네 테토・오토마치 우나,6077783,11442
2026-06-23 19:00:36,승인해주세요 지니님! / 카사네 테토・오토마치 우나,6088537,10754
2026-06-23 20:00:35,승인해주세요 지니님! / 카사네 테토・오토마치 우나,6100069,11532
2026-06-23 21:00:37,승인해주세요 지니님! / 카사네 테토・오토마치 우나,6113128,13059
2026-06-23 22:00:37,승인해주세요 지니님! / 카사네 테토・오토마치 우나,6126803,13675
2026-06-23 23:00:41,승인해주세요 지니님! / 카사네 테토・오토마치 우나,6137773,10970
2026-06-24 00:00:42,승인해주세요 지니님! / 카사네 테토・오토마치 우나,6147130,9357
2026-06-24 01:00:41,승인해주세요 지니님! / 카사네 테토・오토마치 우나,6156946,9816
2026-06-24 02:00:40,승인해주세요 지니님! / 카사네 테토・오토마치 우나,6163475,6529
2026-06-24 03:00:37,승인해주세요 지니님! / 카사네 테토・오토마치 우나,6169612,6137
2026-06-24 04:00:39,승인해주세요 지니님! / 카사네 테토・오토마치 우나,6175682,6070
2026-06-24 05:00:35,승인해주세요 지니님! / 카사네 테토・오토마치 우나,6182296,6614
2026-06-24 06:00:35,승인해주세요 지니님! / 카사네 테토・오토마치 우나,6188898,6602
2026-06-24 07:00:29,승인해주세요 지니님! / 카사네 테토・오토마치 우나,6196112,7214
2026-06-24 08:00:27,승인해주세요 지니님! / 카사네 테토・오토마치 우나,6203431,7319
2026-06-24 09:00:32,승인해주세요 지니님! / 카사네 테토・오토마치 우나,6210389,6958
2026-06-24 10:00:34,승인해주세요 지니님! / 카사네 테토・오토마치 우나,6217002,6613
2026-06-24 11:00:33,승인해주세요 지니님! / 카사네 테토・오토마치 우나,6223609,6607
2026-06-24 12:00:35,승인해주세요 지니님! / 카사네 테토・오토마치 우나,6229937,6328
2026-06-24 13:00:33,승인해주세요 지니님! / 카사네 테토・오토마치 우나,6235973,6036
2026-06-24 14:00:31,승인해주세요 지니님! / 카사네 테토・오토마치 우나,6243804,7831
2026-06-24 15:00:31,승인해주세요 지니님! / 카사네 테토・오토마치 우나,6251359,7555
2026-06-24 16:00:31,승인해주세요 지니님! / 카사네 테토・오토마치 우나,6260366,9007
2026-06-24 17:00:31,승인해주세요 지니님! / 카사네 테토・오토마치 우나,6273654,13288
2026-06-24 18:00:28,승인해주세요 지니님! / 카사네 테토・오토마치 우나,6282870,9216
2026-06-24 19:00:37,승인해주세요 지니님! / 카사네 테토・오토마치 우나,6292551,9681
2026-06-24 20:00:31,승인해주세요 지니님! / 카사네 테토・오토마치 우나,6304554,12003
2026-06-24 21:00:39,승인해주세요 지니님! / 카사네 테토・오토마치 우나,6318257,13703
2026-06-24 22:00:32,승인해주세요 지니님! / 카사네 테토・오토마치 우나,6331178,12921
2026-06-24 23:00:35,승인해주세요 지니님! / 카사네 테토・오토마치 우나,6344338,13160
2026-06-25 00:00:31,승인해주세요 지니님! / 카사네 테토・오토마치 우나,6354222,9884
2026-06-25 01:00:35,승인해주세요 지니님! / 카사네 테토・오토마치 우나,6363630,9408
2026-06-25 02:00:33,승인해주세요 지니님! / 카사네 테토・오토마치 우나,6372093,8463
2026-06-25 03:00:37,승인해주세요 지니님! / 카사네 테토・오토마치 우나,6379479,7386
2026-06-25 04:00:33,승인해주세요 지니님! / 카사네 테토・오토마치 우나,6385446,5967
2026-06-25 05:00:31,승인해주세요 지니님! / 카사네 테토・오토마치 우나,6392809,7363
2026-06-25 06:00:29,승인해주세요 지니님! / 카사네 테토・오토마치 우나,6398871,6062
2026-06-25 07:00:32,승인해주세요 지니님! / 카사네 테토・오토마치 우나,6405527,6656
2026-06-25 08:00:31,승인해주세요 지니님! / 카사네 테토・오토마치 우나,6415984,10457
2026-06-25 09:00:32,승인해주세요 지니님! / 카사네 테토・오토마치 우나,6422729,6745
2026-06-25 10:00:37,승인해주세요 지니님! / 카사네 테토・오토마치 우나,6428852,6123
2026-06-25 11:00:34,승인해주세요 지니님! / 카사네 테토・오토마치 우나,6434071,5219
2026-06-25 12:00:26,승인해주세요 지니님! / 카사네 테토・오토마치 우나,6439551,5480
2026-06-25 13:00:30,승인해주세요 지니님! / 카사네 테토・오토마치 우나,6445963,6412
2026-06-25 14:00:38,승인해주세요 지니님! / 카사네 테토・오토마치 우나,6451724,5761
2026-06-25 15:00:30,승인해주세요 지니님! / 카사네 테토・오토마치 우나,6459552,7828
2026-06-25 16:00:31,승인해주세요 지니님! / 카사네 테토・오토마치 우나,6468516,8964
2026-06-25 17:00:33,승인해주세요 지니님! / 카사네 테토・오토마치 우나,6478496,9980
2026-06-25 18:00:36,승인해주세요 지니님! / 카사네 테토・오토마치 우나,6488449,9953
2026-06-25 19:00:37,승인해주세요 지니님! / 카사네 테토・오토마치 우나,6499856,11407
2026-06-25 20:00:32,승인해주세요 지니님! / 카사네 테토・오토마치 우나,6511094,11238
2026-06-25 21:00:38,승인해주세요 지니님! / 카사네 테토・오토마치 우나,6523463,12369
2026-06-25 22:00:43,승인해주세요 지니님! / 카사네 테토・오토마치 우나,6537392,13929
2026-06-25 23:00:35,승인해주세요 지니님! / 카사네 테토・오토마치 우나,6549546,12154
2026-06-26 00:00:41,승인해주세요 지니님! / 카사네 테토・오토마치 우나,6559750,10204
2026-06-26 01:00:33,승인해주세요 지니님! / 카사네 테토・오토마치 우나,6567567,7817
2026-06-26 02:00:33,승인해주세요 지니님! / 카사네 테토・오토마치 우나,6576175,8608
2026-06-26 03:00:33,승인해주세요 지니님! / 카사네 테토・오토마치 우나,6582942,6767
2026-06-26 04:00:44,승인해주세요 지니님! / 카사네 테토・오토마치 우나,6589753,6811
2026-06-26 05:00:34,승인해주세요 지니님! / 카사네 테토・오토마치 우나,6596019,6266
2026-06-26 06:00:43,승인해주세요 지니님! / 카사네 테토・오토마치 우나,6602196,6177
2026-06-26 07:00:34,승인해주세요 지니님! / 카사네 테토・오토마치 우나,6608428,6232
2026-06-26 08:00:28,승인해주세요 지니님! / 카사네 테토・오토마치 우나,6616171,7743
2026-06-26 09:00:35,승인해주세요 지니님! / 카사네 테토・오토마치 우나,6623432,7261
2026-06-26 10:00:36,승인해주세요 지니님! / 카사네 테토・오토마치 우나,6629447,6015
2026-06-26 11:00:33,승인해주세요 지니님! / 카사네 테토・오토마치 우나,6636405,6958
2026-06-26 12:00:34,승인해주세요 지니님! / 카사네 테토・오토마치 우나,6642678,6273
2026-06-26 13:00:32,승인해주세요 지니님! / 카사네 테토・오토마치 우나,6649188,6510
2026-06-26 14:00:31,승인해주세요 지니님! / 카사네 테토・오토마치 우나,6656084,6896
2026-06-26 15:00:31,승인해주세요 지니님! / 카사네 테토・오토마치 우나,6664076,7992
2026-06-26 16:00:34,승인해주세요 지니님! / 카사네 테토・오토마치 우나,6672861,8785
2026-06-26 17:00:31,승인해주세요 지니님! / 카사네 테토・오토마치 우나,6684751,11890
2026-06-26 18:00:36,승인해주세요 지니님! / 카사네 테토・오토마치 우나,6695019,10268
2026-06-26 19:00:39,승인해주세요 지니님! / 카사네 테토・오토마치 우나,6707608,12589
2026-06-26 20:00:40,승인해주세요 지니님! / 카사네 테토・오토마치 우나,6717898,10290
2026-06-26 21:00:34,승인해주세요 지니님! / 카사네 테토・오토마치 우나,6729241,11343
2026-06-26 22:00:30,승인해주세요 지니님! / 카사네 테토・오토마치 우나,6742001,12760
2026-06-26 23:00:33,승인해주세요 지니님! / 카사네 테토・오토마치 우나,6756988,14987
2026-06-27 00:00:31,승인해주세요 지니님! / 카사네 테토・오토마치 우나,6768236,11248
2026-06-27 01:00:32,승인해주세요 지니님! / 카사네 테토・오토마치 우나,6777374,9138
2026-06-27 02:00:31,승인해주세요 지니님! / 카사네 테토・오토마치 우나,6786777,9403
2026-06-27 03:00:32,승인해주세요 지니님! / 카사네 테토・오토마치 우나,6794308,7531
2026-06-27 04:00:31,승인해주세요 지니님! / 카사네 테토・오토마치 우나,6801127,6819
2026-06-27 05:00:31,승인해주세요 지니님! / 카사네 테토・오토마치 우나,6808524,7397
2026-06-27 06:00:31,승인해주세요 지니님! / 카사네 테토・오토마치 우나,6814421,5897
2026-06-27 07:00:32,승인해주세요 지니님! / 카사네 테토・오토마치 우나,6821310,6889
2026-06-27 08:00:33,승인해주세요 지니님! / 카사네 테토・오토마치 우나,6827955,6645
2026-06-27 09:00:29,승인해주세요 지니님! / 카사네 테토・오토마치 우나,6835886,7931
2026-06-27 10:00:29,승인해주세요 지니님! / 카사네 테토・오토마치 우나,6846388,10502
2026-06-27 11:00:29,승인해주세요 지니님! / 카사네 테토・오토마치 우나,6856724,10336
2026-06-27 12:00:27,승인해주세요 지니님! / 카사네 테토・오토마치 우나,6867900,11176
2026-06-27 13:00:38,승인해주세요 지니님! / 카사네 테토・오토마치 우나,6878038,10138
2026-06-27 14:00:33,승인해주세요 지니님! / 카사네 테토・오토마치 우나,6889263,11225
2026-06-27 15:00:28,승인해주세요 지니님! / 카사네 테토・오토마치 우나,6901188,11925
2026-06-27 16:00:31,승인해주세요 지니님! / 카사네 테토・오토마치 우나,6912328,11140
2026-06-27 17:00:32,승인해주세요 지니님! / 카사네 테토・오토마치 우나,6925544,13216
2026-06-27 18:00:34,승인해주세요 지니님! / 카사네 테토・오토마치 우나,6936993,11449
2026-06-27 19:00:32,승인해주세요 지니님! / 카사네 테토・오토마치 우나,6948978,11985
2026-06-27 20:00:32,승인해주세요 지니님! / 카사네 테토・오토마치 우나,6960685,11707
2026-06-27 21:00:29,승인해주세요 지니님! / 카사네 테토・오토마치 우나,6975673,14988
2026-06-27 22:00:32,승인해주세요 지니님! / 카사네 테토・오토마치 우나,6988592,12919
2026-06-27 23:00:31,승인해주세요 지니님! / 카사네 테토・오토마치 우나,7001105,12513
2026-06-28 00:00:29,승인해주세요 지니님! / 카사네 테토・오토마치 우나,7014597,13492
2026-06-28 01:00:31,승인해주세요 지니님! / 카사네 테토・오토마치 우나,7024848,10251
2026-06-28 02:00:32,승인해주세요 지니님! / 카사네 테토・오토마치 우나,7034111,9263
2026-06-28 03:00:30,승인해주세요 지니님! / 카사네 테토・오토마치 우나,7044236,10125
2026-06-28 04:00:35,승인해주세요 지니님! / 카사네 테토・오토마치 우나,7051535,7299
2026-06-28 05:00:33,승인해주세요 지니님! / 카사네 테토・오토마치 우나,7059093,7558
2026-06-28 06:00:30,승인해주세요 지니님! / 카사네 테토・오토마치 우나,7066074,6981
2026-06-28 07:00:34,승인해주세요 지니님! / 카사네 테토・오토마치 우나,7072375,6301
2026-06-28 08:00:30,승인해주세요 지니님! / 카사네 테토・오토마치 우나,7080057,7682
2026-06-28 09:00:33,승인해주세요 지니님! / 카사네 테토・오토마치 우나,7087954,7897
2026-06-28 10:00:30,승인해주세요 지니님! / 카사네 테토・오토마치 우나,7096655,8701
2026-06-28 11:00:30,승인해주세요 지니님! / 카사네 테토・오토마치 우나,7106510,9855
2026-06-28 12:00:31,승인해주세요 지니님! / 카사네 테토・오토마치 우나,7117756,11246
2026-06-28 13:00:31,승인해주세요 지니님! / 카사네 테토・오토마치 우나,7128256,10500
2026-06-28 14:00:32,승인해주세요 지니님! / 카사네 테토・오토마치 우나,7138373,10117
2026-06-28 15:00:34,승인해주세요 지니님! / 카사네 테토・오토마치 우나,7149912,11539
2026-06-28 16:00:32,승인해주세요 지니님! / 카사네 테토・오토마치 우나,7161356,11444
2026-06-28 17:00:30,승인해주세요 지니님! / 카사네 테토・오토마치 우나,7172986,11630
2026-06-28 18:00:32,승인해주세요 지니님! / 카사네 테토・오토마치 우나,7182737,9751
2026-06-28 19:00:31,승인해주세요 지니님! / 카사네 테토・오토마치 우나,7193337,10600
2026-06-28 20:00:32,승인해주세요 지니님! / 카사네 테토・오토마치 우나,7204569,11232
2026-06-28 21:00:34,승인해주세요 지니님! / 카사네 테토・오토마치 우나,7215136,10567
2026-06-28 22:00:29,승인해주세요 지니님! / 카사네 테토・오토마치 우나,7228447,13311
2026-06-28 23:00:31,승인해주세요 지니님! / 카사네 테토・오토마치 우나,7240359,11912
2026-06-29 00:00:34,승인해주세요 지니님! / 카사네 테토・오토마치 우나,7249730,9371
2026-06-29 01:00:33,승인해주세요 지니님! / 카사네 테토・오토마치 우나,7258370,8640
2026-06-29 02:00:29,승인해주세요 지니님! / 카사네 테토・오토마치 우나,7266482,8112
2026-06-29 03:00:33,승인해주세요 지니님! / 카사네 테토・오토마치 우나,7273664,7182
2026-06-29 04:00:31,승인해주세요 지니님! / 카사네 테토・오토마치 우나,7280101,6437
2026-06-29 05:00:33,승인해주세요 지니님! / 카사네 테토・오토마치 우나,7286469,6368
2026-06-29 06:00:32,승인해주세요 지니님! / 카사네 테토・오토마치 우나,7291988,5519
2026-06-29 07:00:31,승인해주세요 지니님! / 카사네 테토・오토마치 우나,7298167,6179
2026-06-29 08:00:29,승인해주세요 지니님! / 카사네 테토・오토마치 우나,7305378,7211
2026-06-29 09:00:33,승인해주세요 지니님! / 카사네 테토・오토마치 우나,7311369,5991
2026-06-29 10:00:32,승인해주세요 지니님! / 카사네 테토・오토마치 우나,7317294,5925
2026-06-29 11:00:34,승인해주세요 지니님! / 카사네 테토・오토마치 우나,7323210,5916
2026-06-29 12:00:32,승인해주세요 지니님! / 카사네 테토・오토마치 우나,7329276,6066
2026-06-29 13:00:32,승인해주세요 지니님! / 카사네 테토・오토마치 우나,7335424,6148
2026-06-29 14:00:37,승인해주세요 지니님! / 카사네 테토・오토마치 우나,7341635,6211
2026-06-29 15:00:32,승인해주세요 지니님! / 카사네 테토・오토마치 우나,7348641,7006
2026-06-29 16:00:33,승인해주세요 지니님! / 카사네 테토・오토마치 우나,7358804,10163
2026-06-29 17:00:33,승인해주세요 지니님! / 카사네 테토・오토마치 우나,7367887,9083
2026-06-29 18:00:32,승인해주세요 지니님! / 카사네 테토・오토마치 우나,7379249,11362
2026-06-29 19:00:34,승인해주세요 지니님! / 카사네 테토・오토마치 우나,7389783,10534
2026-06-29 20:00:35,승인해주세요 지니님! / 카사네 테토・오토마치 우나,7402279,12496
2026-06-29 21:00:35,승인해주세요 지니님! / 카사네 테토・오토마치 우나,7413548,11269
2026-06-29 22:00:33,승인해주세요 지니님! / 카사네 테토・오토마치 우나,7425897,12349
2026-06-29 23:00:36,승인해주세요 지니님! / 카사네 테토・오토마치 우나,7437097,11200
2026-06-30 00:00:36,승인해주세요 지니님! / 카사네 테토・오토마치 우나,7447582,10485
2026-06-30 01:00:32,승인해주세요 지니님! / 카사네 테토・오토마치 우나,7455215,7633
2026-06-30 02:00:32,승인해주세요 지니님! / 카사네 테토・오토마치 우나,7463239,8024
2026-06-30 03:00:33,승인해주세요 지니님! / 카사네 테토・오토마치 우나,7469071,5832
2026-06-30 04:00:34,승인해주세요 지니님! / 카사네 테토・오토마치 우나,7476779,7708
2026-06-30 05:00:30,승인해주세요 지니님! / 카사네 테토・오토마치 우나,7481961,5182
2026-06-30 06:00:30,승인해주세요 지니님! / 카사네 테토・오토마치 우나,7488488,6527
2026-06-30 07:00:36,승인해주세요 지니님! / 카사네 테토・오토마치 우나,7494997,6509
2026-06-30 08:00:39,승인해주세요 지니님! / 카사네 테토・오토마치 우나,7501161,6164
2026-06-30 09:00:32,승인해주세요 지니님! / 카사네 테토・오토마치 우나,7506010,4849
2026-06-30 10:00:31,승인해주세요 지니님! / 카사네 테토・오토마치 우나,7510385,4375
2026-06-30 11:00:33,승인해주세요 지니님! / 카사네 테토・오토마치 우나,7516205,5820
2026-06-30 12:00:31,승인해주세요 지니님! / 카사네 테토・오토마치 우나,7521054,4849
2026-06-30 13:00:34,승인해주세요 지니님! / 카사네 테토・오토마치 우나,7527769,6715
2026-06-30 14:00:30,승인해주세요 지니님! / 카사네 테토・오토마치 우나,7533451,5682
2026-06-30 15:00:35,승인해주세요 지니님! / 카사네 테토・오토마치 우나,7539149,5698
2026-06-30 16:00:33,승인해주세요 지니님! / 카사네 테토・오토마치 우나,7547150,8001
2026-06-30 17:00:36,승인해주세요 지니님! / 카사네 테토・오토마치 우나,7558023,10873
2026-06-30 18:00:37,승인해주세요 지니님! / 카사네 테토・오토마치 우나,7566118,8095
2026-06-30 19:00:36,승인해주세요 지니님! / 카사네 테토・오토마치 우나,7575033,8915
2026-06-30 20:00:38,승인해주세요 지니님! / 카사네 테토・오토마치 우나,7589176,14143
2026-06-30 21:00:36,승인해주세요 지니님! / 카사네 테토・오토마치 우나,7599674,10498
2026-06-30 22:00:37,승인해주세요 지니님! / 카사네 테토・오토마치 우나,7609142,9468
2026-06-30 23:00:31,승인해주세요 지니님! / 카사네 테토・오토마치 우나,7620225,11083
2026-07-01 00:00:34,승인해주세요 지니님! / 카사네 테토・오토마치 우나,7630113,9888
2026-07-01 01:00:36,승인해주세요 지니님! / 카사네 테토・오토마치 우나,7639040,8927
2026-07-01 02:00:31,승인해주세요 지니님! / 카사네 테토・오토마치 우나,7647308,8268
2026-07-01 03:00:36,승인해주세요 지니님! / 카사네 테토・오토마치 우나,7655041,7733
2026-07-01 04:00:31,승인해주세요 지니님! / 카사네 테토・오토마치 우나,7662253,7212
2026-07-01 05:00:34,승인해주세요 지니님! / 카사네 테토・오토마치 우나,7668369,6116
2026-07-01 06:00:34,승인해주세요 지니님! / 카사네 테토・오토마치 우나,7674722,6353
2026-07-01 07:00:33,승인해주세요 지니님! / 카사네 테토・오토마치 우나,7680676,5954
2026-07-01 08:00:30,승인해주세요 지니님! / 카사네 테토・오토마치 우나,7687272,6596
2026-07-01 09:00:32,승인해주세요 지니님! / 카사네 테토・오토마치 우나,7692961,5689
2026-07-01 10:00:35,승인해주세요 지니님! / 카사네 테토・오토마치 우나,7702930,9969
2026-07-01 11:00:29,승인해주세요 지니님! / 카사네 테토・오토마치 우나,7709081,6151
2026-07-01 12:00:28,승인해주세요 지니님! / 카사네 테토・오토마치 우나,7715215,6134
2026-07-01 13:00:33,승인해주세요 지니님! / 카사네 테토・오토마치 우나,7721074,5859
2026-07-01 14:00:31,승인해주세요 지니님! / 카사네 테토・오토마치 우나,7728071,6997
2026-07-01 15:00:32,승인해주세요 지니님! / 카사네 테토・오토마치 우나,7736162,8091
2026-07-01 16:00:31,승인해주세요 지니님! / 카사네 테토・오토마치 우나,7746142,9980
2026-07-01 17:00:33,승인해주세요 지니님! / 카사네 테토・오토마치 우나,7753574,7432
2026-07-01 18:00:32,승인해주세요 지니님! / 카사네 테토・오토마치 우나,7766262,12688
2026-07-01 19:00:33,승인해주세요 지니님! / 카사네 테토・오토마치 우나,7776724,10462
2026-07-01 20:00:32,승인해주세요 지니님! / 카사네 테토・오토마치 우나,7789231,12507
2026-07-01 21:00:37,승인해주세요 지니님! / 카사네 테토・오토마치 우나,7802217,12986
2026-07-01 22:00:35,승인해주세요 지니님! / 카사네 테토・오토마치 우나,7813401,11184
2026-07-01 23:00:39,승인해주세요 지니님! / 카사네 테토・오토마치 우나,7826878,13477
2026-07-02 00:00:39,승인해주세요 지니님! / 카사네 테토・오토마치 우나,7836895,10017
2026-07-02 01:00:33,승인해주세요 지니님! / 카사네 테토・오토마치 우나,7846406,9511
2026-07-02 02:00:32,승인해주세요 지니님! / 카사네 테토・오토마치 우나,7853925,7519
2026-07-02 03:00:37,승인해주세요 지니님! / 카사네 테토・오토마치 우나,7860734,6809
2026-07-02 04:00:39,승인해주세요 지니님! / 카사네 테토・오토마치 우나,7868064,7330
2026-07-02 05:00:34,승인해주세요 지니님! / 카사네 테토・오토마치 우나,7875036,6972
2026-07-02 06:00:40,승인해주세요 지니님! / 카사네 테토・오토마치 우나,7880522,5486
2026-07-02 07:00:35,승인해주세요 지니님! / 카사네 테토・오토마치 우나,7887997,7475
2026-07-02 08:00:33,승인해주세요 지니님! / 카사네 테토・오토마치 우나,7894487,6490
2026-07-02 09:00:35,승인해주세요 지니님! / 카사네 테토・오토마치 우나,7900917,6430
2026-07-02 10:00:33,승인해주세요 지니님! / 카사네 테토・오토마치 우나,7906754,5837
2026-07-02 11:00:39,승인해주세요 지니님! / 카사네 테토・오토마치 우나,7913314,6560
2026-07-02 12:00:34,승인해주세요 지니님! / 카사네 테토・오토마치 우나,7919467,6153
2026-07-02 13:00:35,승인해주세요 지니님! / 카사네 테토・오토마치 우나,7925845,6378
2026-07-02 14:00:33,승인해주세요 지니님! / 카사네 테토・오토마치 우나,7933033,7188
2026-07-02 15:00:37,승인해주세요 지니님! / 카사네 테토・오토마치 우나,7941185,8152
2026-07-02 16:00:38,승인해주세요 지니님! / 카사네 테토・오토마치 우나,7951332,10147
2026-07-02 17:00:40,승인해주세요 지니님! / 카사네 테토・오토마치 우나,7960405,9073
2026-07-02 18:00:34,승인해주세요 지니님! / 카사네 테토・오토마치 우나,7971471,11066
2026-07-02 19:00:37,승인해주세요 지니님! / 카사네 테토・오토마치 우나,7981436,9965
2026-07-02 20:00:48,승인해주세요 지니님! / 카사네 테토・오토마치 우나,7993882,12446
2026-07-02 21:00:42,승인해주세요 지니님! / 카사네 테토・오토마치 우나,8006290,12408
2026-07-02 22:00:39,승인해주세요 지니님! / 카사네 테토・오토마치 우나,8020002,13712
2026-07-02 23:00:43,승인해주세요 지니님! / 카사네 테토・오토마치 우나,8031484,11482
2026-07-03 00:00:47,승인해주세요 지니님! / 카사네 테토・오토마치 우나,8042596,11112
2026-07-03 01:00:42,승인해주세요 지니님! / 카사네 테토・오토마치 우나,8051837,9241
2026-07-03 02:00:42,승인해주세요 지니님! / 카사네 테토・오토마치 우나,8058029,6192
2026-07-03 03:00:41,승인해주세요 지니님! / 카사네 테토・오토마치 우나,8064681,6652
2026-07-03 04:00:43,승인해주세요 지니님! / 카사네 테토・오토마치 우나,8069954,5273
2026-07-03 05:00:32,승인해주세요 지니님! / 카사네 테토・오토마치 우나,8077356,7402
2026-07-03 06:00:43,승인해주세요 지니님! / 카사네 테토・오토마치 우나,8082932,5576
2026-07-03 07:00:40,승인해주세요 지니님! / 카사네 테토・오토마치 우나,8091714,8782
2026-07-03 08:00:41,승인해주세요 지니님! / 카사네 테토・오토마치 우나,8098707,6993
2026-07-03 09:00:38,승인해주세요 지니님! / 카사네 테토・오토마치 우나,8108065,9358
2026-07-03 10:00:36,승인해주세요 지니님! / 카사네 테토・오토마치 우나,8114315,6250
2026-07-03 11:00:40,승인해주세요 지니님! / 카사네 테토・오토마치 우나,8119756,5441
2026-07-03 12:00:35,승인해주세요 지니님! / 카사네 테토・오토마치 우나,8128088,8332
2026-07-03 13:00:36,승인해주세요 지니님! / 카사네 테토・오토마치 우나,8134061,5973
2026-07-03 14:00:37,승인해주세요 지니님! / 카사네 테토・오토마치 우나,8140890,6829
2026-07-03 15:00:35,승인해주세요 지니님! / 카사네 테토・오토마치 우나,8149007,8117
2026-07-03 16:00:37,승인해주세요 지니님! / 카사네 테토・오토마치 우나,8158667,9660
2026-07-03 17:00:36,승인해주세요 지니님! / 카사네 테토・오토마치 우나,8170275,11608
2026-07-03 18:00:46,승인해주세요 지니님! / 카사네 테토・오토마치 우나,8180171,9896
2026-07-03 19:00:36,승인해주세요 지니님! / 카사네 테토・오토마치 우나,8189373,9202
2026-07-03 20:00:34,승인해주세요 지니님! / 카사네 테토・오토마치 우나,8201164,11791
2026-07-03 21:00:38,승인해주세요 지니님! / 카사네 테토・오토마치 우나,8211596,10432
2026-07-03 22:00:36,승인해주세요 지니님! / 카사네 테토・오토마치 우나,8227547,15951
2026-07-03 23:00:37,승인해주세요 지니님! / 카사네 테토・오토마치 우나,8241322,13775
2026-07-04 00:00:37,승인해주세요 지니님! / 카사네 테토・오토마치 우나,8253464,12142
2026-07-04 01:00:37,승인해주세요 지니님! / 카사네 테토・오토마치 우나,8263941,10477
2026-07-04 02:00:36,승인해주세요 지니님! / 카사네 테토・오토마치 우나,8273856,9915
2026-07-04 03:00:40,승인해주세요 지니님! / 카사네 테토・오토마치 우나,8282850,8994
2026-07-04 04:00:42,승인해주세요 지니님! / 카사네 테토・오토마치 우나,8290886,8036
2026-07-04 05:00:34,승인해주세요 지니님! / 카사네 테토・오토마치 우나,8297154,6268
2026-07-04 06:00:36,승인해주세요 지니님! / 카사네 테토・오토마치 우나,8307063,9909
2026-07-04 07:00:38,승인해주세요 지니님! / 카사네 테토・오토마치 우나,8314144,7081
2026-07-04 08:00:35,승인해주세요 지니님! / 카사네 테토・오토마치 우나,8321763,7619
2026-07-04 09:00:35,승인해주세요 지니님! / 카사네 테토・오토마치 우나,8329292,7529
2026-07-04 10:00:34,승인해주세요 지니님! / 카사네 테토・오토마치 우나,8339730,10438
2026-07-04 11:00:36,승인해주세요 지니님! / 카사네 테토・오토마치 우나,8349337,9607
2026-07-04 12:00:32,승인해주세요 지니님! / 카사네 테토・오토마치 우나,8359353,10016
2026-07-04 13:00:37,승인해주세요 지니님! / 카사네 테토・오토마치 우나,8370201,10848
2026-07-04 14:00:34,승인해주세요 지니님! / 카사네 테토・오토마치 우나,8383662,13461
2026-07-04 15:00:36,승인해주세요 지니님! / 카사네 테토・오토마치 우나,8393746,10084
2026-07-04 16:00:33,승인해주세요 지니님! / 카사네 테토・오토마치 우나,8403897,10151
2026-07-04 17:00:37,승인해주세요 지니님! / 카사네 테토・오토마치 우나,8415533,11636
2026-07-04 18:00:39,승인해주세요 지니님! / 카사네 테토・오토마치 우나,8425019,9486
2026-07-04 19:00:36,승인해주세요 지니님! / 카사네 테토・오토마치 우나,8436227,11208
2026-07-04 20:00:41,승인해주세요 지니님! / 카사네 테토・오토마치 우나,8445036,8809
2026-07-04 21:00:41,승인해주세요 지니님! / 카사네 테토・오토마치 우나,8457047,12011
2026-07-04 22:00:42,승인해주세요 지니님! / 카사네 테토・오토마치 우나,8466425,9378
2026-07-04 23:00:39,승인해주세요 지니님! / 카사네 테토・오토마치 우나,8480507,14082
2026-07-05 00:00:48,승인해주세요 지니님! / 카사네 테토・오토마치 우나,8496204,15697
2026-07-05 01:00:42,승인해주세요 지니님! / 카사네 테토・오토마치 우나,8510150,13946
2026-07-05 02:00:46,승인해주세요 지니님! / 카사네 테토・오토마치 우나,8518877,8727
2026-07-05 03:00:46,승인해주세요 지니님! / 카사네 테토・오토마치 우나,8526598,7721
2026-07-05 04:00:47,승인해주세요 지니님! / 카사네 테토・오토마치 우나,8534673,8075
2026-07-05 05:00:45,승인해주세요 지니님! / 카사네 테토・오토마치 우나,8541750,7077
2026-07-05 06:00:46,승인해주세요 지니님! / 카사네 테토・오토마치 우나,8547768,6018
2026-07-05 07:00:46,승인해주세요 지니님! / 카사네 테토・오토마치 우나,8553962,6194
2026-07-05 08:00:45,승인해주세요 지니님! / 카사네 테토・오토마치 우나,8560539,6577
2026-07-05 09:00:44,승인해주세요 지니님! / 카사네 테토・오토마치 우나,8567946,7407
2026-07-05 10:00:45,승인해주세요 지니님! / 카사네 테토・오토마치 우나,8577299,9353
2026-07-05 11:00:45,승인해주세요 지니님! / 카사네 테토・오토마치 우나,8586491,9192
2026-07-05 12:00:45,승인해주세요 지니님! / 카사네 테토・오토마치 우나,8596790,10299
2026-07-05 13:00:42,승인해주세요 지니님! / 카사네 테토・오토마치 우나,8606807,10017
2026-07-05 14:00:41,승인해주세요 지니님! / 카사네 테토・오토마치 우나,8617493,10686
2026-07-05 15:00:46,승인해주세요 지니님! / 카사네 테토・오토마치 우나,8626462,8969
2026-07-05 16:00:50,승인해주세요 지니님! / 카사네 테토・오토마치 우나,8638098,11636
2026-07-05 17:00:54,승인해주세요 지니님! / 카사네 테토・오토마치 우나,8647884,9786
2026-07-05 18:00:48,승인해주세요 지니님! / 카사네 테토・오토마치 우나,8659180,11296
2026-07-05 19:00:48,승인해주세요 지니님! / 카사네 테토・오토마치 우나,8668964,9784
2026-07-05 20:00:45,승인해주세요 지니님! / 카사네 테토・오토마치 우나,8680986,12022
2026-07-05 21:00:45,승인해주세요 지니님! / 카사네 테토・오토마치 우나,8691925,10939
2026-07-05 22:00:48,승인해주세요 지니님! / 카사네 테토・오토마치 우나,8703752,11827
2026-07-05 23:00:47,승인해주세요 지니님! / 카사네 테토・오토마치 우나,8714939,11187
2026-07-06 00:00:48,승인해주세요 지니님! / 카사네 테토・오토마치 우나,8723491,8552
2026-07-06 01:00:46,승인해주세요 지니님! / 카사네 테토・오토마치 우나,8732719,9228
2026-07-06 02:00:45,승인해주세요 지니님! / 카사네 테토・오토마치 우나,8740064,7345
2026-07-06 03:00:46,승인해주세요 지니님! / 카사네 테토・오토마치 우나,8747002,6938
2026-07-06 04:00:43,승인해주세요 지니님! / 카사네 테토・오토마치 우나,8753785,6783
2026-07-06 05:00:47,승인해주세요 지니님! / 카사네 테토・오토마치 우나,8760409,6624
2026-07-06 06:00:49,승인해주세요 지니님! / 카사네 테토・오토마치 우나,8765973,5564
2026-07-06 07:00:45,승인해주세요 지니님! / 카사네 테토・오토마치 우나,8771835,5862
2026-07-06 08:00:49,승인해주세요 지니님! / 카사네 테토・오토마치 우나,8779271,7436
2026-07-06 09:00:43,승인해주세요 지니님! / 카사네 테토・오토마치 우나,8785634,6363
2026-07-06 10:00:40,승인해주세요 지니님! / 카사네 테토・오토마치 우나,8792039,6405
2026-07-06 11:00:48,승인해주세요 지니님! / 카사네 테토・오토마치 우나,8798177,6138
2026-07-06 12:00:50,승인해주세요 지니님! / 카사네 테토・오토마치 우나,8804254,6077
2026-07-06 13:00:49,승인해주세요 지니님! / 카사네 테토・오토마치 우나,8811384,7130
2026-07-06 14:00:43,승인해주세요 지니님! / 카사네 테토・오토마치 우나,8818831,7447
2026-07-06 15:00:46,승인해주세요 지니님! / 카사네 테토・오토마치 우나,8825809,6978
2026-07-06 16:00:41,승인해주세요 지니님! / 카사네 테토・오토마치 우나,8835930,10121
2026-07-06 17:00:50,승인해주세요 지니님! / 카사네 테토・오토마치 우나,8844222,8292
2026-07-06 18:00:49,승인해주세요 지니님! / 카사네 테토・오토마치 우나,8853915,9693
2026-07-06 19:00:48,승인해주세요 지니님! / 카사네 테토・오토마치 우나,8865380,11465
2026-07-06 20:00:47,승인해주세요 지니님! / 카사네 테토・오토마치 우나,8876486,11106
2026-07-06 21:00:49,승인해주세요 지니님! / 카사네 테토・오토마치 우나,8886570,10084
2026-07-06 22:00:50,승인해주세요 지니님! / 카사네 테토・오토마치 우나,8897709,11139
2026-07-06 23:00:51,승인해주세요 지니님! / 카사네 테토・오토마치 우나,8906859,9150
2026-07-07 00:00:45,승인해주세요 지니님! / 카사네 테토・오토마치 우나,8915008,8149
2026-07-07 01:00:46,승인해주세요 지니님! / 카사네 테토・오토마치 우나,8923546,8538
2026-07-07 02:00:51,승인해주세요 지니님! / 카사네 테토・오토마치 우나,8930581,7035
2026-07-07 03:00:47,승인해주세요 지니님! / 카사네 테토・오토마치 우나,8936578,5997
2026-07-07 04:00:48,승인해주세요 지니님! / 카사네 테토・오토마치 우나,8947168,10590
2026-07-07 05:00:52,승인해주세요 지니님! / 카사네 테토・오토마치 우나,8953602,6434
2026-07-07 06:00:51,승인해주세요 지니님! / 카사네 테토・오토마치 우나,8959522,5920
2026-07-07 07:00:46,승인해주세요 지니님! / 카사네 테토・오토마치 우나,8965576,6054
2026-07-07 08:00:47,승인해주세요 지니님! / 카사네 테토・오토마치 우나,8972763,7187
2026-07-07 09:00:45,승인해주세요 지니님! / 카사네 테토・오토마치 우나,8978899,6136
2026-07-07 10:00:49,승인해주세요 지니님! / 카사네 테토・오토마치 우나,8985173,6274
2026-07-07 11:00:46,승인해주세요 지니님! / 카사네 테토・오토마치 우나,8990677,5504
2026-07-07 12:00:43,승인해주세요 지니님! / 카사네 테토・오토마치 우나,8997058,6381
2026-07-07 13:01:01,승인해주세요 지니님! / 카사네 테토・오토마치 우나,9002640,5582
2026-07-07 14:00:54,승인해주세요 지니님! / 카사네 테토・오토마치 우나,9009596,6956
2026-07-07 15:00:50,승인해주세요 지니님! / 카사네 테토・오토마치 우나,9015673,6077
2026-07-07 16:00:46,승인해주세요 지니님! / 카사네 테토・오토마치 우나,9024204,8531
2026-07-07 17:00:47,승인해주세요 지니님! / 카사네 테토・오토마치 우나,9033604,9400
2026-07-07 18:00:49,승인해주세요 지니님! / 카사네 테토・오토마치 우나,9041193,7589
2026-07-07 19:00:50,승인해주세요 지니님! / 카사네 테토・오토마치 우나,9052535,11342
2026-07-07 20:00:52,승인해주세요 지니님! / 카사네 테토・오토마치 우나,9063793,11258
2026-07-07 21:00:54,승인해주세요 지니님! / 카사네 테토・오토마치 우나,9075446,11653
2026-07-07 22:00:53,승인해주세요 지니님! / 카사네 테토・오토마치 우나,9087026,11580
2026-07-07 23:00:54,승인해주세요 지니님! / 카사네 테토・오토마치 우나,9097875,10849
2026-07-08 00:00:52,승인해주세요 지니님! / 카사네 테토・오토마치 우나,9105764,7889
2026-07-08 01:00:49,승인해주세요 지니님! / 카사네 테토・오토마치 우나,9110785,5021
2026-07-08 02:00:54,승인해주세요 지니님! / 카사네 테토・오토마치 우나,9115815,5030
2026-07-08 03:00:50,승인해주세요 지니님! / 카사네 테토・오토마치 우나,9121753,5938
2026-07-08 04:00:53,승인해주세요 지니님! / 카사네 테토・오토마치 우나,9128390,6637
2026-07-08 05:00:47,승인해주세요 지니님! / 카사네 테토・오토마치 우나,9134300,5910
2026-07-08 06:00:52,승인해주세요 지니님! / 카사네 테토・오토마치 우나,9140153,5853
2026-07-08 07:00:57,승인해주세요 지니님! / 카사네 테토・오토마치 우나,9146085,5932
2026-07-08 08:00:49,승인해주세요 지니님! / 카사네 테토・오토마치 우나,9153125,7040
2026-07-08 09:00:48,승인해주세요 지니님! / 카사네 테토・오토마치 우나,9159404,6279
2026-07-08 10:00:46,승인해주세요 지니님! / 카사네 테토・오토마치 우나,9165615,6211
2026-07-08 11:00:46,승인해주세요 지니님! / 카사네 테토・오토마치 우나,9172286,6671
2026-07-08 12:00:47,승인해주세요 지니님! / 카사네 테토・오토마치 우나,9177826,5540
2026-07-08 13:00:46,승인해주세요 지니님! / 카사네 테토・오토마치 우나,9183298,5472
2026-07-08 14:00:48,승인해주세요 지니님! / 카사네 테토・오토마치 우나,9189710,6412
2026-07-08 15:00:51,승인해주세요 지니님! / 카사네 테토・오토마치 우나,9196974,7264
2026-07-08 16:00:51,승인해주세요 지니님! / 카사네 테토・오토마치 우나,9204208,7234
2026-07-08 17:00:52,승인해주세요 지니님! / 카사네 테토・오토마치 우나,9216098,11890
2026-07-08 18:00:53,승인해주세요 지니님! / 카사네 테토・오토마치 우나,9222682,6584
2026-07-08 19:00:57,승인해주세요 지니님! / 카사네 테토・오토마치 우나,9230602,7920
2026-07-08 20:00:54,승인해주세요 지니님! / 카사네 테토・오토마치 우나,9240012,9410
2026-07-08 21:01:29,승인해주세요 지니님! / 카사네 테토・오토마치 우나,9250287,10275
2026-07-08 22:00:55,승인해주세요 지니님! / 카사네 테토・오토마치 우나,9261028,10741
2026-07-08 23:00:55,승인해주세요 지니님! / 카사네 테토・오토마치 우나,9271012,9984
2026-07-09 00:00:59,승인해주세요 지니님! / 카사네 테토・오토마치 우나,9281217,10205
2026-07-09 01:00:50,승인해주세요 지니님! / 카사네 테토・오토마치 우나,9289832,8615
2026-07-09 02:00:57,승인해주세요 지니님! / 카사네 테토・오토마치 우나,9298131,8299
2026-07-09 03:00:51,승인해주세요 지니님! / 카사네 테토・오토마치 우나,9304389,6258
2026-07-09 04:00:55,승인해주세요 지니님! / 카사네 테토・오토마치 우나,9310055,5666
2026-07-09 05:01:01,승인해주세요 지니님! / 카사네 테토・오토마치 우나,9320498,10443
2026-07-09 06:00:54,승인해주세요 지니님! / 카사네 테토・오토마치 우나,9326191,5693
2026-07-09 07:00:54,승인해주세요 지니님! / 카사네 테토・오토마치 우나,9332274,6083
2026-07-09 08:00:50,승인해주세요 지니님! / 카사네 테토・오토마치 우나,9339650,7376
2026-07-09 09:00:51,승인해주세요 지니님! / 카사네 테토・오토마치 우나,9345572,5922
2026-07-09 10:00:52,승인해주세요 지니님! / 카사네 테토・오토마치 우나,9351609,6037
2026-07-09 11:00:56,승인해주세요 지니님! / 카사네 테토・오토마치 우나,9358050,6441
2026-07-09 12:00:54,승인해주세요 지니님! / 카사네 테토・오토마치 우나,9364291,6241
2026-07-09 13:01:07,승인해주세요 지니님! / 카사네 테토・오토마치 우나,9370062,5771
2026-07-09 14:01:05,승인해주세요 지니님! / 카사네 테토・오토마치 우나,9376559,6497
2026-07-09 15:01:02,승인해주세요 지니님! / 카사네 테토・오토마치 우나,9383092,6533
2026-07-09 16:06:01,승인해주세요 지니님! / 카사네 테토・오토마치 우나,9391885,8793
2026-07-09 17:01:04,승인해주세요 지니님! / 카사네 테토・오토마치 우나,9399992,8107
2026-07-09 18:00:53,승인해주세요 지니님! / 카사네 테토・오토마치 우나,9409613,9621
2026-07-09 19:00:50,승인해주세요 지니님! / 카사네 테토・오토마치 우나,9419418,9805
2026-07-09 20:04:34,승인해주세요 지니님! / 카사네 테토・오토마치 우나,9428949,9531
2026-07-09 21:00:43,승인해주세요 지니님! / 카사네 테토・오토마치 우나,9440357,11408
2026-07-09 22:00:51,승인해주세요 지니님! / 카사네 테토・오토마치 우나,9451414,11057
2026-07-09 23:00:41,승인해주세요 지니님! / 카사네 테토・오토마치 우나,9461967,10553
2026-07-10 00:00:40,승인해주세요 지니님! / 카사네 테토・오토마치 우나,9471339,9372
2026-07-10 01:00:40,승인해주세요 지니님! / 카사네 테토・오토마치 우나,9478669,7330
2026-07-10 02:00:42,승인해주세요 지니님! / 카사네 테토・오토마치 우나,9485928,7259
2026-07-10 03:00:37,승인해주세요 지니님! / 카사네 테토・오토마치 우나,9492362,6434
2026-07-10 04:00:44,승인해주세요 지니님! / 카사네 테토・오토마치 우나,9498688,6326
2026-07-10 05:00:38,승인해주세요 지니님! / 카사네 테토・오토마치 우나,9504205,5517
2026-07-10 06:00:37,승인해주세요 지니님! / 카사네 테토・오토마치 우나,9510256,6051
2026-07-10 07:00:45,승인해주세요 지니님! / 카사네 테토・오토마치 우나,9516340,6084
2026-07-10 08:00:40,승인해주세요 지니님! / 카사네 테토・오토마치 우나,9522885,6545
2026-07-10 09:00:45,승인해주세요 지니님! / 카사네 테토・오토마치 우나,9529184,6299
2026-07-10 10:00:37,승인해주세요 지니님! / 카사네 테토・오토마치 우나,9535387,6203
2026-07-10 11:00:37,승인해주세요 지니님! / 카사네 테토・오토마치 우나,9541323,5936
2026-07-10 12:00:41,승인해주세요 지니님! / 카사네 테토・오토마치 우나,9547608,6285
2026-07-10 13:00:37,승인해주세요 지니님! / 카사네 테토・오토마치 우나,9553608,6000
2026-07-10 14:00:48,승인해주세요 지니님! / 카사네 테토・오토마치 우나,9560302,6694
2026-07-10 15:00:41,승인해주세요 지니님! / 카사네 테토・오토마치 우나,9567344,7042
2026-07-10 16:00:41,승인해주세요 지니님! / 카사네 테토・오토마치 우나,9575996,8652
2026-07-10 17:00:41,승인해주세요 지니님! / 카사네 테토・오토마치 우나,9585565,9569
2026-07-10 18:00:41,승인해주세요 지니님! / 카사네 테토・오토마치 우나,9594320,8755
2026-07-10 19:00:44,승인해주세요 지니님! / 카사네 테토・오토마치 우나,9604726,10406
2026-07-10 20:00:38,승인해주세요 지니님! / 카사네 테토・오토마치 우나,9615358,10632
2026-07-10 21:00:44,승인해주세요 지니님! / 카사네 테토・오토마치 우나,9627271,11913
2026-07-10 22:00:39,승인해주세요 지니님! / 카사네 테토・오토마치 우나,9638147,10876
2026-07-10 23:00:47,승인해주세요 지니님! / 카사네 테토・오토마치 우나,9651538,13391
2026-07-11 00:00:43,승인해주세요 지니님! / 카사네 테토・오토마치 우나,9662069,10531
2026-07-11 01:00:37,승인해주세요 지니님! / 카사네 테토・오토마치 우나,9668590,6521
2026-07-11 02:00:39,승인해주세요 지니님! / 카사네 테토・오토마치 우나,9678182,9592
2026-07-11 03:00:47,승인해주세요 지니님! / 카사네 테토・오토마치 우나,9685524,7342
2026-07-11 04:00:43,승인해주세요 지니님! / 카사네 테토・오토마치 우나,9691594,6070
2026-07-11 05:00:36,승인해주세요 지니님! / 카사네 테토・오토마치 우나,9697723,6129
2026-07-11 06:00:34,승인해주세요 지니님! / 카사네 테토・오토마치 우나,9702982,5259
2026-07-11 07:00:40,승인해주세요 지니님! / 카사네 테토・오토마치 우나,9709073,6091
2026-07-11 08:00:38,승인해주세요 지니님! / 카사네 테토・오토마치 우나,9715476,6403
2026-07-11 09:00:39,승인해주세요 지니님! / 카사네 테토・오토마치 우나,9723017,7541
2026-07-11 10:00:38,승인해주세요 지니님! / 카사네 테토・오토마치 우나,9731755,8738
2026-07-11 11:00:33,승인해주세요 지니님! / 카사네 테토・오토마치 우나,9740471,8716
2026-07-11 12:00:41,승인해주세요 지니님! / 카사네 테토・오토마치 우나,9750280,9809
2026-07-11 13:00:34,승인해주세요 지니님! / 카사네 테토・오토마치 우나,9760402,10122
2026-07-11 14:00:35,승인해주세요 지니님! / 카사네 테토・오토마치 우나,9769787,9385
2026-07-11 15:00:47,승인해주세요 지니님! / 카사네 테토・오토마치 우나,9778788,9001
2026-07-11 16:00:39,승인해주세요 지니님! / 카사네 테토・오토마치 우나,9788495,9707
2026-07-11 17:00:48,승인해주세요 지니님! / 카사네 테토・오토마치 우나,9797463,8968
2026-07-11 18:00:42,승인해주세요 지니님! / 카사네 테토・오토마치 우나,9806688,9225
2026-07-11 19:00:32,승인해주세요 지니님! / 카사네 테토・오토마치 우나,9815277,8589
2026-07-11 20:00:36,승인해주세요 지니님! / 카사네 테토・오토마치 우나,9825626,10349
2026-07-11 21:00:41,승인해주세요 지니님! / 카사네 테토・오토마치 우나,9835016,9390
2026-07-11 22:00:39,승인해주세요 지니님! / 카사네 테토・오토마치 우나,9846746,11730
2026-07-11 23:00:38,승인해주세요 지니님! / 카사네 테토・오토마치 우나,9856701,9955
2026-07-12 00:00:36,승인해주세요 지니님! / 카사네 테토・오토마치 우나,9866723,10022
2026-07-12 01:00:37,승인해주세요 지니님! / 카사네 테토・오토마치 우나,9875530,8807
2026-07-12 02:00:45,승인해주세요 지니님! / 카사네 테토・오토마치 우나,9883365,7835
2026-07-12 03:00:38,승인해주세요 지니님! / 카사네 테토・오토마치 우나,9890107,6742
2026-07-12 04:00:47,승인해주세요 지니님! / 카사네 테토・오토마치 우나,9896567,6460
2026-07-12 05:00:41,승인해주세요 지니님! / 카사네 테토・오토마치 우나,9903102,6535
2026-07-12 06:00:43,승인해주세요 지니님! / 카사네 테토・오토마치 우나,9908232,5130
2026-07-12 07:00:51,승인해주세요 지니님! / 카사네 테토・오토마치 우나,9913670,5438
2026-07-12 08:00:39,승인해주세요 지니님! / 카사네 테토・오토마치 우나,9919199,5529
2026-07-12 09:00:43,승인해주세요 지니님! / 카사네 테토・오토마치 우나,9926428,7229
2026-07-12 10:00:42,승인해주세요 지니님! / 카사네 테토・오토마치 우나,9934456,8028
2026-07-12 11:00:40,승인해주세요 지니님! / 카사네 테토・오토마치 우나,9942606,8150
2026-07-12 12:01:42,승인해주세요 지니님! / 카사네 테토・오토마치 우나,9951538,8932
2026-07-12 13:00:42,승인해주세요 지니님! / 카사네 테토・오토마치 우나,9959778,8240
2026-07-12 14:00:44,승인해주세요 지니님! / 카사네 테토・오토마치 우나,9969115,9337
2026-07-12 15:00:41,승인해주세요 지니님! / 카사네 테토・오토마치 우나,9977970,8855
2026-07-12 16:00:44,승인해주세요 지니님! / 카사네 테토・오토마치 우나,9987708,9738
2026-07-12 17:00:46,승인해주세요 지니님! / 카사네 테토・오토마치 우나,9997162,9454
2026-07-12 18:00:46,승인해주세요 지니님! / 카사네 테토・오토마치 우나,10005976,8814
2026-07-12 19:00:42,승인해주세요 지니님! / 카사네 테토・오토마치 우나,10014939,8963
2026-07-12 20:00:45,승인해주세요 지니님! / 카사네 테토・오토마치 우나,10024380,9441
2026-07-12 21:00:43,승인해주세요 지니님! / 카사네 테토・오토마치 우나,10034339,9959
2026-07-12 22:00:43,승인해주세요 지니님! / 카사네 테토・오토마치 우나,10045286,10947
2026-07-12 23:00:42,승인해주세요 지니님! / 카사네 테토・오토마치 우나,10054772,9486
2026-07-13 00:00:40,승인해주세요 지니님! / 카사네 테토・오토마치 우나,10062765,7993
2026-07-13 01:00:44,승인해주세요 지니님! / 카사네 테토・오토마치 우나,10068844,6079
2026-07-13 02:00:41,승인해주세요 지니님! / 카사네 테토・오토마치 우나,10075783,6939
2026-07-13 03:00:41,승인해주세요 지니님! / 카사네 테토・오토마치 우나,10082365,6582
2026-07-13 04:00:43,승인해주세요 지니님! / 카사네 테토・오토마치 우나,10088141,5776
2026-07-13 05:00:40,승인해주세요 지니님! / 카사네 테토・오토마치 우나,10093720,5579
2026-07-13 06:00:45,승인해주세요 지니님! / 카사네 테토・오토마치 우나,10099200,5480
2026-07-13 07:00:40,승인해주세요 지니님! / 카사네 테토・오토마치 우나,10104725,5525
2026-07-13 08:00:42,승인해주세요 지니님! / 카사네 테토・오토마치 우나,10111168,6443
2026-07-13 09:00:42,승인해주세요 지니님! / 카사네 테토・오토마치 우나,10117180,6012
2026-07-13 10:00:40,승인해주세요 지니님! / 카사네 테토・오토마치 우나,10122265,5085
2026-07-13 11:00:42,승인해주세요 지니님! / 카사네 테토・오토마치 우나,10127859,5594
2026-07-13 12:00:45,승인해주세요 지니님! / 카사네 테토・오토마치 우나,10133152,5293
2026-07-13 13:00:41,승인해주세요 지니님! / 카사네 테토・오토마치 우나,10138702,5550
2026-07-13 14:00:40,승인해주세요 지니님! / 카사네 테토・오토마치 우나,10144562,5860
2026-07-13 15:00:42,승인해주세요 지니님! / 카사네 테토・오토마치 우나,10151139,6577
2026-07-13 16:00:43,승인해주세요 지니님! / 카사네 테토・오토마치 우나,10158980,7841
2026-07-13 17:00:47,승인해주세요 지니님! / 카사네 테토・오토마치 우나,10166957,7977
2026-07-13 18:00:43,승인해주세요 지니님! / 카사네 테토・오토마치 우나,10175382,8425
2026-07-13 19:00:46,승인해주세요 지니님! / 카사네 테토・오토마치 우나,10183952,8570
2026-07-13 20:00:47,승인해주세요 지니님! / 카사네 테토・오토마치 우나,10193291,9339
2026-07-13 21:00:47,승인해주세요 지니님! / 카사네 테토・오토마치 우나,10204040,10749
2026-07-13 22:00:46,승인해주세요 지니님! / 카사네 테토・오토마치 우나,10214033,9993
2026-07-13 23:00:47,승인해주세요 지니님! / 카사네 테토・오토마치 우나,10223963,9930
2026-07-14 00:00:47,승인해주세요 지니님! / 카사네 테토・오토마치 우나,10232446,8483
2026-07-14 01:00:48,승인해주세요 지니님! / 카사네 테토・오토마치 우나,10238613,6167
2026-07-14 02:00:57,승인해주세요 지니님! / 카사네 테토・오토마치 우나,10245003,6390
2026-07-14 03:00:40,승인해주세요 지니님! / 카사네 테토・오토마치 우나,10251639,6636
2026-07-14 04:00:45,승인해주세요 지니님! / 카사네 테토・오토마치 우나,10257175,5536
2026-07-14 05:00:44,승인해주세요 지니님! / 카사네 테토・오토마치 우나,10262665,5490
2026-07-14 06:00:44,승인해주세요 지니님! / 카사네 테토・오토마치 우나,10268298,5633
2026-07-14 07:00:43,승인해주세요 지니님! / 카사네 테토・오토마치 우나,10273609,5311
2026-07-14 08:00:45,승인해주세요 지니님! / 카사네 테토・오토마치 우나,10280218,6609
2026-07-14 09:00:45,승인해주세요 지니님! / 카사네 테토・오토마치 우나,10285729,5511
2026-07-14 10:00:39,승인해주세요 지니님! / 카사네 테토・오토마치 우나,10291014,5285
2026-07-14 11:00:42,승인해주세요 지니님! / 카사네 테토・오토마치 우나,10296115,5101
2026-07-14 12:00:44,승인해주세요 지니님! / 카사네 테토・오토마치 우나,10301304,5189
2026-07-14 13:00:42,승인해주세요 지니님! / 카사네 테토・오토마치 우나,10306482,5178
2026-07-14 14:00:44,승인해주세요 지니님! / 카사네 테토・오토마치 우나,10312468,5986
2026-07-14 15:00:43,승인해주세요 지니님! / 카사네 테토・오토마치 우나,10318513,6045
2026-07-14 16:00:46,승인해주세요 지니님! / 카사네 테토・오토마치 우나,10325552,7039
2026-07-14 17:00:44,승인해주세요 지니님! / 카사네 테토・오토마치 우나,10333564,8012
2026-07-14 18:00:44,승인해주세요 지니님! / 카사네 테토・오토마치 우나,10341392,7828
2026-07-14 19:00:49,승인해주세요 지니님! / 카사네 테토・오토마치 우나,10349663,8271
2026-07-14 20:00:46,승인해주세요 지니님! / 카사네 테토・오토마치 우나,10359401,9738
2026-07-14 21:00:45,승인해주세요 지니님! / 카사네 테토・오토마치 우나,10369199,9798
2026-07-14 22:00:48,승인해주세요 지니님! / 카사네 테토・오토마치 우나,10379496,10297
2026-07-14 23:00:42,승인해주세요 지니님! / 카사네 테토・오토마치 우나,10389871,10375
2026-07-15 00:00:44,승인해주세요 지니님! / 카사네 테토・오토마치 우나,10397313,7442
2026-07-15 01:00:47,승인해주세요 지니님! / 카사네 테토・오토마치 우나,10404401,7088
2026-07-15 02:00:47,승인해주세요 지니님! / 카사네 테토・오토마치 우나,10411031,6630
2026-07-15 03:00:46,승인해주세요 지니님! / 카사네 테토・오토마치 우나,10416927,5896
2026-07-15 04:00:45,승인해주세요 지니님! / 카사네 테토・오토마치 우나,10422291,5364
2026-07-15 05:00:44,승인해주세요 지니님! / 카사네 테토・오토마치 우나,10427507,5216
2026-07-15 06:00:41,승인해주세요 지니님! / 카사네 테토・오토마치 우나,10433260,5753
2026-07-15 07:00:40,승인해주세요 지니님! / 카사네 테토・오토마치 우나,10438091,4831
2026-07-15 08:00:38,승인해주세요 지니님! / 카사네 테토・오토마치 우나,10444752,6661
2026-07-15 09:00:38,승인해주세요 지니님! / 카사네 테토・오토마치 우나,10450453,5701
2026-07-15 10:00:49,승인해주세요 지니님! / 카사네 테토・오토마치 우나,10455649,5196
2026-07-15 11:00:45,승인해주세요 지니님! / 카사네 테토・오토마치 우나,10460626,4977
2026-07-15 12:00:47,승인해주세요 지니님! / 카사네 테토・오토마치 우나,10465560,4934
2026-07-15 13:00:44,승인해주세요 지니님! / 카사네 테토・오토마치 우나,10470999,5439
2026-07-15 14:00:42,승인해주세요 지니님! / 카사네 테토・오토마치 우나,10476720,5721
2026-07-15 15:00:46,승인해주세요 지니님! / 카사네 테토・오토마치 우나,10483120,6400
2026-07-15 16:00:47,승인해주세요 지니님! / 카사네 테토・오토마치 우나,10490454,7334
2026-07-15 17:00:54,승인해주세요 지니님! / 카사네 테토・오토마치 우나,10497812,7358
2026-07-15 18:00:46,승인해주세요 지니님! / 카사네 테토・오토마치 우나,10506417,8605
2026-07-15 19:00:52,승인해주세요 지니님! / 카사네 테토・오토마치 우나,10515210,8793
2026-07-15 20:00:48,승인해주세요 지니님! / 카사네 테토・오토마치 우나,10524586,9376
2026-07-15 21:00:43,승인해주세요 지니님! / 카사네 테토・오토마치 우나,10533792,9206
2026-07-15 22:00:51,승인해주세요 지니님! / 카사네 테토・오토마치 우나,10543922,10130
2026-07-15 23:00:56,승인해주세요 지니님! / 카사네 테토・오토마치 우나,10554167,10245
2026-07-16 00:00:47,승인해주세요 지니님! / 카사네 테토・오토마치 우나,10562416,8249
2026-07-16 01:00:42,승인해주세요 지니님! / 카사네 테토・오토마치 우나,10570522,8106
2026-07-16 02:00:42,승인해주세요 지니님! / 카사네 테토・오토마치 우나,10575909,5387
2026-07-16 03:00:42,승인해주세요 지니님! / 카사네 테토・오토마치 우나,10581555,5646
2026-07-16 04:00:48,승인해주세요 지니님! / 카사네 테토・오토마치 우나,10588112,6557
2026-07-16 05:00:41,승인해주세요 지니님! / 카사네 테토・오토마치 우나,10593029,4917
2026-07-16 06:00:42,승인해주세요 지니님! / 카사네 테토・오토마치 우나,10598438,5409
2026-07-16 07:00:44,승인해주세요 지니님! / 카사네 테토・오토마치 우나,10603883,5445
2026-07-16 08:00:42,승인해주세요 지니님! / 카사네 테토・오토마치 우나,10610242,6359
2026-07-16 09:00:41,승인해주세요 지니님! / 카사네 테토・오토마치 우나,10616121,5879
2026-07-16 10:00:40,승인해주세요 지니님! / 카사네 테토・오토마치 우나,10621767,5646
2026-07-16 11:00:42,승인해주세요 지니님! / 카사네 테토・오토마치 우나,10626992,5225
2026-07-16 12:00:35,승인해주세요 지니님! / 카사네 테토・오토마치 우나,10632455,5463
2026-07-16 13:00:41,승인해주세요 지니님! / 카사네 테토・오토마치 우나,10637907,5452
2026-07-16 14:00:54,승인해주세요 지니님! / 카사네 테토・오토마치 우나,10643997,6090
2026-07-16 15:00:42,승인해주세요 지니님! / 카사네 테토・오토마치 우나,10650149,6152
2026-07-16 16:00:44,승인해주세요 지니님! / 카사네 테토・오토마치 우나,10657756,7607
2026-07-16 17:00:40,승인해주세요 지니님! / 카사네 테토・오토마치 우나,10665513,7757
2026-07-16 18:00:41,승인해주세요 지니님! / 카사네 테토・오토마치 우나,10673819,8306
2026-07-16 19:00:44,승인해주세요 지니님! / 카사네 테토・오토마치 우나,10681652,7833
2026-07-16 20:00:47,승인해주세요 지니님! / 카사네 테토・오토마치 우나,10690896,9244
2026-07-16 21:00:43,승인해주세요 지니님! / 카사네 테토・오토마치 우나,10700797,9901
2026-07-16 22:00:37,승인해주세요 지니님! / 카사네 테토・오토마치 우나,10711200,10403
2026-07-16 23:00:38,승인해주세요 지니님! / 카사네 테토・오토마치 우나,10720390,9190
2026-07-17 00:00:32,승인해주세요 지니님! / 카사네 테토・오토마치 우나,10729503,9113
2026-07-17 01:00:35,승인해주세요 지니님! / 카사네 테토・오토마치 우나,10736393,6890
2026-07-17 02:00:38,승인해주세요 지니님! / 카사네 테토・오토마치 우나,10742145,5752
2026-07-17 03:00:30,승인해주세요 지니님! / 카사네 테토・오토마치 우나,10748365,6220
2026-07-17 04:00:34,승인해주세요 지니님! / 카사네 테토・오토마치 우나,10753835,5470
2026-07-17 05:00:31,승인해주세요 지니님! / 카사네 테토・오토마치 우나,10759504,5669
2026-07-17 06:00:34,승인해주세요 지니님! / 카사네 테토・오토마치 우나,10764403,4899
2026-07-17 07:00:31,승인해주세요 지니님! / 카사네 테토・오토마치 우나,10769514,5111
2026-07-17 08:00:31,승인해주세요 지니님! / 카사네 테토・오토마치 우나,10774736,5222
2026-07-17 09:00:29,승인해주세요 지니님! / 카사네 테토・오토마치 우나,10780187,5451
2026-07-17 10:00:35,승인해주세요 지니님! / 카사네 테토・오토마치 우나,10786117,5930
2026-07-17 11:00:29,승인해주세요 지니님! / 카사네 테토・오토마치 우나,10791807,5690
2026-07-17 12:00:29,승인해주세요 지니님! / 카사네 테토・오토마치 우나,10798882,7075
2026-07-17 13:00:31,승인해주세요 지니님! / 카사네 테토・오토마치 우나,10805862,6980
2026-07-17 14:00:34,승인해주세요 지니님! / 카사네 테토・오토마치 우나,10813209,7347
2026-07-17 15:00:32,승인해주세요 지니님! / 카사네 테토・오토마치 우나,10820364,7155
2026-07-17 16:00:33,승인해주세요 지니님! / 카사네 테토・오토마치 우나,10828944,8580
2026-07-17 17:00:31,승인해주세요 지니님! / 카사네 테토・오토마치 우나,10836957,8013
2026-07-17 18:00:34,승인해주세요 지니님! / 카사네 테토・오토마치 우나,10845602,8645
2026-07-17 19:00:38,승인해주세요 지니님! / 카사네 테토・오토마치 우나,10853412,7810
2026-07-17 20:00:34,승인해주세요 지니님! / 카사네 테토・오토마치 우나,10862819,9407
2026-07-17 21:00:35,승인해주세요 지니님! / 카사네 테토・오토마치 우나,10872035,9216
2026-07-17 22:00:33,승인해주세요 지니님! / 카사네 테토・오토마치 우나,10881800,9765
2026-07-17 23:00:33,승인해주세요 지니님! / 카사네 테토・오토마치 우나,10890828,9028
2026-07-18 00:00:31,승인해주세요 지니님! / 카사네 테토・오토마치 우나,10898193,7365
2026-07-18 01:00:33,승인해주세요 지니님! / 카사네 테토・오토마치 우나,10905566,7373
2026-07-18 02:00:35,승인해주세요 지니님! / 카사네 테토・오토마치 우나,10911842,6276
2026-07-18 03:00:33,승인해주세요 지니님! / 카사네 테토・오토마치 우나,10917671,5829
2026-07-18 04:00:32,승인해주세요 지니님! / 카사네 테토・오토마치 우나,10923438,5767
2026-07-18 05:00:30,승인해주세요 지니님! / 카사네 테토・오토마치 우나,10928533,5095
2026-07-18 06:00:30,승인해주세요 지니님! / 카사네 테토・오토마치 우나,10933298,4765
2026-07-18 07:00:30,승인해주세요 지니님! / 카사네 테토・오토마치 우나,10938058,4760
2026-07-18 08:00:28,승인해주세요 지니님! / 카사네 테토・오토마치 우나,10943256,5198
2026-07-18 09:00:29,승인해주세요 지니님! / 카사네 테토・오토마치 우나,10949511,6255
2026-07-18 10:00:29,승인해주세요 지니님! / 카사네 테토・오토마치 우나,10956523,7012
2026-07-18 11:00:30,승인해주세요 지니님! / 카사네 테토・오토마치 우나,10964277,7754
2026-07-18 12:00:29,승인해주세요 지니님! / 카사네 테토・오토마치 우나,10971585,7308
2026-07-18 13:00:34,승인해주세요 지니님! / 카사네 테토・오토마치 우나,10979427,7842
2026-07-18 14:00:30,승인해주세요 지니님! / 카사네 테토・오토마치 우나,10987311,7884
2026-07-18 15:00:33,승인해주세요 지니님! / 카사네 테토・오토마치 우나,10994687,7376
2026-07-18 16:00:30,승인해주세요 지니님! / 카사네 테토・오토마치 우나,11002732,8045
2026-07-18 17:00:30,승인해주세요 지니님! / 카사네 테토・오토마치 우나,11010174,7442
2026-07-18 18:00:33,승인해주세요 지니님! / 카사네 테토・오토마치 우나,11017521,7347
2026-07-18 19:00:29,승인해주세요 지니님! / 카사네 테토・오토마치 우나,11023905,6384
2026-07-18 20:00:34,승인해주세요 지니님! / 카사네 테토・오토마치 우나,11031149,7244
2026-07-18 21:00:30,승인해주세요 지니님! / 카사네 테토・오토마치 우나,11037668,6519
2026-07-18 22:00:30,승인해주세요 지니님! / 카사네 테토・오토마치 우나,11046157,8489
2026-07-18 23:00:30,승인해주세요 지니님! / 카사네 테토・오토마치 우나,11054147,7990
2026-07-19 00:00:32,승인해주세요 지니님! / 카사네 테토・오토마치 우나,11062234,8087
2026-07-19 01:00:33,승인해주세요 지니님! / 카사네 테토・오토마치 우나,11068621,6387
2026-07-19 02:00:28,승인해주세요 지니님! / 카사네 테토・오토마치 우나,11075680,7059
2026-07-19 03:00:30,승인해주세요 지니님! / 카사네 테토・오토마치 우나,11081779,6099
2026-07-19 04:00:32,승인해주세요 지니님! / 카사네 테토・오토마치 우나,11087775,5996
2026-07-19 05:00:32,승인해주세요 지니님! / 카사네 테토・오토마치 우나,11092674,4899
2026-07-19 06:00:41,승인해주세요 지니님! / 카사네 테토・오토마치 우나,11097477,4803
2026-07-19 07:00:34,승인해주세요 지니님! / 카사네 테토・오토마치 우나,11102009,4532
2026-07-19 08:00:32,승인해주세요 지니님! / 카사네 테토・오토마치 우나,11106888,4879
2026-07-19 09:00:30,승인해주세요 지니님! / 카사네 테토・오토마치 우나,11111590,4702
2026-07-19 10:00:28,승인해주세요 지니님! / 카사네 테토・오토마치 우나,11117802,6212
2026-07-19 11:00:32,승인해주세요 지니님! / 카사네 테토・오토마치 우나,11124867,7065
2026-07-19 12:00:32,승인해주세요 지니님! / 카사네 테토・오토마치 우나,11132326,7459
2026-07-19 13:00:30,승인해주세요 지니님! / 카사네 테토・오토마치 우나,11139647,7321
2026-07-19 14:00:30,승인해주세요 지니님! / 카사네 테토・오토마치 우나,11146397,6750
2026-07-19 15:00:30,승인해주세요 지니님! / 카사네 테토・오토마치 우나,11153686,7289
2026-07-19 16:00:28,승인해주세요 지니님! / 카사네 테토・오토마치 우나,11160838,7152
2026-07-19 17:01:34,승인해주세요 지니님! / 카사네 테토・오토마치 우나,11167937,7099
2026-07-19 18:00:31,승인해주세요 지니님! / 카사네 테토・오토마치 우나,11174851,6914
2026-07-19 19:00:28,승인해주세요 지니님! / 카사네 테토・오토마치 우나,11182065,7214
2026-07-19 20:00:30,승인해주세요 지니님! / 카사네 테토・오토마치 우나,11188968,6903
2026-07-19 21:00:32,승인해주세요 지니님! / 카사네 테토・오토마치 우나,11196343,7375
2026-07-19 22:00:30,승인해주세요 지니님! / 카사네 테토・오토마치 우나,11204760,8417
2026-07-19 23:00:32,승인해주세요 지니님! / 카사네 테토・오토마치 우나,11211389,6629
2026-07-20 00:00:30,승인해주세요 지니님! / 카사네 테토・오토마치 우나,11218177,6788
2026-07-20 01:00:30,승인해주세요 지니님! / 카사네 테토・오토마치 우나,11223512,5335
2026-07-20 02:00:28,승인해주세요 지니님! / 카사네 테토・오토마치 우나,11228829,5317
2026-07-20 03:00:34,승인해주세요 지니님! / 카사네 테토・오토마치 우나,11232944,4115
2026-07-20 04:00:31,승인해주세요 지니님! / 카사네 테토・오토마치 우나,11237789,4845
2026-07-20 05:00:29,승인해주세요 지니님! / 카사네 테토・오토마치 우나,11241796,4007
2026-07-20 06:00:31,승인해주세요 지니님! / 카사네 테토・오토마치 우나,11245986,4190
2026-07-20 07:00:39,승인해주세요 지니님! / 카사네 테토・오토마치 우나,11249733,3747
2026-07-20 08:00:40,승인해주세요 지니님! / 카사네 테토・오토마치 우나,11254402,4669
2026-07-20 09:00:35,승인해주세요 지니님! / 카사네 테토・오토마치 우나,11259149,4747
2026-07-20 10:00:31,승인해주세요 지니님! / 카사네 테토・오토마치 우나,11264128,4979
2026-07-20 11:00:31,승인해주세요 지니님! / 카사네 테토・오토마치 우나,11269178,5050
2026-07-20 12:00:30,승인해주세요 지니님! / 카사네 테토・오토마치 우나,11274310,5132
2026-07-20 13:00:33,승인해주세요 지니님! / 카사네 테토・오토마치 우나,11279457,5147
2026-07-20 14:00:30,승인해주세요 지니님! / 카사네 테토・오토마치 우나,11284380,4923
2026-07-20 15:00:33,승인해주세요 지니님! / 카사네 테토・오토마치 우나,11289971,5591
2026-07-20 16:00:32,승인해주세요 지니님! / 카사네 테토・오토마치 우나,11295619,5648
2026-07-20 17:00:33,승인해주세요 지니님! / 카사네 테토・오토마치 우나,11301541,5922
2026-07-20 18:00:32,승인해주세요 지니님! / 카사네 테토・오토마치 우나,11307038,5497
2026-07-20 19:00:33,승인해주세요 지니님! / 카사네 테토・오토마치 우나,11313238,6200
2026-07-20 20:00:30,승인해주세요 지니님! / 카사네 테토・오토마치 우나,11319691,6453
2026-07-20 21:00:35,승인해주세요 지니님! / 카사네 테토・오토마치 우나,11326985,7294
2026-07-20 22:00:36,승인해주세요 지니님! / 카사네 테토・오토마치 우나,11333687,6702
2026-07-20 23:00:36,승인해주세요 지니님! / 카사네 테토・오토마치 우나,11340023,6336
2026-07-21 00:00:34,승인해주세요 지니님! / 카사네 테토・오토마치 우나,11346303,6280
2026-07-21 01:00:39,승인해주세요 지니님! / 카사네 테토・오토마치 우나,11351565,5262
2026-07-21 02:00:32,승인해주세요 지니님! / 카사네 테토・오토마치 우나,11356177,4612
2026-07-21 03:00:34,승인해주세요 지니님! / 카사네 테토・오토마치 우나,11361171,4994
2026-07-21 04:00:37,승인해주세요 지니님! / 카사네 테토・오토마치 우나,11365652,4481
2026-07-21 05:00:30,승인해주세요 지니님! / 카사네 테토・오토마치 우나,11370015,4363
2026-07-21 06:00:30,승인해주세요 지니님! / 카사네 테토・오토마치 우나,11373599,3584
2026-07-21 07:00:29,승인해주세요 지니님! / 카사네 테토・오토마치 우나,11378069,4470
2026-07-21 08:00:35,승인해주세요 지니님! / 카사네 테토・오토마치 우나,11382777,4708
2026-07-21 09:00:29,승인해주세요 지니님! / 카사네 테토・오토마치 우나,11387669,4892
2026-07-21 10:00:35,승인해주세요 지니님! / 카사네 테토・오토마치 우나,11392389,4720
2026-07-21 11:00:36,승인해주세요 지니님! / 카사네 테토・오토마치 우나,11397600,5211
2026-07-21 12:00:34,승인해주세요 지니님! / 카사네 테토・오토마치 우나,11402560,4960
2026-07-21 13:00:31,승인해주세요 지니님! / 카사네 테토・오토마치 우나,11407677,5117
2026-07-21 14:00:35,승인해주세요 지니님! / 카사네 테토・오토마치 우나,11412279,4602
2026-07-21 15:00:32,승인해주세요 지니님! / 카사네 테토・오토마치 우나,11417736,5457
2026-07-21 16:00:31,승인해주세요 지니님! / 카사네 테토・오토마치 우나,11423504,5768
2026-07-21 17:00:34,승인해주세요 지니님! / 카사네 테토・오토마치 우나,11429212,5708
2026-07-21 18:00:30,승인해주세요 지니님! / 카사네 테토・오토마치 우나,11435632,6420
2026-07-21 19:00:38,승인해주세요 지니님! / 카사네 테토・오토마치 우나,11441222,5590
2026-07-21 20:00:36,승인해주세요 지니님! / 카사네 테토・오토마치 우나,11448576,7354
2026-07-21 21:00:38,승인해주세요 지니님! / 카사네 테토・오토마치 우나,11455872,7296
2026-07-21 22:00:42,승인해주세요 지니님! / 카사네 테토・오토마치 우나,11463390,7518
2026-07-21 23:00:34,승인해주세요 지니님! / 카사네 테토・오토마치 우나,11470497,7107
2026-07-22 00:00:37,승인해주세요 지니님! / 카사네 테토・오토마치 우나,11476379,5882
2026-07-22 01:00:35,승인해주세요 지니님! / 카사네 테토・오토마치 우나,11482248,5869
2026-07-22 02:00:31,승인해주세요 지니님! / 카사네 테토・오토마치 우나,11486801,4553
2026-07-22 03:00:31,승인해주세요 지니님! / 카사네 테토・오토마치 우나,11490096,3295
2026-07-22 04:00:33,승인해주세요 지니님! / 카사네 테토・오토마치 우나,11495148,5052
2026-07-22 05:00:33,승인해주세요 지니님! / 카사네 테토・오토마치 우나,11499483,4335
2026-07-22 06:00:37,승인해주세요 지니님! / 카사네 테토・오토마치 우나,11503251,3768
2026-07-22 07:00:38,승인해주세요 지니님! / 카사네 테토・오토마치 우나,11507251,4000
2026-07-22 08:00:34,승인해주세요 지니님! / 카사네 테토・오토마치 우나,11511514,4263
2026-07-22 09:00:38,승인해주세요 지니님! / 카사네 테토・오토마치 우나,11516142,4628
2026-07-22 10:00:35,승인해주세요 지니님! / 카사네 테토・오토마치 우나,11520748,4606
2026-07-22 11:00:31,승인해주세요 지니님! / 카사네 테토・오토마치 우나,11525365,4617
2026-07-22 12:00:35,승인해주세요 지니님! / 카사네 테토・오토마치 우나,11530596,5231
2026-07-22 13:00:29,승인해주세요 지니님! / 카사네 테토・오토마치 우나,11535509,4913
2026-07-22 14:00:38,승인해주세요 지니님! / 카사네 테토・오토마치 우나,11540328,4819
2026-07-22 15:00:32,승인해주세요 지니님! / 카사네 테토・오토마치 우나,11545780,5452
2026-07-22 16:00:42,승인해주세요 지니님! / 카사네 테토・오토마치 우나,11551585,5805
2026-07-22 17:00:34,승인해주세요 지니님! / 카사네 테토・오토마치 우나,11556922,5337
2026-07-22 18:00:33,승인해주세요 지니님! / 카사네 테토・오토마치 우나,11562440,5518
2026-07-22 19:00:35,승인해주세요 지니님! / 카사네 테토・오토마치 우나,11568890,6450
2026-07-22 20:00:34,승인해주세요 지니님! / 카사네 테토・오토마치 우나,11575571,6681
2026-07-22 21:00:32,승인해주세요 지니님! / 카사네 테토・오토마치 우나,11582255,6684
2026-07-22 22:00:38,승인해주세요 지니님! / 카사네 테토・오토마치 우나,11588491,6236
2026-07-22 23:00:35,승인해주세요 지니님! / 카사네 테토・오토마치 우나,11596608,8117
2026-07-23 00:00:36,승인해주세요 지니님! / 카사네 테토・오토마치 우나,11602527,5919
2026-07-23 01:00:36,승인해주세요 지니님! / 카사네 테토・오토마치 우나,11608437,5910
2026-07-23 02:00:34,승인해주세요 지니님! / 카사네 테토・오토마치 우나,11613391,4954
2026-07-23 03:00:35,승인해주세요 지니님! / 카사네 테토・오토마치 우나,11617876,4485
2026-07-23 04:00:37,승인해주세요 지니님! / 카사네 테토・오토마치 우나,11622285,4409
2026-07-23 05:00:38,승인해주세요 지니님! / 카사네 테토・오토마치 우나,11626391,4106
2026-07-23 06:00:35,승인해주세요 지니님! / 카사네 테토・오토마치 우나,11630257,3866
2026-07-23 07:00:36,승인해주세요 지니님! / 카사네 테토・오토마치 우나,11633479,3222
2026-07-23 08:00:31,승인해주세요 지니님! / 카사네 테토・오토마치 우나,11638086,4607
2026-07-23 09:00:34,승인해주세요 지니님! / 카사네 테토・오토마치 우나,11643392,5306
2026-07-23 10:00:30,승인해주세요 지니님! / 카사네 테토・오토마치 우나,11647365,3973
2026-07-23 11:00:33,승인해주세요 지니님! / 카사네 테토・오토마치 우나,11653258,5893
2026-07-23 12:00:32,승인해주세요 지니님! / 카사네 테토・오토마치 우나,11657737,4479
2026-07-23 13:00:30,승인해주세요 지니님! / 카사네 테토・오토마치 우나,11663938,6201
2026-07-23 14:00:35,승인해주세요 지니님! / 카사네 테토・오토마치 우나,11668778,4840
2026-07-23 15:00:33,승인해주세요 지니님! / 카사네 테토・오토마치 우나,11673699,4921
2026-07-23 16:00:35,승인해주세요 지니님! / 카사네 테토・오토마치 우나,11679922,6223
2026-07-23 17:00:34,승인해주세요 지니님! / 카사네 테토・오토마치 우나,11686325,6403
2026-07-23 18:00:35,승인해주세요 지니님! / 카사네 테토・오토마치 우나,11692346,6021
2026-07-23 19:00:36,승인해주세요 지니님! / 카사네 테토・오토마치 우나,11698500,6154
2026-07-23 20:00:33,승인해주세요 지니님! / 카사네 테토・오토마치 우나,11704366,5866
2026-07-23 21:00:34,승인해주세요 지니님! / 카사네 테토・오토마치 우나,11710882,6516
2026-07-23 22:00:38,승인해주세요 지니님! / 카사네 테토・오토마치 우나,11717037,6155
2026-07-23 23:00:35,승인해주세요 지니님! / 카사네 테토・오토마치 우나,11727164,10127
2026-07-24 00:00:43,승인해주세요 지니님! / 카사네 테토・오토마치 우나,11732997,5833
2026-07-24 01:00:31,승인해주세요 지니님! / 카사네 테토・오토마치 우나,11737874,4877
2026-07-24 02:00:46,승인해주세요 지니님! / 카사네 테토・오토마치 우나,11741743,3869
2026-07-24 03:00:33,승인해주세요 지니님! / 카사네 테토・오토마치 우나,11747372,5629
2026-07-24 04:00:31,승인해주세요 지니님! / 카사네 테토・오토마치 우나,11752242,4870
2026-07-24 05:00:33,승인해주세요 지니님! / 카사네 테토・오토마치 우나,11757140,4898
2026-07-24 06:00:35,승인해주세요 지니님! / 카사네 테토・오토마치 우나,11761031,3891
2026-07-24 07:00:33,승인해주세요 지니님! / 카사네 테토・오토마치 우나,11764558,3527
2026-07-24 08:00:31,승인해주세요 지니님! / 카사네 테토・오토마치 우나,11769566,5008
2026-07-24 09:00:36,승인해주세요 지니님! / 카사네 테토・오토마치 우나,11774624,5058
2026-07-24 10:00:31,승인해주세요 지니님! / 카사네 테토・오토마치 우나,11779515,4891
2026-07-24 11:00:34,승인해주세요 지니님! / 카사네 테토・오토마치 우나,11784886,5371
2026-07-24 12:00:46,승인해주세요 지니님! / 카사네 테토・오토마치 우나,11789833,4947
2026-07-24 13:00:37,승인해주세요 지니님! / 카사네 테토・오토마치 우나,11795270,5437
2026-07-24 14:00:33,승인해주세요 지니님! / 카사네 테토・오토마치 우나,11800725,5455
2026-07-24 15:00:37,승인해주세요 지니님! / 카사네 테토・오토마치 우나,11806419,5694
2026-07-24 16:00:31,승인해주세요 지니님! / 카사네 테토・오토마치 우나,11812412,5993
2026-07-24 17:00:36,승인해주세요 지니님! / 카사네 테토・오토마치 우나,11818422,6010
2026-07-24 18:01:01,승인해주세요 지니님! / 카사네 테토・오토마치 우나,11824144,5722
2026-07-24 19:00:39,승인해주세요 지니님! / 카사네 테토・오토마치 우나,11830919,6775
2026-07-24 20:00:35,승인해주세요 지니님! / 카사네 테토・오토마치 우나,11837622,6703
2026-07-24 21:00:33,승인해주세요 지니님! / 카사네 테토・오토마치 우나,11843912,6290
2026-07-24 22:00:32,승인해주세요 지니님! / 카사네 테토・오토마치 우나,11851036,7124
2026-07-24 23:00:49,승인해주세요 지니님! / 카사네 테토・오토마치 우나,11856049,5013
2026-07-25 00:00:37,승인해주세요 지니님! / 카사네 테토・오토마치 우나,11864456,8407
2026-07-25 01:00:37,승인해주세요 지니님! / 카사네 테토・오토마치 우나,11869567,5111
2026-07-25 02:00:35,승인해주세요 지니님! / 카사네 테토・오토마치 우나,11874982,5415
2026-07-25 03:00:35,승인해주세요 지니님! / 카사네 테토・오토마치 우나,11880105,5123
2026-07-25 04:00:32,승인해주세요 지니님! / 카사네 테토・오토마치 우나,11884151,4046
2026-07-25 05:00:35,승인해주세요 지니님! / 카사네 테토・오토마치 우나,11888680,4529
2026-07-25 06:00:30,승인해주세요 지니님! / 카사네 테토・오토마치 우나,11892007,3327
2026-07-25 07:00:36,승인해주세요 지니님! / 카사네 테토・오토마치 우나,11896141,4134
2026-07-25 08:00:34,승인해주세요 지니님! / 카사네 테토・오토마치 우나,11900379,4238
2026-07-25 09:00:40,승인해주세요 지니님! / 카사네 테토・오토마치 우나,11904851,4472
2026-07-25 10:00:31,승인해주세요 지니님! / 카사네 테토・오토마치 우나,11909752,4901
2026-07-25 11:00:32,승인해주세요 지니님! / 카사네 테토・오토마치 우나,11915841,6089
2026-07-25 12:00:43,승인해주세요 지니님! / 카사네 테토・오토마치 우나,11922102,6261
2026-07-25 13:00:38,승인해주세요 지니님! / 카사네 테토・오토마치 우나,11927620,5518
2026-07-25 14:00:36,승인해주세요 지니님! / 카사네 테토・오토마치 우나,11933325,5705
2026-07-25 15:00:29,승인해주세요 지니님! / 카사네 테토・오토마치 우나,11939002,5677
2026-07-25 16:00:38,승인해주세요 지니님! / 카사네 테토・오토마치 우나,11945255,6253
2026-07-25 17:00:31,승인해주세요 지니님! / 카사네 테토・오토마치 우나,11951343,6088
2026-07-25 18:00:35,승인해주세요 지니님! / 카사네 테토・오토마치 우나,11957960,6617
2026-07-25 19:00:35,승인해주세요 지니님! / 카사네 테토・오토마치 우나,11964090,6130
2026-07-25 20:00:34,승인해주세요 지니님! / 카사네 테토・오토마치 우나,11970425,6335
2026-07-25 21:00:31,승인해주세요 지니님! / 카사네 테토・오토마치 우나,11976212,5787
2026-07-25 22:00:37,승인해주세요 지니님! / 카사네 테토・오토마치 우나,11982581,6369
2026-07-25 23:00:34,승인해주세요 지니님! / 카사네 테토・오토마치 우나,11987473,4892
2026-07-26 00:00:36,승인해주세요 지니님! / 카사네 테토・오토마치 우나,11996335,8862
2026-07-26 01:00:29,승인해주세요 지니님! / 카사네 테토・오토마치 우나,12001846,5511
2026-07-26 02:00:32,승인해주세요 지니님! / 카사네 테토・오토마치 우나,12007426,5580
2026-07-26 03:00:29,승인해주세요 지니님! / 카사네 테토・오토마치 우나,12011645,4219
2026-07-26 04:00:33,승인해주세요 지니님! / 카사네 테토・오토마치 우나,12016804,5159
2026-07-26 05:00:29,승인해주세요 지니님! / 카사네 테토・오토마치 우나,12021114,4310
2026-07-26 06:00:33,승인해주세요 지니님! / 카사네 테토・오토마치 우나,12024596,3482
2026-07-26 07:00:35,승인해주세요 지니님! / 카사네 테토・오토마치 우나,12028550,3954
2026-07-26 08:00:34,승인해주세요 지니님! / 카사네 테토・오토마치 우나,12032280,3730
2026-07-26 09:00:33,승인해주세요 지니님! / 카사네 테토・오토마치 우나,12036413,4133
2026-07-26 10:00:31,승인해주세요 지니님! / 카사네 테토・오토마치 우나,12041402,4989
2026-07-26 11:01:30,승인해주세요 지니님! / 카사네 테토・오토마치 우나,12047540,6138
2026-07-26 12:00:30,승인해주세요 지니님! / 카사네 테토・오토마치 우나,12052720,5180
2026-07-26 13:00:32,승인해주세요 지니님! / 카사네 테토・오토마치 우나,12058496,5776
2026-07-26 14:00:34,승인해주세요 지니님! / 카사네 테토・오토마치 우나,12064536,6040
2026-07-26 15:00:30,승인해주세요 지니님! / 카사네 테토・오토마치 우나,12069865,5329
2026-07-26 16:00:33,승인해주세요 지니님! / 카사네 테토・오토마치 우나,12075016,5151
2026-07-26 17:00:32,승인해주세요 지니님! / 카사네 테토・오토마치 우나,12081859,6843
2026-07-26 18:00:33,승인해주세요 지니님! / 카사네 테토・오토마치 우나,12087165,5306
2026-07-26 19:00:34,승인해주세요 지니님! / 카사네 테토・오토마치 우나,12092478,5313
2026-07-26 20:00:33,승인해주세요 지니님! / 카사네 테토・오토마치 우나,12099507,7029
2026-07-26 21:00:32,승인해주세요 지니님! / 카사네 테토・오토마치 우나,12106090,6583
2026-07-26 22:00:42,승인해주세요 지니님! / 카사네 테토・오토마치 우나,12113202,7112
2026-07-26 23:00:32,승인해주세요 지니님! / 카사네 테토・오토마치 우나,12119182,5980
2026-07-27 00:00:36,승인해주세요 지니님! / 카사네 테토・오토마치 우나,12125099,5917
2026-07-27 01:00:35,승인해주세요 지니님! / 카사네 테토・오토마치 우나,12129953,4854
2026-07-27 02:00:30,승인해주세요 지니님! / 카사네 테토・오토마치 우나,12134798,4845
2026-07-27 03:00:30,승인해주세요 지니님! / 카사네 테토・오토마치 우나,12139049,4251
2026-07-27 04:00:47,승인해주세요 지니님! / 카사네 테토・오토마치 우나,12143339,4290
2026-07-27 05:00:30,승인해주세요 지니님! / 카사네 테토・오토마치 우나,12147464,4125
2026-07-27 06:00:35,승인해주세요 지니님! / 카사네 테토・오토마치 우나,12151274,3810
2026-07-27 07:00:34,승인해주세요 지니님! / 카사네 테토・오토마치 우나,12154876,3602
2026-07-27 08:00:35,승인해주세요 지니님! / 카사네 테토・오토마치 우나,12159549,4673
2026-07-27 09:00:34,승인해주세요 지니님! / 카사네 테토・오토마치 우나,12164117,4568
2026-07-27 10:00:30,승인해주세요 지니님! / 카사네 테토・오토마치 우나,12168861,4744
2026-07-27 11:00:31,승인해주세요 지니님! / 카사네 테토・오토마치 우나,12173466,4605
2026-07-27 12:00:33,승인해주세요 지니님! / 카사네 테토・오토마치 우나,12178643,5177
2026-07-27 13:00:28,승인해주세요 지니님! / 카사네 테토・오토마치 우나,12183374,4731
2026-07-27 14:00:35,승인해주세요 지니님! / 카사네 테토・오토마치 우나,12188791,5417
2026-07-27 15:00:33,승인해주세요 지니님! / 카사네 테토・오토마치 우나,12194140,5349
2026-07-27 16:00:30,승인해주세요 지니님! / 카사네 테토・오토마치 우나,12199663,5523
2026-07-27 17:00:34,승인해주세요 지니님! / 카사네 테토・오토마치 우나,12205335,5672
2026-07-27 18:00:31,승인해주세요 지니님! / 카사네 테토・오토마치 우나,12210683,5348
2026-07-27 19:00:34,승인해주세요 지니님! / 카사네 테토・오토마치 우나,12216666,5983
2026-07-27 20:00:55,승인해주세요 지니님! / 카사네 테토・오토마치 우나,12222426,5760
2026-07-27 21:00:33,승인해주세요 지니님! / 카사네 테토・오토마치 우나,12229336,6910
2026-07-27 22:00:34,승인해주세요 지니님! / 카사네 테토・오토마치 우나,12235958,6622
2026-07-27 23:00:33,승인해주세요 지니님! / 카사네 테토・오토마치 우나,12241042,5084
2026-07-28 00:00:41,승인해주세요 지니님! / 카사네 테토・오토마치 우나,12247150,6108
2026-07-28 01:00:33,승인해주세요 지니님! / 카사네 테토・오토마치 우나,12252254,5104
2026-07-28 02:00:34,승인해주세요 지니님! / 카사네 테토・오토마치 우나,12257241,4987
2026-07-28 03:00:31,승인해주세요 지니님! / 카사네 테토・오토마치 우나,12261710,4469
2026-07-28 04:00:39,승인해주세요 지니님! / 카사네 테토・오토마치 우나,12265628,3918
2026-07-28 05:00:34,승인해주세요 지니님! / 카사네 테토・오토마치 우나,12270001,4373
2026-07-28 06:00:33,승인해주세요 지니님! / 카사네 테토・오토마치 우나,12273361,3360
2026-07-28 07:00:36,승인해주세요 지니님! / 카사네 테토・오토마치 우나,12277528,4167
2026-07-28 08:00:30,승인해주세요 지니님! / 카사네 테토・오토마치 우나,12281927,4399
2026-07-28 09:00:32,승인해주세요 지니님! / 카사네 테토・오토마치 우나,12286272,4345
2026-07-28 10:00:34,승인해주세요 지니님! / 카사네 테토・오토마치 우나,12291374,5102
2026-07-28 11:00:37,승인해주세요 지니님! / 카사네 테토・오토마치 우나,12296243,4869
2026-07-28 12:00:30,승인해주세요 지니님! / 카사네 테토・오토마치 우나,12300116,3873
2026-07-28 13:00:38,승인해주세요 지니님! / 카사네 테토・오토마치 우나,12304950,4834
2026-07-28 14:00:40,승인해주세요 지니님! / 카사네 테토・오토마치 우나,12310640,5690
2026-07-28 15:00:36,승인해주세요 지니님! / 카사네 테토・오토마치 우나,12315285,4645
2026-07-28 16:00:33,승인해주세요 지니님! / 카사네 테토・오토마치 우나,12319672,4387
2026-07-28 17:00:32,승인해주세요 지니님! / 카사네 테토・오토마치 우나,12326786,7114
2026-07-28 18:00:36,승인해주세요 지니님! / 카사네 테토・오토마치 우나,12330785,3999
2026-07-28 19:00:55,승인해주세요 지니님! / 카사네 테토・오토마치 우나,12336084,5299
2026-07-28 20:00:38,승인해주세요 지니님! / 카사네 테토・오토마치 우나,12344413,8329
2026-07-28 21:00:35,승인해주세요 지니님! / 카사네 테토・오토마치 우나,12349917,5504
2026-07-28 22:00:33,승인해주세요 지니님! / 카사네 테토・오토마치 우나,12355939,6022
2026-07-28 23:00:42,승인해주세요 지니님! / 카사네 테토・오토마치 우나,12364268,8329
2026-07-29 00:00:30,승인해주세요 지니님! / 카사네 테토・오토마치 우나,12371427,7159
2026-07-29 01:00:33,승인해주세요 지니님! / 카사네 테토・오토마치 우나,12377878,6451
2026-07-29 02:00:32,승인해주세요 지니님! / 카사네 테토・오토마치 우나,12382448,4570
2026-07-29 03:00:37,승인해주세요 지니님! / 카사네 테토・오토마치 우나,12387860,5412
2026-07-29 04:00:37,승인해주세요 지니님! / 카사네 테토・오토마치 우나,12392267,4407
2026-07-29 05:00:40,승인해주세요 지니님! / 카사네 테토・오토마치 우나,12396158,3891
2026-07-29 06:00:34,승인해주세요 지니님! / 카사네 테토・오토마치 우나,12400532,4374
2026-07-29 07:00:34,승인해주세요 지니님! / 카사네 테토・오토마치 우나,12404157,3625
2026-07-29 07:33:32,승인해주세요 지니님! / 카사네 테토・오토마치 우나,12406304,2147
2026-07-29 08:00:42,승인해주세요 지니님! / 카사네 테토・오토마치 우나,12408855,2551
2026-07-29 09:00:33,승인해주세요 지니님! / 카사네 테토・오토마치 우나,12413157,4302
2026-07-29 10:00:38,승인해주세요 지니님! / 카사네 테토・오토마치 우나,12417963,4806
2026-07-29 11:00:33,승인해주세요 지니님! / 카사네 테토・오토마치 우나,12423109,5146
2026-07-29 12:00:37,승인해주세요 지니님! / 카사네 테토・오토마치 우나,12428412,5303
2026-07-29 13:00:45,승인해주세요 지니님! / 카사네 테토・오토마치 우나,12433967,5555
2026-07-29 14:00:35,승인해주세요 지니님! / 카사네 테토・오토마치 우나,12438693,4726
2026-07-29 15:00:32,승인해주세요 지니님! / 카사네 테토・오토마치 우나,12444867,6174
2026-07-29 16:00:34,승인해주세요 지니님! / 카사네 테토・오토마치 우나,12450129,5262
2026-07-29 17:00:35,승인해주세요 지니님! / 카사네 테토・오토마치 우나,12455620,5491
2026-07-29 18:00:35,승인해주세요 지니님! / 카사네 테토・오토마치 우나,12460861,5241
2026-07-29 19:00:45,승인해주세요 지니님! / 카사네 테토・오토마치 우나,12465859,4998
2026-07-29 20:00:43,승인해주세요 지니님! / 카사네 테토・오토마치 우나,12470978,5119
2026-07-29 21:00:34,승인해주세요 지니님! / 카사네 테토・오토마치 우나,12479057,8079
2026-07-29 22:16:53,승인해주세요 지니님! / 카사네 테토・오토마치 우나,12487884,8827
2026-07-29 23:00:37,승인해주세요 지니님! / 카사네 테토・오토마치 우나,12492625,4741
2026-07-30 00:00:51,승인해주세요 지니님! / 카사네 테토・오토마치 우나,12498635,6010
2026-07-30 01:00:38,승인해주세요 지니님! / 카사네 테토・오토마치 우나,12502285,3650
2026-07-30 02:00:40,승인해주세요 지니님! / 카사네 테토・오토마치 우나,12507849,5564
2026-07-30 03:00:33,승인해주세요 지니님! / 카사네 테토・오토마치 우나,12513447,5598
2026-07-30 04:00:34,승인해주세요 지니님! / 카사네 테토・오토마치 우나,12517516,4069
2026-07-30 05:00:35,승인해주세요 지니님! / 카사네 테토・오토마치 우나,12521726,4210
2026-07-30 06:00:32,승인해주세요 지니님! / 카사네 테토・오토마치 우나,12525530,3804
2026-07-30 07:00:36,승인해주세요 지니님! / 카사네 테토・오토마치 우나,12529060,3530
2026-07-30 08:00:30,승인해주세요 지니님! / 카사네 테토・오토마치 우나,12532855,3795
2026-07-30 09:00:32,승인해주세요 지니님! / 카사네 테토・오토마치 우나,12537498,4643
2026-07-30 10:00:34,승인해주세요 지니님! / 카사네 테토・오토마치 우나,12542514,5016
2026-07-30 11:00:33,승인해주세요 지니님! / 카사네 테토・오토마치 우나,12546555,4041
2026-07-30 12:00:29,승인해주세요 지니님! / 카사네 테토・오토마치 우나,12550809,4254
2026-07-30 13:00:33,승인해주세요 지니님! / 카사네 테토・오토마치 우나,12556029,5220
2026-07-30 14:00:32,승인해주세요 지니님! / 카사네 테토・오토마치 우나,12561647,5618
2026-07-30 15:00:45,승인해주세요 지니님! / 카사네 테토・오토마치 우나,12566761,5114
2026-07-30 16:00:35,승인해주세요 지니님! / 카사네 테토・오토마치 우나,12572497,5736
2026-07-30 17:00:32,승인해주세요 지니님! / 카사네 테토・오토마치 우나,12578205,5708
2026-07-30 18:00:40,승인해주세요 지니님! / 카사네 테토・오토마치 우나,12583673,5468
2026-07-30 19:00:39,승인해주세요 지니님! / 카사네 테토・오토마치 우나,12589488,5815
2026-07-30 20:00:38,승인해주세요 지니님! / 카사네 테토・오토마치 우나,12595324,5836
2026-07-30 21:00:36,승인해주세요 지니님! / 카사네 테토・오토마치 우나,12600537,5213
2026-07-30 22:00:34,승인해주세요 지니님! / 카사네 테토・오토마치 우나,12606221,5684
2026-07-30 23:00:36,승인해주세요 지니님! / 카사네 테토・오토마치 우나,12612614,6393
2026-07-31 00:00:34,승인해주세요 지니님! / 카사네 테토・오토마치 우나,12618624,6010
2026-07-31 01:00:37,승인해주세요 지니님! / 카사네 테토・오토마치 우나,12623618,4994
2026-07-31 02:00:40,승인해주세요 지니님! / 카사네 테토・오토마치 우나,12627438,3820
2026-07-31 03:00:32,승인해주세요 지니님! / 카사네 테토・오토마치 우나,12634508,7070
2026-07-31 04:00:32,승인해주세요 지니님! / 카사네 테토・오토마치 우나,12639078,4570
2026-07-31 05:00:29,승인해주세요 지니님! / 카사네 테토・오토마치 우나,12643393,4315
2026-07-31 06:00:35,승인해주세요 지니님! / 카사네 테토・오토마치 우나,12647346,3953
2026-07-31 07:00:33,승인해주세요 지니님! / 카사네 테토・오토마치 우나,12651094,3748
2026-07-31 08:00:29,승인해주세요 지니님! / 카사네 테토・오토마치 우나,12655008,3914
2026-07-31 09:00:38,승인해주세요 지니님! / 카사네 테토・오토마치 우나,12659778,4770
2026-07-31 10:00:33,승인해주세요 지니님! / 카사네 테토・오토마치 우나,12664553,4775
2026-07-31 11:00:36,승인해주세요 지니님! / 카사네 테토・오토마치 우나,12669670,5117
2026-07-31 12:00:29,승인해주세요 지니님! / 카사네 테토・오토마치 우나,12675326,5656
2026-07-31 13:00:31,승인해주세요 지니님! / 카사네 테토・오토마치 우나,12680289,4963
2026-07-31 14:00:33,승인해주세요 지니님! / 카사네 테토・오토마치 우나,12685833,5544
2026-07-31 15:00:34,승인해주세요 지니님! / 카사네 테토・오토마치 우나,12691405,5572
2026-07-31 16:00:33,승인해주세요 지니님! / 카사네 테토・오토마치 우나,12697082,5677
2026-07-31 17:00:34,승인해주세요 지니님! / 카사네 테토・오토마치 우나,12702636,5554
2026-07-31 18:00:34,승인해주세요 지니님! / 카사네 테토・오토마치 우나,12708289,5653
2026-07-31 19:00:33,승인해주세요 지니님! / 카사네 테토・오토마치 우나,12712766,4477
2026-07-31 20:00:42,승인해주세요 지니님! / 카사네 테토・오토마치 우나,12719414,6648
2026-07-31 21:00:36,승인해주세요 지니님! / 카사네 테토・오토마치 우나,12727764,8350
2026-07-31 22:00:32,승인해주세요 지니님! / 카사네 테토・오토마치 우나,12734695,6931
2026-07-31 23:00:35,승인해주세요 지니님! / 카사네 테토・오토마치 우나,12741526,6831
2026-08-01 00:00:38,승인해주세요 지니님! / 카사네 테토・오토마치 우나,12745441,3915
2026-08-01 01:00:38,승인해주세요 지니님! / 카사네 테토・오토마치 우나,12754078,8637
2026-08-01 02:00:37,승인해주세요 지니님! / 카사네 테토・오토마치 우나,12759071,4993
2026-08-01 03:00:41,승인해주세요 지니님! / 카사네 테토・오토마치 우나,12764543,5472
2026-08-01 04:00:36,승인해주세요 지니님! / 카사네 테토・오토마치 우나,12768989,4446
2026-08-01 05:00:41,승인해주세요 지니님! / 카사네 테토・오토마치 우나,12773735,4746
2026-08-01 06:00:33,승인해주세요 지니님! / 카사네 테토・오토마치 우나,12776909,3174
2026-08-01 07:00:38,승인해주세요 지니님! / 카사네 테토・오토마치 우나,12781270,4361
2026-08-01 08:00:30,승인해주세요 지니님! / 카사네 테토・오토마치 우나,12785027,3757
2026-08-01 09:00:34,승인해주세요 지니님! / 카사네 테토・오토마치 우나,12790307,5280
2026-08-01 10:00:34,승인해주세요 지니님! / 카사네 테토・오토마치 우나,12795954,5647
2026-08-01 11:00:39,승인해주세요 지니님! / 카사네 테토・오토마치 우나,12800879,4925
2026-08-01 12:00:38,승인해주세요 지니님! / 카사네 테토・오토마치 우나,12807118,6239
2026-08-01 13:00:44,승인해주세요 지니님! / 카사네 테토・오토마치 우나,12812918,5800
2026-08-01 14:00:40,승인해주세요 지니님! / 카사네 테토・오토마치 우나,12818060,5142
2026-08-01 15:00:39,승인해주세요 지니님! / 카사네 테토・오토마치 우나,12823519,5459
2026-08-01 16:00:39,승인해주세요 지니님! / 카사네 테토・오토마치 우나,12827799,4280
2026-08-01 17:00:28,승인해주세요 지니님! / 카사네 테토・오토마치 우나,12835562,7763
2026-08-01 18:00:32,승인해주세요 지니님! / 카사네 테토・오토마치 우나,12839951,4389
2026-08-01 19:00:37,승인해주세요 지니님! / 카사네 테토・오토마치 우나,12844828,4877
2026-08-01 20:00:34,승인해주세요 지니님! / 카사네 테토・오토마치 우나,12852263,7435
2026-08-01 21:00:41,승인해주세요 지니님! / 카사네 테토・오토마치 우나,12857212,4949
2026-08-01 22:00:32,승인해주세요 지니님! / 카사네 테토・오토마치 우나,12866134,8922
2026-08-01 23:00:41,승인해주세요 지니님! / 카사네 테토・오토마치 우나,12872455,6321
2026-08-02 00:00:34,승인해주세요 지니님! / 카사네 테토・오토마치 우나,12878762,6307
2026-08-02 01:00:28,승인해주세요 지니님! / 카사네 테토・오토마치 우나,12885019,6257
2026-08-02 02:00:33,승인해주세요 지니님! / 카사네 테토・오토마치 우나,12889753,4734
2026-08-02 03:00:35,승인해주세요 지니님! / 카사네 테토・오토마치 우나,12896036,6283
2026-08-02 04:01:26,승인해주세요 지니님! / 카사네 테토・오토마치 우나,12900300,4264
2026-08-02 05:00:37,승인해주세요 지니님! / 카사네 테토・오토마치 우나,12903975,3675
2026-08-02 06:00:30,승인해주세요 지니님! / 카사네 테토・오토마치 우나,12908521,4546
2026-08-02 07:00:30,승인해주세요 지니님! / 카사네 테토・오토마치 우나,12911436,2915
2026-08-02 08:00:34,승인해주세요 지니님! / 카사네 테토・오토마치 우나,12914527,3091
2026-08-02 09:00:33,승인해주세요 지니님! / 카사네 테토・오토마치 우나,12918894,4367
2026-08-02 10:00:34,승인해주세요 지니님! / 카사네 테토・오토마치 우나,12922575,3681
2026-08-02 11:00:37,승인해주세요 지니님! / 카사네 테토・오토마치 우나,12927789,5214
2026-08-02 12:00:33,승인해주세요 지니님! / 카사네 테토・오토마치 우나,12933670,5881
2026-08-02 13:00:34,승인해주세요 지니님! / 카사네 테토・오토마치 우나,12938941,5271
2026-08-02 14:00:31,승인해주세요 지니님! / 카사네 테토・오토마치 우나,12944217,5276
2026-08-02 15:00:33,승인해주세요 지니님! / 카사네 테토・오토마치 우나,12949757,5540
2026-08-02 16:00:31,승인해주세요 지니님! / 카사네 테토・오토마치 우나,12955407,5650
2026-08-02 17:00:31,승인해주세요 지니님! / 카사네 테토・오토마치 우나,12963107,7700
2026-08-02 18:00:32,승인해주세요 지니님! / 카사네 테토・오토마치 우나,12967400,4293
2026-08-02 19:00:33,승인해주세요 지니님! / 카사네 테토・오토마치 우나,12971900,4500
2026-08-02 20:00:35,승인해주세요 지니님! / 카사네 테토・오토마치 우나,12978352,6452
2026-08-02 21:00:32,승인해주세요 지니님! / 카사네 테토・오토마치 우나,12983072,4720
2026-08-02 22:00:40,승인해주세요 지니님! / 카사네 테토・오토마치 우나,12989422,6350
2026-08-02 23:00:36,승인해주세요 지니님! / 카사네 테토・오토마치 우나,12995683,6261
2026-08-03 00:00:31,승인해주세요 지니님! / 카사네 테토・오토마치 우나,13000686,5003
2026-08-03 01:00:31,승인해주세요 지니님! / 카사네 테토・오토마치 우나,13005999,5313
2026-08-03 02:00:33,승인해주세요 지니님! / 카사네 테토・오토마치 우나,13010991,4992
2026-08-03 03:00:35,승인해주세요 지니님! / 카사네 테토・오토마치 우나,13016051,5060
2026-08-03 04:00:37,승인해주세요 지니님! / 카사네 테토・오토마치 우나,13020338,4287
2026-08-03 05:00:30,승인해주세요 지니님! / 카사네 테토・오토마치 우나,13025000,4662
2026-08-03 06:00:28,승인해주세요 지니님! / 카사네 테토・오토마치 우나,13028897,3897
2026-08-03 07:00:35,승인해주세요 지니님! / 카사네 테토・오토마치 우나,13032586,3689
2026-08-03 08:00:32,승인해주세요 지니님! / 카사네 테토・오토마치 우나,13036401,3815
2026-08-03 09:00:31,승인해주세요 지니님! / 카사네 테토・오토마치 우나,13041074,4673
2026-08-03 10:00:34,승인해주세요 지니님! / 카사네 테토・오토마치 우나,13045755,4681
2026-08-03 11:00:33,승인해주세요 지니님! / 카사네 테토・오토마치 우나,13050485,4730
2026-08-03 12:00:32,승인해주세요 지니님! / 카사네 테토・오토마치 우나,13054888,4403
2026-08-03 13:00:31,승인해주세요 지니님! / 카사네 테토・오토마치 우나,13059990,5102
2026-08-03 14:00:29,승인해주세요 지니님! / 카사네 테토・오토마치 우나,13064899,4909
2026-08-03 15:01:03,승인해주세요 지니님! / 카사네 테토・오토마치 우나,13069831,4932
2026-08-03 16:00:35,승인해주세요 지니님! / 카사네 테토・오토마치 우나,13074660,4829
2026-08-03 17:00:36,승인해주세요 지니님! / 카사네 테토・오토마치 우나,13082368,7708
2026-08-03 18:00:40,승인해주세요 지니님! / 카사네 테토・오토마치 우나,13084973,2605
2026-08-03 19:00:34,승인해주세요 지니님! / 카사네 테토・오토마치 우나,13089994,5021
2026-08-03 20:00:47,승인해주세요 지니님! / 카사네 테토・오토마치 우나,13096328,6334
2026-08-03 21:00:42,승인해주세요 지니님! / 카사네 테토・오토마치 우나,13102150,5822
2026-08-03 22:00:39,승인해주세요 지니님! / 카사네 테토・오토마치 우나,13108529,6379
2026-08-03 23:00:35,승인해주세요 지니님! / 카사네 테토・오토마치 우나,13114895,6366
2026-08-04 00:00:35,승인해주세요 지니님! / 카사네 테토・오토마치 우나,13120716,5821
2026-08-04 01:00:38,승인해주세요 지니님! / 카사네 테토・오토마치 우나,13126548,5832
2026-08-04 02:00:34,승인해주세요 지니님! / 카사네 테토・오토마치 우나,13131541,4993
2026-08-04 03:00:39,승인해주세요 지니님! / 카사네 테토・오토마치 우나,13136538,4997
2026-08-04 04:00:38,승인해주세요 지니님! / 카사네 테토・오토마치 우나,13140642,4104
2026-08-04 05:00:39,승인해주세요 지니님! / 카사네 테토・오토마치 우나,13144788,4146
2026-08-04 06:00:46,승인해주세요 지니님! / 카사네 테토・오토마치 우나,13148838,4050
2026-08-04 07:00:34,승인해주세요 지니님! / 카사네 테토・오토마치 우나,13152730,3892
2026-08-04 08:00:34,승인해주세요 지니님! / 카사네 테토・오토마치 우나,13156638,3908
2026-08-04 09:00:33,승인해주세요 지니님! / 카사네 테토・오토마치 우나,13160742,4104
2026-08-04 10:00:32,승인해주세요 지니님! / 카사네 테토・오토마치 우나,13165272,4530
2026-08-04 11:00:37,승인해주세요 지니님! / 카사네 테토・오토마치 우나,13169867,4595
2026-08-04 12:00:41,승인해주세요 지니님! / 카사네 테토・오토마치 우나,13174396,4529
2026-08-04 13:00:38,승인해주세요 지니님! / 카사네 테토・오토마치 우나,13179154,4758
2026-08-04 14:00:31,승인해주세요 지니님! / 카사네 테토・오토마치 우나,13183718,4564
2026-08-04 15:00:35,승인해주세요 지니님! / 카사네 테토・오토마치 우나,13188237,4519
2026-08-04 16:00:40,승인해주세요 지니님! / 카사네 테토・오토마치 우나,13193168,4931
2026-08-04 17:00:49,승인해주세요 지니님! / 카사네 테토・오토마치 우나,13200027,6859
2026-08-04 18:00:36,승인해주세요 지니님! / 카사네 테토・오토마치 우나,13203300,3273
2026-08-04 19:00:44,승인해주세요 지니님! / 카사네 테토・오토마치 우나,13207423,4123
2026-08-04 20:00:41,승인해주세요 지니님! / 카사네 테토・오토마치 우나,13213826,6403
2026-08-04 21:00:39,승인해주세요 지니님! / 카사네 테토・오토마치 우나,13219914,6088
2026-08-04 22:00:43,승인해주세요 지니님! / 카사네 테토・오토마치 우나,13225829,5915
2026-08-04 23:00:40,승인해주세요 지니님! / 카사네 테토・오토마치 우나,13231868,6039
2026-08-05 00:00:42,승인해주세요 지니님! / 카사네 테토・오토마치 우나,13237710,5842
2026-08-05 01:00:35,승인해주세요 지니님! / 카사네 테토・오토마치 우나,13242987,5277
2026-08-05 02:00:43,승인해주세요 지니님! / 카사네 테토・오토마치 우나,13247475,4488
2026-08-05 03:00:35,승인해주세요 지니님! / 카사네 테토・오토마치 우나,13252311,4836
2026-08-05 04:00:38,승인해주세요 지니님! / 카사네 테토・오토마치 우나,13257043,4732
2026-08-05 05:00:38,승인해주세요 지니님! / 카사네 테토・오토마치 우나,13260901,3858
2026-08-05 06:00:34,승인해주세요 지니님! / 카사네 테토・오토마치 우나,13263026,2125
2026-08-05 07:00:40,승인해주세요 지니님! / 카사네 테토・오토마치 우나,13266602,3576
2026-08-05 08:00:32,승인해주세요 지니님! / 카사네 테토・오토마치 우나,13270264,3662
2026-08-05 09:00:33,승인해주세요 지니님! / 카사네 테토・오토마치 우나,13274618,4354
2026-08-05 10:00:37,승인해주세요 지니님! / 카사네 테토・오토마치 우나,13278888,4270
2026-08-05 11:00:42,승인해주세요 지니님! / 카사네 테토・오토마치 우나,13283335,4447
2026-08-05 12:00:34,승인해주세요 지니님! / 카사네 테토・오토마치 우나,13287657,4322
2026-08-05 13:00:34,승인해주세요 지니님! / 카사네 테토・오토마치 우나,13292478,4821
2026-08-05 14:00:40,승인해주세요 지니님! / 카사네 테토・오토마치 우나,13296691,4213
2026-08-05 15:00:35,승인해주세요 지니님! / 카사네 테토・오토마치 우나,13300925,4234
2026-08-05 16:00:34,승인해주세요 지니님! / 카사네 테토・오토마치 우나,13306278,5353
2026-08-05 17:00:38,승인해주세요 지니님! / 카사네 테토・오토마치 우나,13312849,6571
2026-08-05 18:00:36,승인해주세요 지니님! / 카사네 테토・오토마치 우나,13316690,3841
2026-08-05 19:00:35,승인해주세요 지니님! / 카사네 테토・오토마치 우나,13320651,3961
2026-08-05 20:00:36,승인해주세요 지니님! / 카사네 테토・오토마치 우나,13326077,5426
2026-08-05 21:00:41,승인해주세요 지니님! / 카사네 테토・오토마치 우나,13331810,5733
2026-08-05 22:00:42,승인해주세요 지니님! / 카사네 테토・오토마치 우나,13337149,5339
2026-08-05 23:00:35,승인해주세요 지니님! / 카사네 테토・오토마치 우나,13342657,5508
2026-08-06 00:00:42,승인해주세요 지니님! / 카사네 테토・오토마치 우나,13348202,5545
2026-08-06 01:00:43,승인해주세요 지니님! / 카사네 테토・오토마치 우나,13353211,5009
2026-08-06 02:00:38,승인해주세요 지니님! / 카사네 테토・오토마치 우나,13357832,4621
2026-08-06 03:00:35,승인해주세요 지니님! / 카사네 테토・오토마치 우나,13361885,4053
2026-08-06 04:00:38,승인해주세요 지니님! / 카사네 테토・오토마치 우나,13366101,4216
2026-08-06 05:00:34,승인해주세요 지니님! / 카사네 테토・오토마치 우나,13369902,3801
2026-08-06 06:00:42,승인해주세요 지니님! / 카사네 테토・오토마치 우나,13373047,3145
2026-08-06 07:00:39,승인해주세요 지니님! / 카사네 테토・오토마치 우나,13376802,3755
2026-08-06 08:00:32,승인해주세요 지니님! / 카사네 테토・오토마치 우나,13380396,3594
2026-08-06 09:00:30,승인해주세요 지니님! / 카사네 테토・오토마치 우나,13384569,4173
2026-08-06 10:00:35,승인해주세요 지니님! / 카사네 테토・오토마치 우나,13388974,4405
2026-08-06 11:00:34,승인해주세요 지니님! / 카사네 테토・오토마치 우나,13392748,3774
2026-08-06 12:00:32,승인해주세요 지니님! / 카사네 테토・오토마치 우나,13397222,4474
2026-08-06 13:00:34,승인해주세요 지니님! / 카사네 테토・오토마치 우나,13401733,4511
2026-08-06 14:00:33,승인해주세요 지니님! / 카사네 테토・오토마치 우나,13406468,4735
2026-08-06 15:00:39,승인해주세요 지니님! / 카사네 테토・오토마치 우나,13410340,3872
2026-08-06 16:00:47,승인해주세요 지니님! / 카사네 테토・오토마치 우나,13414878,4538
2026-08-06 17:00:36,승인해주세요 지니님! / 카사네 테토・오토마치 우나,13421284,6406
2026-08-06 18:00:37,승인해주세요 지니님! / 카사네 테토・오토마치 우나,13424440,3156
2026-08-06 19:00:38,승인해주세요 지니님! / 카사네 테토・오토마치 우나,13429116,4676
2026-08-06 20:00:40,승인해주세요 지니님! / 카사네 테토・오토마치 우나,13433895,4779
2026-08-06 21:00:47,승인해주세요 지니님! / 카사네 테토・오토마치 우나,13440202,6307
2026-08-06 22:00:43,승인해주세요 지니님! / 카사네 테토・오토마치 우나,13445848,5646
2026-08-07 00:05:18,승인해주세요 지니님! / 카사네 테토・오토마치 우나,13457923,12075
2026-08-07 06:14:50,승인해주세요 지니님! / 카사네 테토・오토마치 우나,13481917,23994
2026-08-07 07:00:44,승인해주세요 지니님! / 카사네 테토・오토마치 우나,13484915,2998
2026-08-07 08:00:42,승인해주세요 지니님! / 카사네 테토・오토마치 우나,13489004,4089
2026-08-07 09:00:34,승인해주세요 지니님! / 카사네 테토・오토마치 우나,13493163,4159
2026-08-07 10:00:36,승인해주세요 지니님! / 카사네 테토・오토마치 우나,13497712,4549
2026-08-07 11:00:33,승인해주세요 지니님! / 카사네 테토・오토마치 우나,13501991,4279
2026-08-07 12:00:34,승인해주세요 지니님! / 카사네 테토・오토마치 우나,13507059,5068
2026-08-07 13:00:36,승인해주세요 지니님! / 카사네 테토・오토마치 우나,13509500,2441
2026-08-07 14:00:39,승인해주세요 지니님! / 카사네 테토・오토마치 우나,13516150,6650
2026-08-07 15:00:38,승인해주세요 지니님! / 카사네 테토・오토마치 우나,13523048,6898
2026-08-07 16:00:39,승인해주세요 지니님! / 카사네 테토・오토마치 우나,13528629,5581
2026-08-07 17:00:39,승인해주세요 지니님! / 카사네 테토・오토마치 우나,13533438,4809
2026-08-07 18:00:34,승인해주세요 지니님! / 카사네 테토・오토마치 우나,13538134,4696
2026-08-07 19:00:35,승인해주세요 지니님! / 카사네 테토・오토마치 우나,13544319,6185
2026-08-07 20:00:36,승인해주세요 지니님! / 카사네 테토・오토마치 우나,13549650,5331
2026-08-07 21:00:32,승인해주세요 지니님! / 카사네 테토・오토마치 우나,13554642,4992
2026-08-07 22:00:45,승인해주세요 지니님! / 카사네 테토・오토마치 우나,13560350,5708
2026-08-07 23:00:43,승인해주세요 지니님! / 카사네 테토・오토마치 우나,13565288,4938
2026-08-08 00:00:43,승인해주세요 지니님! / 카사네 테토・오토마치 우나,13570940,5652
2026-08-08 01:00:38,승인해주세요 지니님! / 카사네 테토・오토마치 우나,13577688,6748
2026-08-08 02:00:39,승인해주세요 지니님! / 카사네 테토・오토마치 우나,13583239,5551
2026-08-08 03:00:51,승인해주세요 지니님! / 카사네 테토・오토마치 우나,13586644,3405
2026-08-08 04:00:36,승인해주세요 지니님! / 카사네 테토・오토마치 우나,13591121,4477
2026-08-08 05:00:38,승인해주세요 지니님! / 카사네 테토・오토마치 우나,13594832,3711
2026-08-08 06:00:42,승인해주세요 지니님! / 카사네 테토・오토마치 우나,13598255,3423
2026-08-08 07:00:36,승인해주세요 지니님! / 카사네 테토・오토마치 우나,13601643,3388
2026-08-08 08:00:39,승인해주세요 지니님! / 카사네 테토・오토마치 우나,13605022,3379
2026-08-08 09:00:35,승인해주세요 지니님! / 카사네 테토・오토마치 우나,13609090,4068
2026-08-08 10:00:32,승인해주세요 지니님! / 카사네 테토・오토마치 우나,13613803,4713
2026-08-08 11:00:39,승인해주세요 지니님! / 카사네 테토・오토마치 우나,13618736,4933
2026-08-08 12:00:34,승인해주세요 지니님! / 카사네 테토・오토마치 우나,13624098,5362
2026-08-08 13:00:30,승인해주세요 지니님! / 카사네 테토・오토마치 우나,13629356,5258
2026-08-08 14:00:40,승인해주세요 지니님! / 카사네 테토・오토마치 우나,13633780,4424
2026-08-08 15:00:31,승인해주세요 지니님! / 카사네 테토・오토마치 우나,13638465,4685
2026-08-08 16:00:33,승인해주세요 지니님! / 카사네 테토・오토마치 우나,13643604,5139
2026-08-08 17:00:30,승인해주세요 지니님! / 카사네 테토・오토마치 우나,13648237,4633
2026-08-08 18:00:33,승인해주세요 지니님! / 카사네 테토・오토마치 우나,13653475,5238
2026-08-08 19:00:39,승인해주세요 지니님! / 카사네 테토・오토마치 우나,13658124,4649
2026-08-08 20:00:38,승인해주세요 지니님! / 카사네 테토・오토마치 우나,13662938,4814
2026-08-08 21:00:33,승인해주세요 지니님! / 카사네 테토・오토마치 우나,13667911,4973
2026-08-08 22:00:33,승인해주세요 지니님! / 카사네 테토・오토마치 우나,13674165,6254
2026-08-08 23:00:34,승인해주세요 지니님! / 카사네 테토・오토마치 우나,13679416,5251
2026-08-09 00:00:30,승인해주세요 지니님! / 카사네 테토・오토마치 우나,13685078,5662
2026-08-09 01:00:37,승인해주세요 지니님! / 카사네 테토・오토마치 우나,13689680,4602
2026-08-09 02:00:38,승인해주세요 지니님! / 카사네 테토・오토마치 우나,13694675,4995
2026-08-09 03:00:31,승인해주세요 지니님! / 카사네 테토・오토마치 우나,13699087,4412
2026-08-09 04:00:33,승인해주세요 지니님! / 카사네 테토・오토마치 우나,13703090,4003
2026-08-09 05:00:29,승인해주세요 지니님! / 카사네 테토・오토마치 우나,13706913,3823
2026-08-09 06:00:37,승인해주세요 지니님! / 카사네 테토・오토마치 우나,13710113,3200
2026-08-09 07:00:37,승인해주세요 지니님! / 카사네 테토・오토마치 우나,13713182,3069
2026-08-09 08:00:30,승인해주세요 지니님! / 카사네 테토・오토마치 우나,13717093,3911
2026-08-09 09:00:38,승인해주세요 지니님! / 카사네 테토・오토마치 우나,13720988,3895
2026-08-09 10:00:33,승인해주세요 지니님! / 카사네 테토・오토마치 우나,13725381,4393
2026-08-09 11:00:35,승인해주세요 지니님! / 카사네 테토・오토마치 우나,13729832,4451
2026-08-09 12:00:29,승인해주세요 지니님! / 카사네 테토・오토마치 우나,13734366,4534
2026-08-09 13:00:31,승인해주세요 지니님! / 카사네 테토・오토마치 우나,13739576,5210
2026-08-09 14:00:31,승인해주세요 지니님! / 카사네 테토・오토마치 우나,13744672,5096
2026-08-09 15:00:30,승인해주세요 지니님! / 카사네 테토・오토마치 우나,13749347,4675
2026-08-09 16:00:34,승인해주세요 지니님! / 카사네 테토・오토마치 우나,13753954,4607
2026-08-09 17:00:34,승인해주세요 지니님! / 카사네 테토・오토마치 우나,13759199,5245
2026-08-09 18:00:39,승인해주세요 지니님! / 카사네 테토・오토마치 우나,13763894,4695
2026-08-09 19:00:32,승인해주세요 지니님! / 카사네 테토・오토마치 우나,13768210,4316
2026-08-09 20:00:31,승인해주세요 지니님! / 카사네 테토・오토마치 우나,13773015,4805
2026-08-09 21:00:34,승인해주세요 지니님! / 카사네 테토・오토마치 우나,13778536,5521
2026-08-09 22:00:32,승인해주세요 지니님! / 카사네 테토・오토마치 우나,13783777,5241
2026-08-09 23:00:32,승인해주세요 지니님! / 카사네 테토・오토마치 우나,13789283,5506
2026-08-10 00:00:33,승인해주세요 지니님! / 카사네 테토・오토마치 우나,13793691,4408
2026-08-10 01:00:31,승인해주세요 지니님! / 카사네 테토・오토마치 우나,13798177,4486
2026-08-10 02:00:34,승인해주세요 지니님! / 카사네 테토・오토마치 우나,13802143,3966
2026-08-10 03:00:40,승인해주세요 지니님! / 카사네 테토・오토마치 우나,13806597,4454
2026-08-10 04:00:33,승인해주세요 지니님! / 카사네 테토・오토마치 우나,13810296,3699
2026-08-10 05:00:32,승인해주세요 지니님! / 카사네 테토・오토마치 우나,13813630,3334
2026-08-10 06:00:36,승인해주세요 지니님! / 카사네 테토・오토마치 우나,13817157,3527
2026-08-10 07:00:29,승인해주세요 지니님! / 카사네 테토・오토마치 우나,13820143,2986
2026-08-10 08:00:32,승인해주세요 지니님! / 카사네 테토・오토마치 우나,13823254,3111
2026-08-10 09:00:32,승인해주세요 지니님! / 카사네 테토・오토마치 우나,13827622,4368
2026-08-10 10:00:31,승인해주세요 지니님! / 카사네 테토・오토마치 우나,13831706,4084
2026-08-10 11:00:30,승인해주세요 지니님! / 카사네 테토・오토마치 우나,13836269,4563
2026-08-10 12:00:32,승인해주세요 지니님! / 카사네 테토・오토마치 우나,13840581,4312
2026-08-10 13:00:31,승인해주세요 지니님! / 카사네 테토・오토마치 우나,13845046,4465
2026-08-10 14:00:34,승인해주세요 지니님! / 카사네 테토・오토마치 우나,13849196,4150
2026-08-10 15:00:31,승인해주세요 지니님! / 카사네 테토・오토마치 우나,13853785,4589
2026-08-10 16:00:41,승인해주세요 지니님! / 카사네 테토・오토마치 우나,13858382,4597
2026-08-10 17:00:32,승인해주세요 지니님! / 카사네 테토・오토마치 우나,13862960,4578
2026-08-10 18:00:32,승인해주세요 지니님! / 카사네 테토・오토마치 우나,13867979,5019
2026-08-10 19:00:37,승인해주세요 지니님! / 카사네 테토・오토마치 우나,13872702,4723
2026-08-10 20:00:37,승인해주세요 지니님! / 카사네 테토・오토마치 우나,13877827,5125
2026-08-10 21:00:38,승인해주세요 지니님! / 카사네 테토・오토마치 우나,13882543,4716
2026-08-10 22:00:37,승인해주세요 지니님! / 카사네 테토・오토마치 우나,13889283,6740
2026-08-10 23:00:35,승인해주세요 지니님! / 카사네 테토・오토마치 우나,13894198,4915
2026-08-11 00:00:34,승인해주세요 지니님! / 카사네 테토・오토마치 우나,13899412,5214
2026-08-11 01:00:37,승인해주세요 지니님! / 카사네 테토・오토마치 우나,13904081,4669
2026-08-11 02:00:33,승인해주세요 지니님! / 카사네 테토・오토마치 우나,13908129,4048
2026-08-11 03:00:34,승인해주세요 지니님! / 카사네 테토・오토마치 우나,13912311,4182
2026-08-11 04:00:36,승인해주세요 지니님! / 카사네 테토・오토마치 우나,13915697,3386
2026-08-11 05:00:34,승인해주세요 지니님! / 카사네 테토・오토마치 우나,13919279,3582
2026-08-11 06:00:37,승인해주세요 지니님! / 카사네 테토・오토마치 우나,13923138,3859
2026-08-11 07:00:37,승인해주세요 지니님! / 카사네 테토・오토마치 우나,13926437,3299
2026-08-11 08:00:34,승인해주세요 지니님! / 카사네 테토・오토마치 우나,13930143,3706
2026-08-11 09:00:34,승인해주세요 지니님! / 카사네 테토・오토마치 우나,13934408,4265
2026-08-11 10:00:36,승인해주세요 지니님! / 카사네 테토・오토마치 우나,13938903,4495
2026-08-11 11:00:31,승인해주세요 지니님! / 카사네 테토・오토마치 우나,13942957,4054
2026-08-11 12:00:33,승인해주세요 지니님! / 카사네 테토・오토마치 우나,13947599,4642
2026-08-11 13:00:33,승인해주세요 지니님! / 카사네 테토・오토마치 우나,13951358,3759
2026-08-11 14:00:38,승인해주세요 지니님! / 카사네 테토・오토마치 우나,13955881,4523
2026-08-11 15:00:31,승인해주세요 지니님! / 카사네 테토・오토마치 우나,13960044,4163
2026-08-11 16:00:35,승인해주세요 지니님! / 카사네 테토・오토마치 우나,13964237,4193
2026-08-11 17:00:38,승인해주세요 지니님! / 카사네 테토・오토마치 우나,13968890,4653
2026-08-11 18:00:38,승인해주세요 지니님! / 카사네 테토・오토마치 우나,13973661,4771
2026-08-11 19:00:42,승인해주세요 지니님! / 카사네 테토・오토마치 우나,13978783,5122
2026-08-11 20:00:35,승인해주세요 지니님! / 카사네 테토・오토마치 우나,13983819,5036
2026-08-11 21:00:31,승인해주세요 지니님! / 카사네 테토・오토마치 우나,13989239,5420
2026-08-11 22:00:33,승인해주세요 지니님! / 카사네 테토・오토마치 우나,13994826,5587
2026-08-11 23:00:33,승인해주세요 지니님! / 카사네 테토・오토마치 우나,13999607,4781
2026-08-12 00:00:39,승인해주세요 지니님! / 카사네 테토・오토마치 우나,14004984,5377
2026-08-12 02:00:35,승인해주세요 지니님! / 카사네 테토・오토마치 우나,14011384,6400
2026-08-12 03:00:45,승인해주세요 지니님! / 카사네 테토・오토마치 우나,14013945,2561
2026-08-12 04:00:40,승인해주세요 지니님! / 카사네 테토・오토마치 우나,14017968,4023
2026-08-12 05:00:35,승인해주세요 지니님! / 카사네 테토・오토마치 우나,14021123,3155
2026-08-12 06:00:34,승인해주세요 지니님! / 카사네 테토・오토마치 우나,14024420,3297
2026-08-12 07:00:38,승인해주세요 지니님! / 카사네 테토・오토마치 우나,14028124,3704
2026-08-12 08:00:31,승인해주세요 지니님! / 카사네 테토・오토마치 우나,14031935,3811
2026-08-12 09:00:33,승인해주세요 지니님! / 카사네 테토・오토마치 우나,14035667,3732
2026-08-12 10:00:44,승인해주세요 지니님! / 카사네 테토・오토마치 우나,14039906,4239
2026-08-12 11:00:29,승인해주세요 지니님! / 카사네 테토・오토마치 우나,14044021,4115
2026-08-12 12:00:35,승인해주세요 지니님! / 카사네 테토・오토마치 우나,14047694,3673
2026-08-12 13:00:34,승인해주세요 지니님! / 카사네 테토・오토마치 우나,14051776,4082
2026-08-12 14:00:33,승인해주세요 지니님! / 카사네 테토・오토마치 우나,14056070,4294
2026-08-12 15:00:37,승인해주세요 지니님! / 카사네 테토・오토마치 우나,14060441,4371
2026-08-12 16:00:33,승인해주세요 지니님! / 카사네 테토・오토마치 우나,14064777,4336
2026-08-12 17:00:34,승인해주세요 지니님! / 카사네 테토・오토마치 우나,14071102,6325
2026-08-12 18:00:37,승인해주세요 지니님! / 카사네 테토・오토마치 우나,14073987,2885
2026-08-12 19:00:35,승인해주세요 지니님! / 카사네 테토・오토마치 우나,14077675,3688
2026-08-12 20:00:34,승인해주세요 지니님! / 카사네 테토・오토마치 우나,14082449,4774
2026-08-12 21:00:33,승인해주세요 지니님! / 카사네 테토・오토마치 우나,14087857,5408
2026-08-12 22:00:39,승인해주세요 지니님! / 카사네 테토・오토마치 우나,14092309,4452
2026-08-12 23:00:35,승인해주세요 지니님! / 카사네 테토・오토마치 우나,14098439,6130
2026-08-13 00:00:36,승인해주세요 지니님! / 카사네 테토・오토마치 우나,14103629,5190
2026-08-13 01:00:35,승인해주세요 지니님! / 카사네 테토・오토마치 우나,14108046,4417
2026-08-13 02:00:33,승인해주세요 지니님! / 카사네 테토・오토마치 우나,14112317,4271
2026-08-13 03:00:33,승인해주세요 지니님! / 카사네 테토・오토마치 우나,14116213,3896
2026-08-13 04:00:34,승인해주세요 지니님! / 카사네 테토・오토마치 우나,14119750,3537
2026-08-13 05:00:32,승인해주세요 지니님! / 카사네 테토・오토마치 우나,14123357,3607
2026-08-13 06:00:36,승인해주세요 지니님! / 카사네 테토・오토마치 우나,14126896,3539
2026-08-13 07:00:32,승인해주세요 지니님! / 카사네 테토・오토마치 우나,14130006,3110
2026-08-13 08:00:32,승인해주세요 지니님! / 카사네 테토・오토마치 우나,14134010,4004
2026-08-13 09:00:35,승인해주세요 지니님! / 카사네 테토・오토마치 우나,14137188,3178
2026-08-13 10:00:33,승인해주세요 지니님! / 카사네 테토・오토마치 우나,14141451,4263
2026-08-13 11:00:34,승인해주세요 지니님! / 카사네 테토・오토마치 우나,14146036,4585
2026-08-13 12:00:35,승인해주세요 지니님! / 카사네 테토・오토마치 우나,14150332,4296
2026-08-13 13:00:37,승인해주세요 지니님! / 카사네 테토・오토마치 우나,14154681,4349
2026-08-13 14:00:35,승인해주세요 지니님! / 카사네 테토・오토마치 우나,14158809,4128
2026-08-13 15:00:37,승인해주세요 지니님! / 카사네 테토・오토마치 우나,14163210,4401
2026-08-13 16:00:33,승인해주세요 지니님! / 카사네 테토・오토마치 우나,14167814,4604
2026-08-13 17:00:32,승인해주세요 지니님! / 카사네 테토・오토마치 우나,14173929,6115
2026-08-13 18:00:43,승인해주세요 지니님! / 카사네 테토・오토마치 우나,14176772,2843
2026-08-13 19:00:38,승인해주세요 지니님! / 카사네 테토・오토마치 우나,14181148,4376
2026-08-13 20:00:38,승인해주세요 지니님! / 카사네 테토・오토마치 우나,14186093,4945
2026-08-13 21:00:55,승인해주세요 지니님! / 카사네 테토・오토마치 우나,14191626,5533
2026-08-13 22:00:41,승인해주세요 지니님! / 카사네 테토・오토마치 우나,14196991,5365
2026-08-13 23:00:32,승인해주세요 지니님! / 카사네 테토・오토마치 우나,14202549,5558
2026-08-14 00:00:36,승인해주세요 지니님! / 카사네 테토・오토마치 우나,14208193,5644
2026-08-14 01:00:36,승인해주세요 지니님! / 카사네 테토・오토마치 우나,14212309,4116
2026-08-14 02:00:38,승인해주세요 지니님! / 카사네 테토・오토마치 우나,14217039,4730
2026-08-14 03:00:35,승인해주세요 지니님! / 카사네 테토・오토마치 우나,14220871,3832
2026-08-14 04:00:36,승인해주세요 지니님! / 카사네 테토・오토마치 우나,14224765,3894
2026-08-14 05:00:35,승인해주세요 지니님! / 카사네 테토・오토마치 우나,14227867,3102
2026-08-14 06:00:37,승인해주세요 지니님! / 카사네 테토・오토마치 우나,14230944,3077
2026-08-14 07:00:32,승인해주세요 지니님! / 카사네 테토・오토마치 우나,14234579,3635
2026-08-14 08:00:34,승인해주세요 지니님! / 카사네 테토・오토마치 우나,14237907,3328
2026-08-14 09:00:35,승인해주세요 지니님! / 카사네 테토・오토마치 우나,14240976,3069
2026-08-14 10:00:36,승인해주세요 지니님! / 카사네 테토・오토마치 우나,14247364,6388
2026-08-14 11:00:40,승인해주세요 지니님! / 카사네 테토・오토마치 우나,14252177,4813
2026-08-14 12:00:35,승인해주세요 지니님! / 카사네 테토・오토마치 우나,14256140,3963
2026-08-14 13:00:39,승인해주세요 지니님! / 카사네 테토・오토마치 우나,14260316,4176
2026-08-14 14:02:36,승인해주세요 지니님! / 카사네 테토・오토마치 우나,14264657,4341
2026-08-14 16:00:33,승인해주세요 지니님! / 카사네 테토・오토마치 우나,14272710,8053
2026-08-14 17:00:33,승인해주세요 지니님! / 카사네 테토・오토마치 우나,14275907,3197
2026-08-14 18:00:33,승인해주세요 지니님! / 카사네 테토・오토마치 우나,14281763,5856
2026-08-14 19:00:34,승인해주세요 지니님! / 카사네 테토・오토마치 우나,14286388,4625
2026-08-14 20:00:38,승인해주세요 지니님! / 카사네 테토・오토마치 우나,14291239,4851
2026-08-14 21:00:32,승인해주세요 지니님! / 카사네 테토・오토마치 우나,14295896,4657
2026-08-14 22:00:36,승인해주세요 지니님! / 카사네 테토・오토마치 우나,14301143,5247
2026-08-14 23:00:35,승인해주세요 지니님! / 카사네 테토・오토마치 우나,14306736,5593
2026-08-15 00:00:35,승인해주세요 지니님! / 카사네 테토・오토마치 우나,14311171,4435
2026-08-15 01:00:35,승인해주세요 지니님! / 카사네 테토・오토마치 우나,14315576,4405
2026-08-15 02:00:37,승인해주세요 지니님! / 카사네 테토・오토마치 우나,14319009,3433
2026-08-15 03:00:34,승인해주세요 지니님! / 카사네 테토・오토마치 우나,14322241,3232
2026-08-15 04:00:32,승인해주세요 지니님! / 카사네 테토・오토마치 우나,14326615,4374
2026-08-15 05:00:36,승인해주세요 지니님! / 카사네 테토・오토마치 우나,14332863,6248
2026-08-15 06:00:37,승인해주세요 지니님! / 카사네 테토・오토마치 우나,14336273,3410
2026-08-15 07:00:32,승인해주세요 지니님! / 카사네 테토・오토마치 우나,14339706,3433
2026-08-15 08:00:36,승인해주세요 지니님! / 카사네 테토・오토마치 우나,14343171,3465
2026-08-15 09:00:33,승인해주세요 지니님! / 카사네 테토・오토마치 우나,14347450,4279
2026-08-15 10:00:36,승인해주세요 지니님! / 카사네 테토・오토마치 우나,14352035,4585
2026-08-15 11:00:31,승인해주세요 지니님! / 카사네 테토・오토마치 우나,14357028,4993
2026-08-15 12:00:37,승인해주세요 지니님! / 카사네 테토・오토마치 우나,14362449,5421
2026-08-15 13:00:34,승인해주세요 지니님! / 카사네 테토・오토마치 우나,14366675,4226
2026-08-15 14:00:35,승인해주세요 지니님! / 카사네 테토・오토마치 우나,14371741,5066
2026-08-15 15:00:34,승인해주세요 지니님! / 카사네 테토・오토마치 우나,14376293,4552
2026-08-15 16:00:31,승인해주세요 지니님! / 카사네 테토・오토마치 우나,14380947,4654
2026-08-15 17:00:38,승인해주세요 지니님! / 카사네 테토・오토마치 우나,14385667,4720
2026-08-15 18:00:36,승인해주세요 지니님! / 카사네 테토・오토마치 우나,14390711,5044
2026-08-15 19:00:32,승인해주세요 지니님! / 카사네 테토・오토마치 우나,14395250,4539
2026-08-15 20:00:34,승인해주세요 지니님! / 카사네 테토・오토마치 우나,14399788,4538
2026-08-15 21:00:30,승인해주세요 지니님! / 카사네 테토・오토마치 우나,14404513,4725
2026-08-15 22:00:36,승인해주세요 지니님! / 카사네 테토・오토마치 우나,14409695,5182
2026-08-15 23:00:33,승인해주세요 지니님! / 카사네 테토・오토마치 우나,14415395,5700
2026-08-16 00:00:33,승인해주세요 지니님! / 카사네 테토・오토마치 우나,14420056,4661
2026-08-16 01:00:31,승인해주세요 지니님! / 카사네 테토・오토마치 우나,14425201,5145
2026-08-16 02:00:33,승인해주세요 지니님! / 카사네 테토・오토마치 우나,14430134,4933
2026-08-16 03:00:31,승인해주세요 지니님! / 카사네 테토・오토마치 우나,14434022,3888
2026-08-16 04:00:33,승인해주세요 지니님! / 카사네 테토・오토마치 우나,14438265,4243
2026-08-16 05:00:35,승인해주세요 지니님! / 카사네 테토・오토마치 우나,14442231,3966
2026-08-16 06:00:34,승인해주세요 지니님! / 카사네 테토・오토마치 우나,14445379,3148
2026-08-16 07:00:31,승인해주세요 지니님! / 카사네 테토・오토마치 우나,14448635,3256
2026-08-16 08:00:34,승인해주세요 지니님! / 카사네 테토・오토마치 우나,14451921,3286
2026-08-16 09:00:32,승인해주세요 지니님! / 카사네 테토・오토마치 우나,14454939,3018
2026-08-16 10:00:30,승인해주세요 지니님! / 카사네 테토・오토마치 우나,14459373,4434
2026-08-16 11:00:34,승인해주세요 지니님! / 카사네 테토・오토마치 우나,14462972,3599
2026-08-16 12:00:32,승인해주세요 지니님! / 카사네 테토・오토마치 우나,14468624,5652
2026-08-16 13:00:33,승인해주세요 지니님! / 카사네 테토・오토마치 우나,14473227,4603
2026-08-16 14:00:33,승인해주세요 지니님! / 카사네 테토・오토마치 우나,14477393,4166
2026-08-16 15:00:31,승인해주세요 지니님! / 카사네 테토・오토마치 우나,14482067,4674
2026-08-16 16:00:32,승인해주세요 지니님! / 카사네 테토・오토마치 우나,14486689,4622
2026-08-16 17:00:35,승인해주세요 지니님! / 카사네 테토・오토마치 우나,14491308,4619
2026-08-16 18:00:34,승인해주세요 지니님! / 카사네 테토・오토마치 우나,14495546,4238
2026-08-16 19:00:34,승인해주세요 지니님! / 카사네 테토・오토마치 우나,14499945,4399
2026-08-16 20:00:32,승인해주세요 지니님! / 카사네 테토・오토마치 우나,14504104,4159
2026-08-16 21:00:37,승인해주세요 지니님! / 카사네 테토・오토마치 우나,14508865,4761
2026-08-16 22:00:34,승인해주세요 지니님! / 카사네 테토・오토마치 우나,14513120,4255
2026-08-16 23:00:30,승인해주세요 지니님! / 카사네 테토・오토마치 우나,14517977,4857
2026-08-17 00:00:35,승인해주세요 지니님! / 카사네 테토・오토마치 우나,14522478,4501
2026-08-17 01:00:33,승인해주세요 지니님! / 카사네 테토・오토마치 우나,14526663,4185
2026-08-17 02:00:30,승인해주세요 지니님! / 카사네 테토・오토마치 우나,14531468,4805
2026-08-17 03:00:31,승인해주세요 지니님! / 카사네 테토・오토마치 우나,14535265,3797
2026-08-17 04:00:34,승인해주세요 지니님! / 카사네 테토・오토마치 우나,14538918,3653
2026-08-17 05:00:34,승인해주세요 지니님! / 카사네 테토・오토마치 우나,14542453,3535
2026-08-17 06:00:30,승인해주세요 지니님! / 카사네 테토・오토마치 우나,14545605,3152
2026-08-17 07:00:30,승인해주세요 지니님! / 카사네 테토・오토마치 우나,14548829,3224
2026-08-17 08:00:34,승인해주세요 지니님! / 카사네 테토・오토마치 우나,14551968,3139
2026-08-17 09:00:30,승인해주세요 지니님! / 카사네 테토・오토마치 우나,14555078,3110
2026-08-17 10:00:38,승인해주세요 지니님! / 카사네 테토・오토마치 우나,14559074,3996
2026-08-17 11:00:36,승인해주세요 지니님! / 카사네 테토・오토마치 우나,14562644,3570
2026-08-17 12:00:30,승인해주세요 지니님! / 카사네 테토・오토마치 우나,14566936,4292
2026-08-17 13:00:32,승인해주세요 지니님! / 카사네 테토・오토마치 우나,14571095,4159
2026-08-17 14:00:34,승인해주세요 지니님! / 카사네 테토・오토마치 우나,14575221,4126
2026-08-17 15:00:32,승인해주세요 지니님! / 카사네 테토・오토마치 우나,14579272,4051
2026-08-17 16:00:33,승인해주세요 지니님! / 카사네 테토・오토마치 우나,14583534,4262
2026-08-17 17:00:47,승인해주세요 지니님! / 카사네 테토・오토마치 우나,14587867,4333
2026-08-17 18:00:31,승인해주세요 지니님! / 카사네 테토・오토마치 우나,14591963,4096
2026-08-17 19:00:33,승인해주세요 지니님! / 카사네 테토・오토마치 우나,14596048,4085
2026-08-17 20:00:32,승인해주세요 지니님! / 카사네 테토・오토마치 우나,14600068,4020
2026-08-17 21:00:37,승인해주세요 지니님! / 카사네 테토・오토마치 우나,14604564,4496
2026-08-17 22:00:35,승인해주세요 지니님! / 카사네 테토・오토마치 우나,14609632,5068
2026-08-17 23:00:34,승인해주세요 지니님! / 카사네 테토・오토마치 우나,14613409,3777
2026-08-18 00:00:34,승인해주세요 지니님! / 카사네 테토・오토마치 우나,14617237,3828
2026-08-18 01:00:33,승인해주세요 지니님! / 카사네 테토・오토마치 우나,14620575,3338
2026-08-18 02:00:37,승인해주세요 지니님! / 카사네 테토・오토마치 우나,14623640,3065
2026-08-18 03:00:41,승인해주세요 지니님! / 카사네 테토・오토마치 우나,14627041,3401
2026-08-18 04:00:32,승인해주세요 지니님! / 카사네 테토・오토마치 우나,14630042,3001
2026-08-18 05:00:29,승인해주세요 지니님! / 카사네 테토・오토마치 우나,14634143,4101
2026-08-18 06:00:35,승인해주세요 지니님! / 카사네 테토・오토마치 우나,14637935,3792
2026-08-18 07:00:37,승인해주세요 지니님! / 카사네 테토・오토마치 우나,14641212,3277
2026-08-18 08:00:32,승인해주세요 지니님! / 카사네 테토・오토마치 우나,14644592,3380
2026-08-18 09:00:35,승인해주세요 지니님! / 카사네 테토・오토마치 우나,14648270,3678
2026-08-18 10:00:33,승인해주세요 지니님! / 카사네 테토・오토마치 우나,14651910,3640
2026-08-18 11:00:37,승인해주세요 지니님! / 카사네 테토・오토마치 우나,14655586,3676
2026-08-18 12:00:35,승인해주세요 지니님! / 카사네 테토・오토마치 우나,14658907,3321
2026-08-18 13:00:34,승인해주세요 지니님! / 카사네 테토・오토마치 우나,14662402,3495
2026-08-18 14:00:45,승인해주세요 지니님! / 카사네 테토・오토마치 우나,14665862,3460
2026-08-18 15:00:32,승인해주세요 지니님! / 카사네 테토・오토마치 우나,14669013,3151
2026-08-18 16:00:45,승인해주세요 지니님! / 카사네 테토・오토마치 우나,14672102,3089
2026-08-18 17:00:35,승인해주세요 지니님! / 카사네 테토・오토마치 우나,14676250,4148
2026-08-18 18:00:33,승인해주세요 지니님! / 카사네 테토・오토마치 우나,14679683,3433
2026-08-18 19:00:35,승인해주세요 지니님! / 카사네 테토・오토마치 우나,14684235,4552
2026-08-18 20:00:34,승인해주세요 지니님! / 카사네 테토・오토마치 우나,14688058,3823
2026-08-18 21:00:37,승인해주세요 지니님! / 카사네 테토・오토마치 우나,14692683,4625
2026-08-18 22:00:39,승인해주세요 지니님! / 카사네 테토・오토마치 우나,14696293,3610
2026-08-18 23:00:35,승인해주세요 지니님! / 카사네 테토・오토마치 우나,14701203,4910
2026-08-19 00:00:37,승인해주세요 지니님! / 카사네 테토・오토마치 우나,14705226,4023
2026-08-19 01:00:37,승인해주세요 지니님! / 카사네 테토・오토마치 우나,14709731,4505
2026-08-19 02:00:35,승인해주세요 지니님! / 카사네 테토・오토마치 우나,14713975,4244
2026-08-19 03:00:34,승인해주세요 지니님! / 카사네 테토・오토마치 우나,14717107,3132
2026-08-19 04:00:44,승인해주세요 지니님! / 카사네 테토・오토마치 우나,14719579,2472
2026-08-19 05:00:32,승인해주세요 지니님! / 카사네 테토・오토마치 우나,14723400,3821
2026-08-19 06:00:35,승인해주세요 지니님! / 카사네 테토・오토마치 우나,14726457,3057
2026-08-19 07:00:31,승인해주세요 지니님! / 카사네 테토・오토마치 우나,14729456,2999
2026-08-19 08:00:33,승인해주세요 지니님! / 카사네 테토・오토마치 우나,14732946,3490
2026-08-19 09:00:34,승인해주세요 지니님! / 카사네 테토・오토마치 우나,14736896,3950
2026-08-19 10:00:33,승인해주세요 지니님! / 카사네 테토・오토마치 우나,14740613,3717
2026-08-19 11:00:31,승인해주세요 지니님! / 카사네 테토・오토마치 우나,14743206,2593
2026-08-19 12:00:33,승인해주세요 지니님! / 카사네 테토・오토마치 우나,14745624,2418
2026-08-19 13:00:30,승인해주세요 지니님! / 카사네 테토・오토마치 우나,14749003,3379
2026-08-19 14:00:32,승인해주세요 지니님! / 카사네 테토・오토마치 우나,14752391,3388
2026-08-19 15:00:33,승인해주세요 지니님! / 카사네 테토・오토마치 우나,14755610,3219
2026-08-19 16:00:34,승인해주세요 지니님! / 카사네 테토・오토마치 우나,14759399,3789
2026-08-19 17:00:33,승인해주세요 지니님! / 카사네 테토・오토마치 우나,14764942,5543
2026-08-19 18:00:36,승인해주세요 지니님! / 카사네 테토・오토마치 우나,14768035,3093
2026-08-19 19:00:37,승인해주세요 지니님! / 카사네 테토・오토마치 우나,14772796,4761
2026-08-19 20:00:36,승인해주세요 지니님! / 카사네 테토・오토마치 우나,14776138,3342
2026-08-19 21:00:37,승인해주세요 지니님! / 카사네 테토・오토마치 우나,14779730,3592
2026-08-19 22:00:37,승인해주세요 지니님! / 카사네 테토・오토마치 우나,14787305,7575
2026-08-19 23:00:33,승인해주세요 지니님! / 카사네 테토・오토마치 우나,14792903,5598
2026-08-20 00:00:36,승인해주세요 지니님! / 카사네 테토・오토마치 우나,14796893,3990
2026-08-20 01:00:38,승인해주세요 지니님! / 카사네 테토・오토마치 우나,14800757,3864
2026-08-20 02:00:36,승인해주세요 지니님! / 카사네 테토・오토마치 우나,14804314,3557
2026-08-20 03:00:33,승인해주세요 지니님! / 카사네 테토・오토마치 우나,14807601,3287
2026-08-20 04:00:34,승인해주세요 지니님! / 카사네 테토・오토마치 우나,14810968,3367
2026-08-20 05:00:36,승인해주세요 지니님! / 카사네 테토・오토마치 우나,14814142,3174
2026-08-20 06:00:33,승인해주세요 지니님! / 카사네 테토・오토마치 우나,14817094,2952
2026-08-20 07:00:41,승인해주세요 지니님! / 카사네 테토・오토마치 우나,14820159,3065
2026-08-20 08:00:36,승인해주세요 지니님! / 카사네 테토・오토마치 우나,14823662,3503
2026-08-20 09:00:29,승인해주세요 지니님! / 카사네 테토・오토마치 우나,14827396,3734
2026-08-20 10:00:39,승인해주세요 지니님! / 카사네 테토・오토마치 우나,14830578,3182
2026-08-20 11:00:32,승인해주세요 지니님! / 카사네 테토・오토마치 우나,14834365,3787
2026-08-20 12:00:36,승인해주세요 지니님! / 카사네 테토・오토마치 우나,14837798,3433
2026-08-20 13:00:40,승인해주세요 지니님! / 카사네 테토・오토마치 우나,14841120,3322
2026-08-20 14:00:40,승인해주세요 지니님! / 카사네 테토・오토마치 우나,14843993,2873
2026-08-20 15:00:39,승인해주세요 지니님! / 카사네 테토・오토마치 우나,14847265,3272
2026-08-20 16:00:33,승인해주세요 지니님! / 카사네 테토・오토마치 우나,14850805,3540
2026-08-20 17:00:32,승인해주세요 지니님! / 카사네 테토・오토마치 우나,14854543,3738
2026-08-20 18:00:34,승인해주세요 지니님! / 카사네 테토・오토마치 우나,14858262,3719
2026-08-20 19:00:34,승인해주세요 지니님! / 카사네 테토・오토마치 우나,14862395,4133
2026-08-20 20:00:36,승인해주세요 지니님! / 카사네 테토・오토마치 우나,14866631,4236
2026-08-20 21:00:36,승인해주세요 지니님! / 카사네 테토・오토마치 우나,14871195,4564
2026-08-20 22:00:38,승인해주세요 지니님! / 카사네 테토・오토마치 우나,14876697,5502
2026-08-20 23:00:36,승인해주세요 지니님! / 카사네 테토・오토마치 우나,14881488,4791
2026-08-21 00:00:36,승인해주세요 지니님! / 카사네 테토・오토마치 우나,14885531,4043
2026-08-21 01:00:36,승인해주세요 지니님! / 카사네 테토・오토마치 우나,14889521,3990
2026-08-21 02:00:37,승인해주세요 지니님! / 카사네 테토・오토마치 우나,14892946,3425
2026-08-21 03:00:36,승인해주세요 지니님! / 카사네 테토・오토마치 우나,14895655,2709
2026-08-21 04:00:35,승인해주세요 지니님! / 카사네 테토・오토마치 우나,14899198,3543
2026-08-21 05:00:33,승인해주세요 지니님! / 카사네 테토・오토마치 우나,14902414,3216
2026-08-21 06:00:36,승인해주세요 지니님! / 카사네 테토・오토마치 우나,14905378,2964
2026-08-21 07:00:35,승인해주세요 지니님! / 카사네 테토・오토마치 우나,14908185,2807
2026-08-21 08:00:36,승인해주세요 지니님! / 카사네 테토・오토마치 우나,14911782,3597
2026-08-21 09:00:37,승인해주세요 지니님! / 카사네 테토・오토마치 우나,14915813,4031
2026-08-21 10:00:38,승인해주세요 지니님! / 카사네 테토・오토마치 우나,14919368,3555
2026-08-21 11:00:31,승인해주세요 지니님! / 카사네 테토・오토마치 우나,14922880,3512
2026-08-21 12:00:34,승인해주세요 지니님! / 카사네 테토・오토마치 우나,14925565,2685
2026-08-21 13:00:34,승인해주세요 지니님! / 카사네 테토・오토마치 우나,14928969,3404
2026-08-21 14:00:34,승인해주세요 지니님! / 카사네 테토・오토마치 우나,14933164,4195
2026-08-21 15:00:33,승인해주세요 지니님! / 카사네 테토・오토마치 우나,14935723,2559
2026-08-21 16:00:31,승인해주세요 지니님! / 카사네 테토・오토마치 우나,14939613,3890
2026-08-21 17:00:40,승인해주세요 지니님! / 카사네 테토・오토마치 우나,14943836,4223
2026-08-21 18:00:32,승인해주세요 지니님! / 카사네 테토・오토마치 우나,14947963,4127
2026-08-21 19:00:35,승인해주세요 지니님! / 카사네 테토・오토마치 우나,14952918,4955
2026-08-21 20:00:38,승인해주세요 지니님! / 카사네 테토・오토마치 우나,14957317,4399
2026-08-21 21:00:33,승인해주세요 지니님! / 카사네 테토・오토마치 우나,14962017,4700
2026-08-21 22:00:35,승인해주세요 지니님! / 카사네 테토・오토마치 우나,14967079,5062
2026-08-21 23:00:37,승인해주세요 지니님! / 카사네 테토・오토마치 우나,14971647,4568
2026-08-22 00:00:38,승인해주세요 지니님! / 카사네 테토・오토마치 우나,14975979,4332
2026-08-22 01:00:35,승인해주세요 지니님! / 카사네 테토・오토마치 우나,14980262,4283
2026-08-22 02:00:31,승인해주세요 지니님! / 카사네 테토・오토마치 우나,14984745,4483
2026-08-22 03:00:35,승인해주세요 지니님! / 카사네 테토・오토마치 우나,14987923,3178
2026-08-22 04:00:35,승인해주세요 지니님! / 카사네 테토・오토마치 우나,14991948,4025
2026-08-22 05:00:36,승인해주세요 지니님! / 카사네 테토・오토마치 우나,14995111,3163
2026-08-22 06:00:33,승인해주세요 지니님! / 카사네 테토・오토마치 우나,14998441,3330
2026-08-22 07:00:32,승인해주세요 지니님! / 카사네 테토・오토마치 우나,15001660,3219
2026-08-22 08:00:34,승인해주세요 지니님! / 카사네 테토・오토마치 우나,15005032,3372
2026-08-22 09:00:37,승인해주세요 지니님! / 카사네 테토・오토마치 우나,15008548,3516
2026-08-22 10:00:34,승인해주세요 지니님! / 카사네 테토・오토마치 우나,15013442,4894
2026-08-22 11:00:36,승인해주세요 지니님! / 카사네 테토・오토마치 우나,15017501,4059
2026-08-22 12:00:35,승인해주세요 지니님! / 카사네 테토・오토마치 우나,15022726,5225
2026-08-22 13:00:32,승인해주세요 지니님! / 카사네 테토・오토마치 우나,15027151,4425
2026-08-22 14:00:34,승인해주세요 지니님! / 카사네 테토・오토마치 우나,15031770,4619
2026-08-22 15:00:29,승인해주세요 지니님! / 카사네 테토・오토마치 우나,15036278,4508
2026-08-22 16:00:32,승인해주세요 지니님! / 카사네 테토・오토마치 우나,15041016,4738
2026-08-22 17:00:34,승인해주세요 지니님! / 카사네 테토・오토마치 우나,15045619,4603
2026-08-22 18:00:31,승인해주세요 지니님! / 카사네 테토・오토마치 우나,15050044,4425
2026-08-22 19:00:37,승인해주세요 지니님! / 카사네 테토・오토마치 우나,15054271,4227
2026-08-22 20:00:39,승인해주세요 지니님! / 카사네 테토・오토마치 우나,15059022,4751
2026-08-22 21:00:32,승인해주세요 지니님! / 카사네 테토・오토마치 우나,15063646,4624
2026-08-22 22:00:34,승인해주세요 지니님! / 카사네 테토・오토마치 우나,15068783,5137
2026-08-22 23:00:34,승인해주세요 지니님! / 카사네 테토・오토마치 우나,15074374,5591
2026-08-23 00:00:33,승인해주세요 지니님! / 카사네 테토・오토마치 우나,15079759,5385
2026-08-23 01:00:33,승인해주세요 지니님! / 카사네 테토・오토마치 우나,15084868,5109
2026-08-23 02:00:43,승인해주세요 지니님! / 카사네 테토・오토마치 우나,15088990,4122
2026-08-23 03:00:36,승인해주세요 지니님! / 카사네 테토・오토마치 우나,15093667,4677
2026-08-23 04:00:40,승인해주세요 지니님! / 카사네 테토・오토마치 우나,15097692,4025
2026-08-23 05:00:31,승인해주세요 지니님! / 카사네 테토・오토마치 우나,15101378,3686
2026-08-23 06:00:33,승인해주세요 지니님! / 카사네 테토・오토마치 우나,15105060,3682
2026-08-23 07:00:30,승인해주세요 지니님! / 카사네 테토・오토마치 우나,15107751,2691
2026-08-23 08:00:28,승인해주세요 지니님! / 카사네 테토・오토마치 우나,15111101,3350
2026-08-23 09:00:34,승인해주세요 지니님! / 카사네 테토・오토마치 우나,15114762,3661
2026-08-23 10:00:36,승인해주세요 지니님! / 카사네 테토・오토마치 우나,15118921,4159
2026-08-23 11:00:34,승인해주세요 지니님! / 카사네 테토・오토마치 우나,15123624,4703
2026-08-23 12:00:33,승인해주세요 지니님! / 카사네 테토・오토마치 우나,15128310,4686
2026-08-23 13:00:32,승인해주세요 지니님! / 카사네 테토・오토마치 우나,15132862,4552
2026-08-23 14:00:32,승인해주세요 지니님! / 카사네 테토・오토마치 우나,15137685,4823
2026-08-23 15:00:32,승인해주세요 지니님! / 카사네 테토・오토마치 우나,15141925,4240
2026-08-23 16:00:33,승인해주세요 지니님! / 카사네 테토・오토마치 우나,15146352,4427
2026-08-23 17:00:32,승인해주세요 지니님! / 카사네 테토・오토마치 우나,15151125,4773
2026-08-23 18:00:29,승인해주세요 지니님! / 카사네 테토・오토마치 우나,15155506,4381
2026-08-23 19:00:36,승인해주세요 지니님! / 카사네 테토・오토마치 우나,15159892,4386
2026-08-23 20:00:35,승인해주세요 지니님! / 카사네 테토・오토마치 우나,15164725,4833
2026-08-23 21:00:33,승인해주세요 지니님! / 카사네 테토・오토마치 우나,15168374,3649
2026-08-23 22:00:32,승인해주세요 지니님! / 카사네 테토・오토마치 우나,15174213,5839
2026-08-23 23:00:36,승인해주세요 지니님! / 카사네 테토・오토마치 우나,15178662,4449
2026-08-24 00:00:41,승인해주세요 지니님! / 카사네 테토・오토마치 우나,15183875,5213
2026-08-24 01:00:31,승인해주세요 지니님! / 카사네 테토・오토마치 우나,15188441,4566
2026-08-24 02:00:34,승인해주세요 지니님! / 카사네 테토・오토마치 우나,15192690,4249
2026-08-24 03:00:33,승인해주세요 지니님! / 카사네 테토・오토마치 우나,15196361,3671
2026-08-24 04:00:34,승인해주세요 지니님! / 카사네 테토・오토마치 우나,15200297,3936
2026-08-24 05:00:32,승인해주세요 지니님! / 카사네 테토・오토마치 우나,15203849,3552
2026-08-24 06:00:33,승인해주세요 지니님! / 카사네 테토・오토마치 우나,15207029,3180
2026-08-24 07:00:35,승인해주세요 지니님! / 카사네 테토・오토마치 우나,15210514,3485
2026-08-24 08:00:33,승인해주세요 지니님! / 카사네 테토・오토마치 우나,15213924,3410
2026-08-24 09:00:33,승인해주세요 지니님! / 카사네 테토・오토마치 우나,15217838,3914
2026-08-24 10:00:36,승인해주세요 지니님! / 카사네 테토・오토마치 우나,15221764,3926
2026-08-24 11:00:33,승인해주세요 지니님! / 카사네 테토・오토마치 우나,15225001,3237
2026-08-24 12:00:33,승인해주세요 지니님! / 카사네 테토・오토마치 우나,15228482,3481
2026-08-24 13:00:32,승인해주세요 지니님! / 카사네 테토・오토마치 우나,15231882,3400
2026-08-24 14:00:34,승인해주세요 지니님! / 카사네 테토・오토마치 우나,15235389,3507
2026-08-24 15:00:35,승인해주세요 지니님! / 카사네 테토・오토마치 우나,15238903,3514
2026-08-24 16:00:33,승인해주세요 지니님! / 카사네 테토・오토마치 우나,15242457,3554
2026-08-24 17:00:33,승인해주세요 지니님! / 카사네 테토・오토마치 우나,15246702,4245
2026-08-24 18:00:34,승인해주세요 지니님! / 카사네 테토・오토마치 우나,15250781,4079
2026-08-24 19:00:44,승인해주세요 지니님! / 카사네 테토・오토마치 우나,15255212,4431
2026-08-24 20:00:38,승인해주세요 지니님! / 카사네 테토・오토마치 우나,15259800,4588
2026-08-24 21:00:36,승인해주세요 지니님! / 카사네 테토・오토마치 우나,15265032,5232
2026-08-24 22:00:37,승인해주세요 지니님! / 카사네 테토・오토마치 우나,15269823,4791
2026-08-24 23:00:39,승인해주세요 지니님! / 카사네 테토・오토마치 우나,15274342,4519
2026-08-25 00:00:38,승인해주세요 지니님! / 카사네 테토・오토마치 우나,15277806,3464
2026-08-25 01:00:34,승인해주세요 지니님! / 카사네 테토・오토마치 우나,15281943,4137
2026-08-25 02:00:37,승인해주세요 지니님! / 카사네 테토・오토마치 우나,15286271,4328
2026-08-25 03:00:40,승인해주세요 지니님! / 카사네 테토・오토마치 우나,15290371,4100
2026-08-25 04:00:36,승인해주세요 지니님! / 카사네 테토・오토마치 우나,15294105,3734
2026-08-25 05:00:37,승인해주세요 지니님! / 카사네 테토・오토마치 우나,15297567,3462
2026-08-25 06:00:32,승인해주세요 지니님! / 카사네 테토・오토마치 우나,15301290,3723
2026-08-25 07:00:36,승인해주세요 지니님! / 카사네 테토・오토마치 우나,15304514,3224
2026-08-25 08:00:33,승인해주세요 지니님! / 카사네 테토・오토마치 우나,15308733,4219
2026-08-25 09:00:29,승인해주세요 지니님! / 카사네 테토・오토마치 우나,15312651,3918
2026-08-25 10:00:31,승인해주세요 지니님! / 카사네 테토・오토마치 우나,15316865,4214
2026-08-25 11:00:36,승인해주세요 지니님! / 카사네 테토・오토마치 우나,15321116,4251
2026-08-25 12:00:34,승인해주세요 지니님! / 카사네 테토・오토마치 우나,15325163,4047
2026-08-25 13:00:39,승인해주세요 지니님! / 카사네 테토・오토마치 우나,15328634,3471
2026-08-25 14:00:32,승인해주세요 지니님! / 카사네 테토・오토마치 우나,15332299,3665
2026-08-25 15:00:38,승인해주세요 지니님! / 카사네 테토・오토마치 우나,15336005,3706
2026-08-25 16:00:34,승인해주세요 지니님! / 카사네 테토・오토마치 우나,15339744,3739
2026-08-25 17:00:32,승인해주세요 지니님! / 카사네 테토・오토마치 우나,15345021,5277
2026-08-25 18:00:30,승인해주세요 지니님! / 카사네 테토・오토마치 우나,15348074,3053
2026-08-25 19:00:36,승인해주세요 지니님! / 카사네 테토・오토마치 우나,15351561,3487
2026-08-25 20:00:37,승인해주세요 지니님! / 카사네 테토・오토마치 우나,15358080,6519
2026-08-25 21:00:36,승인해주세요 지니님! / 카사네 테토・오토마치 우나,15364159,6079
2026-08-25 22:00:40,승인해주세요 지니님! / 카사네 테토・오토마치 우나,15368842,4683
2026-08-25 23:00:39,승인해주세요 지니님! / 카사네 테토・오토마치 우나,15373606,4764
2026-08-26 00:00:36,승인해주세요 지니님! / 카사네 테토・오토마치 우나,15378549,4943
2026-08-26 01:00:36,승인해주세요 지니님! / 카사네 테토・오토마치 우나,15382471,3922
2026-08-26 02:00:34,승인해주세요 지니님! / 카사네 테토・오토마치 우나,15386654,4183
2026-08-26 03:00:33,승인해주세요 지니님! / 카사네 테토・오토마치 우나,15389992,3338
2026-08-26 04:00:37,승인해주세요 지니님! / 카사네 테토・오토마치 우나,15393166,3174
2026-08-26 05:00:40,승인해주세요 지니님! / 카사네 테토・오토마치 우나,15396036,2870
2026-08-26 06:00:36,승인해주세요 지니님! / 카사네 테토・오토마치 우나,15399714,3678
2026-08-26 07:00:40,승인해주세요 지니님! / 카사네 테토・오토마치 우나,15402897,3183
2026-08-26 08:00:34,승인해주세요 지니님! / 카사네 테토・오토마치 우나,15407048,4151
2026-08-26 09:00:31,승인해주세요 지니님! / 카사네 테토・오토마치 우나,15411242,4194
2026-08-26 10:00:32,승인해주세요 지니님! / 카사네 테토・오토마치 우나,15414911,3669
2026-08-26 11:00:32,승인해주세요 지니님! / 카사네 테토・오토마치 우나,15418586,3675
2026-08-26 12:00:32,승인해주세요 지니님! / 카사네 테토・오토마치 우나,15421782,3196
2026-08-26 13:00:36,승인해주세요 지니님! / 카사네 테토・오토마치 우나,15424728,2946
2026-08-26 14:00:35,승인해주세요 지니님! / 카사네 테토・오토마치 우나,15427456,2728
2026-08-26 15:00:35,승인해주세요 지니님! / 카사네 테토・오토마치 우나,15430850,3394
2026-08-26 16:00:32,승인해주세요 지니님! / 카사네 테토・오토마치 우나,15433880,3030
